// Code generated by tools/cjkcodecs_go. DO NOT EDIT.
// Source: CPython Modules/cjkcodecs/mappings_hk.h

package cjkcodecs

var _big5hkscs_decmap_flat = [6219]uint16{
	0x43f0, 0x4c32, 0x4603, 0x45a6, 0x4578, 0x7267, 0x4d77, 0x45b3, 0x7cb1, 0x4ce2, 0x7cc5, 0x3b95,
	0x4736, 0x4744, 0x4c47, 0x4c40, 0x42bf, 0x3617, 0x7352, 0x6e8b, 0x70d2, 0x4c57, 0xa351, 0x474f,
	0x45da, 0x4c85, 0x7c6c, 0x4d07, 0x4aa4, 0x46a1, 0x6b23, 0x7225, 0x5a54, 0x1a63, 0x3e06, 0x3f61,
	0x664d, 0x56fb, 0xfffe, 0x7d95, 0x591d, 0x8bb9, 0x3df4, 0x9734, 0x7bef, 0x5bdb, 0x1d5e, 0x5aa4,
	0x3625, 0x9eb0, 0x5ad1, 0x5bb7, 0x5cfc, 0x676e, 0x8593, 0x9945, 0x7461, 0x749d, 0x31c0, 0x31c1,
	0x31c2, 0x31c3, 0x31c4, 0x10c, 0x31c5, 0xd1, 0xcd, 0x31c6, 0x31c7, 0xcb, 0x1fe8, 0x31c8,
	0xca, 0x31c9, 0x31ca, 0x31cb, 0x31cc, 0x10e, 0x31cd, 0x31ce, 0x100, 0xc1, 0x1cd, 0xc0,
	0x112, 0xc9, 0x11a, 0xc8, 0x14c, 0xd3, 0x1d1, 0xd2, 0xfffe, 0x1ebe, 0xfffe, 0x1ec0,
	0xca, 0x101, 0xe1, 0x1ce, 0xe0, 0x251, 0x113, 0xe9, 0x11b, 0xe8, 0x12b, 0xed,
	0x1d0, 0xec, 0x14d, 0xf3, 0x1d2, 0xf2, 0x16b, 0xfa, 0x1d4, 0xf9, 0x1d6, 0x1d8,
	0x1da, 0xfffe, 0xfffe, 0xfffe, 0xfffe, 0xfffe, 0xfffe, 0xfffe, 0xfffe, 0xfffe, 0xfffe, 0xfffe,
	0xfffe, 0xfffe, 0xfffe, 0xfffe, 0xfffe, 0xfffe, 0xfffe, 0xfffe, 0xfffe, 0xfffe, 0xfffe, 0xfffe,
	0xfffe, 0xfffe, 0xfffe, 0xfffe, 0xfffe, 0xfffe, 0xfffe, 0xfffe, 0xfffe, 0xfffe, 0xfffe, 0x1dc,
	0xfc, 0xfffe, 0x1ebf, 0xfffe, 0x1ec1, 0xea, 0x261, 0x23da, 0x23db, 0xa3a9, 0x1145, 0xfffe,
	0x650a, 0xfffe, 0xfffe, 0x4e3d, 0x6edd, 0x9d4e, 0x91df, 0xfffe, 0xfffe, 0x7735, 0x6491, 0x4f1a,
	0x4f28, 0x4fa8, 0x5156, 0x5174, 0x519c, 0x51e4, 0x52a1, 0x52a8, 0x533b, 0x534e, 0x53d1, 0x53d8,
	0x56e2, 0x58f0, 0x5904, 0x5907, 0x5932, 0x5934, 0x5b66, 0x5b9e, 0x5b9f, 0x5c9a, 0x5e86, 0x603b,
	0x6589, 0x67fe, 0x6804, 0x6865, 0x6d4e, 0x70bc, 0x7535, 0x7ea4, 0x7eac, 0x7eba, 0x7ec7, 0x7ecf,
	0x7edf, 0x7f06, 0x7f37, 0x827a, 0x82cf, 0x836f, 0x89c6, 0x8bbe, 0x8be2, 0x8f66, 0x8f67, 0x8f6e,
	0xfffe, 0xfffe, 0xfffe, 0xfffe, 0xfffe, 0xfffe, 0xfffe, 0xfffe, 0xfffe, 0xfffe, 0xfffe, 0xfffe,
	0xfffe, 0xfffe, 0xfffe, 0xfffe, 0xfffe, 0xfffe, 0xfffe, 0xfffe, 0xfffe, 0xfffe, 0xfffe, 0xfffe,
	0xfffe, 0xfffe, 0xfffe, 0xfffe, 0xfffe, 0xfffe, 0xfffe, 0xfffe, 0xfffe, 0xfffe, 0x7411, 0x7cfc,
	0x7dcd, 0x6946, 0x7ac9, 0x5227, 0xfffe, 0xfffe, 0xfffe, 0xfffe, 0x918c, 0x78b8, 0x915e, 0x80bc,
	0xfffe, 0x8d0b, 0x80f6, 0x9e7, 0xfffe, 0xfffe, 0x809f, 0x9ec7, 0x4ccd, 0x9dc9, 0x9e0c, 0x4c3e,
	0x9df6, 0x700e, 0x9e0a, 0xa133, 0x35c1, 0xfffe, 0x6e9a, 0x823e, 0x7519, 0xfffe, 0x4911, 0x9a6c,
	0x9a8f, 0x9f99, 0x7987, 0x846c, 0x1dca, 0x5d0, 0x2ae6, 0x4e24, 0x4e81, 0x4e80, 0x4e87, 0x4ebf,
	0x4eeb, 0x4f37, 0x344c, 0x4fbd, 0x3e48, 0x5003, 0x5088, 0x347d, 0x3493, 0x34a5, 0x5186, 0x5905,
	0x51db, 0x51fc, 0x5205, 0x4e89, 0x5279, 0x5290, 0x5327, 0x35c7, 0x53a9, 0x3551, 0x53b0, 0x3553,
	0x53c2, 0x5423, 0x356d, 0x3572, 0x3681, 0x5493, 0x54a3, 0x54b4, 0x54b9, 0x54d0, 0x54ef, 0x5518,
	0x5523, 0x5528, 0x3598, 0x553f, 0x35a5, 0x35bf, 0x55d7, 0x35c5, 0x7d84, 0x5525, 0xfffe, 0xc42,
	0xd15, 0x512b, 0x5590, 0x2cc6, 0x39ec, 0x341, 0x8e46, 0x4db8, 0x94e5, 0x4053, 0x80be, 0x777a,
	0x2c38, 0x3a34, 0x47d5, 0x815d, 0x69f2, 0x4dea, 0x64dd, 0xd7c, 0xfb4, 0xcd5, 0x10f4, 0x648d,
	0x8e7e, 0xe96, 0xc0b, 0xf64, 0x2ca9, 0x8256, 0x44d3, 0xfffe, 0xd46, 0x9a4d, 0x80e9, 0x47f4,
	0x4ea7, 0x2cc2, 0x9ab2, 0x3a67, 0x95f4, 0x3fed, 0x3506, 0x52c7, 0x97d4, 0x78c8, 0x2d44, 0x9d6e,
	0x9815, 0xfffe, 0x43d9, 0x60a5, 0x64b4, 0x54e3, 0x2d4c, 0x2bca, 0x1077, 0x39fb, 0x106f, 0xfffe,
	0xfffe, 0xfffe, 0xfffe, 0xfffe, 0xfffe, 0xfffe, 0xfffe, 0xfffe, 0xfffe, 0xfffe, 0xfffe, 0xfffe,
	0xfffe, 0xfffe, 0xfffe, 0xfffe, 0xfffe, 0xfffe, 0xfffe, 0xfffe, 0xfffe, 0xfffe, 0xfffe, 0xfffe,
	0xfffe, 0xfffe, 0xfffe, 0xfffe, 0xfffe, 0xfffe, 0xfffe, 0xfffe, 0xfffe, 0x66da, 0x6716, 0x79a0,
	0x64ea, 0x5052, 0xc43, 0x8e68, 0x21a1, 0x8b4c, 0x731, 0xfffe, 0x480b, 0x1a9, 0x3ffa, 0x5873,
	0x2d8d, 0xfffe, 0x45c8, 0x4fc, 0x6097, 0xf4c, 0xd96, 0x5579, 0x40bb, 0x43ba, 0xfffe, 0x4ab4,
	0x2a66, 0x109d, 0x81aa, 0x98f5, 0xd9c, 0x6379, 0x39fe, 0x2775, 0x8dc0, 0x56a1, 0x647c, 0x3e43,
	0xfffe, 0xa601, 0xe09, 0x2acf, 0x2cc9, 0xfffe, 0x10c8, 0x39c2, 0x3992, 0x3a06, 0x829b, 0x3578,
	0x5e49, 0x20c7, 0x5652, 0xf31, 0x2cb2, 0x9720, 0x34bc, 0x6c3d, 0x4e3b, 0xfffe, 0xfffe, 0x7574,
	0x2e8b, 0x2208, 0xa65b, 0x8ccd, 0xe7a, 0xc34, 0x681c, 0x7f93, 0x10cf, 0x2803, 0x2939, 0x35fb,
	0x51e3, 0xe8c, 0xf8d, 0xeaa, 0x3f93, 0xf30, 0xd47, 0x114f, 0xe4c, 0xfffe, 0xeab, 0xba9,
	0xd48, 0x10c0, 0x113d, 0x3ff9, 0x2696, 0x6432, 0xfad, 0x33f4, 0x7639, 0x2bce, 0xd7e, 0xd7f,
	0x2c51, 0x2c55, 0x3a18, 0xe98, 0x10c7, 0xf2e, 0xa632, 0x6b50, 0x8cd2, 0x8d99, 0x8cca, 0x95aa,
	0x54cc, 0x82c4, 0x55b9, 0xfffe, 0x9ec3, 0x9c26, 0x9ab6, 0x775e, 0x2dee, 0x7140, 0x816d, 0x80ec,
	0x5c1c, 0x6572, 0x8134, 0x3797, 0x535f, 0x80bd, 0x91b6, 0xefa, 0xe0f, 0xe77, 0xefb, 0x35dd,
	0x4deb, 0x3609, 0xcd6, 0x56af, 0x27b5, 0x10c9, 0xe10, 0xe78, 0x1078, 0x1148, 0x8207, 0x1455,
	0xe79, 0x4e50, 0x2da4, 0x5a54, 0x101d, 0x101e, 0x10f5, 0x10f6, 0x579c, 0xe11, 0xfffe, 0xfffe,
	0xfffe, 0xfffe, 0xfffe, 0xfffe, 0xfffe, 0xfffe, 0xfffe, 0xfffe, 0xfffe, 0xfffe, 0xfffe, 0xfffe,
	0xfffe, 0xfffe, 0xfffe, 0xfffe, 0xfffe, 0xfffe, 0xfffe, 0xfffe, 0xfffe, 0xfffe, 0xfffe, 0xfffe,
	0xfffe, 0xfffe, 0xfffe, 0xfffe, 0xfffe, 0xfffe, 0xfffe, 0xfffe, 0x7694, 0x82cd, 0xfb5, 0xe7b,
	0x517e, 0x3703, 0xfb6, 0x1180, 0x52d8, 0xa2bd, 0x49da, 0x183a, 0x4177, 0x827c, 0x5899, 0x5268,
	0x361a, 0x573d, 0x7bb2, 0x5b68, 0x4800, 0x4b2c, 0x9f27, 0x49e7, 0x9c1f, 0x9b8d, 0x5b74, 0x313d,
	0x55fb, 0x35f2, 0x5689, 0x4e28, 0x5902, 0x1bc1, 0xf878, 0x9751, 0x86, 0x4e5b, 0x4ebb, 0x353e,
	0x5c23, 0x5f51, 0x5fc4, 0x38fa, 0x624c, 0x6535, 0x6b7a, 0x6c35, 0x6c3a, 0x706c, 0x722b, 0x4e2c,
	0x72ad, 0x48e9, 0x7f52, 0x793b, 0x7cf9, 0x7f53, 0x626a, 0x34c1, 0xfffe, 0x634b, 0x8002, 0x8080,
	0x6612, 0x6951, 0x535d, 0x8864, 0x89c1, 0x78b2, 0x8ba0, 0x8d1d, 0x9485, 0x9578, 0x957f, 0x95e8,
	0x8e0f, 0x97e6, 0x9875, 0x98ce, 0x98de, 0x9963, 0x9810, 0x9c7c, 0x9e1f, 0x9ec4, 0x6b6f, 0xf907,
	0x4e37, 0x87, 0x961d, 0x6237, 0x94a2, 0x503b, 0x6dfe, 0x9c73, 0x9fa6, 0x3dc9, 0x888f, 0x414e,
	0x7077, 0x5cf5, 0x4b20, 0x51cd, 0x3559, 0x5d30, 0x6122, 0x8a32, 0x8fa7, 0x91f6, 0x7191, 0x6719,
	0x73ba, 0x3281, 0xa107, 0x3c8b, 0x1980, 0x4b10, 0x78e4, 0x7402, 0x51ae, 0x870f, 0x4009, 0x6a63,
	0xa2ba, 0x4223, 0x860f, 0xa6f, 0x7a2a, 0x9947, 0x8aea, 0x9755, 0x704d, 0x5324, 0x207e, 0x93f4,
	0x76d9, 0x89e3, 0x9fa7, 0x77dd, 0x4ea3, 0x4ff0, 0x50bc, 0x4e2f, 0x4f17, 0x9fa8, 0x5434, 0x7d8b,
	0x5892, 0x58d0, 0x1db6, 0x5e92, 0x5e99, 0x5fc2, 0x2712, 0x658b, 0xfffe, 0xfffe, 0xfffe, 0xfffe,
	0xfffe, 0xfffe, 0xfffe, 0xfffe, 0xfffe, 0xfffe, 0xfffe, 0xfffe, 0xfffe, 0xfffe, 0xfffe, 0xfffe,
	0xfffe, 0xfffe, 0xfffe, 0xfffe, 0xfffe, 0xfffe, 0xfffe, 0xfffe, 0xfffe, 0xfffe, 0xfffe, 0xfffe,
	0xfffe, 0xfffe, 0xfffe, 0xfffe, 0xfffe, 0xfffe, 0x33f9, 0x6919, 0x6a43, 0x3c63, 0x6cff, 0xfffe,
	0x7200, 0x4505, 0x738c, 0x3edb, 0x4a13, 0x5b15, 0x74b9, 0x8b83, 0x5ca4, 0x5695, 0x7a93, 0x7bec,
	0x7cc3, 0x7e6c, 0x82f8, 0x8597, 0x9fa9, 0x8890, 0x9faa, 0x8eb9, 0x9fab, 0x8fcf, 0x855f, 0x99e0,
	0x9221, 0x9fac, 0x8db9, 0x143f, 0x4071, 0x42a2, 0x5a1a, 0xfffe, 0xfffe, 0xfffe, 0x9868, 0x676b,
	0x4276, 0x573d, 0xfffe, 0x85d6, 0x497b, 0x82bf, 0x710d, 0x4c81, 0x6d74, 0x5d7b, 0x6b15, 0x6fbe,
	0x9fad, 0x9fae, 0x5b96, 0x9faf, 0x66e7, 0x7e5b, 0x6e57, 0x79ca, 0x3d88, 0x44c3, 0x3256, 0x2796,
	0x439a, 0x4536, 0xfffe, 0x5cd5, 0x3b1a, 0x8af9, 0x5c78, 0x3d12, 0x3551, 0x5d78, 0x9fb2, 0x7157,
	0x4558, 0x40ec, 0x1e23, 0x4c77, 0x3978, 0x344a, 0x1a4, 0x6c41, 0x8acc, 0x4fb4, 0x239, 0x59bf,
	0x816c, 0x9856, 0x98fa, 0x5f3b, 0xb9f, 0xfffe, 0x21c1, 0x896d, 0x4102, 0x46bb, 0x9079, 0x3f07,
	0x9fb3, 0xa1b5, 0x40f8, 0x37d6, 0x46f7, 0x6c46, 0x417c, 0x86b2, 0x73ff, 0x456d, 0x38d4, 0x549a,
	0x4561, 0x451b, 0x4d89, 0x4c7b, 0x4d76, 0x45ea, 0x3fc8, 0x4b0f, 0x3661, 0x44de, 0x44bd, 0x41ed,
	0x5d3e, 0x5d48, 0x5d56, 0x3dfc, 0x380f, 0x5da4, 0x5db9, 0x3820, 0x3838, 0x5e42, 0x5ebd, 0x5f25,
	0x5f83, 0x3908, 0x3914, 0x393f, 0x394d, 0x60d7, 0x613d, 0x5ce5, 0x3989, 0x61b7, 0x61b9, 0x61cf,
	0x39b8, 0x622c, 0x6290, 0x62e5, 0x6318, 0x39f8, 0x56b1, 0xfffe, 0xfffe, 0xfffe, 0xfffe, 0xfffe,
	0xfffe, 0xfffe, 0xfffe, 0xfffe, 0xfffe, 0xfffe, 0xfffe, 0xfffe, 0xfffe, 0xfffe, 0xfffe, 0xfffe,
	0xfffe, 0xfffe, 0xfffe, 0xfffe, 0xfffe, 0xfffe, 0xfffe, 0xfffe, 0xfffe, 0xfffe, 0xfffe, 0xfffe,
	0xfffe, 0xfffe, 0xfffe, 0xfffe, 0xfffe, 0x3a03, 0x63e2, 0x63fb, 0x6407, 0x645a, 0x3a4b, 0x64c0,
	0x5d15, 0x5621, 0x9f9f, 0x3a97, 0x6586, 0x3abd, 0x65ff, 0x6653, 0x3af2, 0x6692, 0x3b22, 0x6716,
	0x3b42, 0x67a4, 0x6800, 0x3b58, 0x684a, 0x6884, 0x3b72, 0x3b71, 0x3b7b, 0x6909, 0x6943, 0x725c,
	0x6964, 0x699f, 0x6985, 0x3bbc, 0x69d6, 0x3bdd, 0x6a65, 0x6a74, 0x6a71, 0x6a82, 0x3bec, 0x6a99,
	0x3bf2, 0x6aab, 0x6ab5, 0x6ad4, 0x6af6, 0x6b81, 0x6bc1, 0x6bea, 0x6c75, 0x6caa, 0x3ccb, 0x6d02,
	0x6d06, 0x6d26, 0x6d81, 0x3cef, 0x6da4, 0x6db1, 0x6e15, 0x6e18, 0x6e29, 0x6e86, 0x89c0, 0x6ebb,
	0x6ee2, 0x6eda, 0x9f7f, 0x6ee8, 0x6ee9, 0x6f24, 0x6f34, 0x3d46, 0x3f41, 0x6f81, 0x6fbe, 0x3d6a,
	0x3d75, 0x71b7, 0x5c99, 0x3d8a, 0x702c, 0x3d91, 0x7050, 0x7054, 0x706f, 0x707f, 0x7089, 0x325,
	0x43c1, 0x35f1, 0xed8, 0x3ed7, 0x57be, 0x6ed3, 0x713e, 0x57e0, 0x364e, 0x69a2, 0x8be9, 0x5b74,
	0x7a49, 0x58e1, 0x94d9, 0x7a65, 0x7a7d, 0x59ac, 0x7abb, 0x7ab0, 0x7ac2, 0x7ac3, 0x71d1, 0x648d,
	0x41ca, 0x7ada, 0x7add, 0x7aea, 0x41ef, 0x54b2, 0x5c01, 0x7b0b, 0x7b55, 0x7b29, 0x530e, 0x5cfe,
	0x7ba2, 0x7b6f, 0x839c, 0x5bb4, 0x6c7f, 0x7bd0, 0x8421, 0x7b92, 0xfffe, 0x5d20, 0x3dad, 0x5c65,
	0x8492, 0x7bfa, 0xfffe, 0x7c35, 0x5cc1, 0x7c44, 0x7c83, 0x4882, 0x7ca6, 0x667d, 0x4578, 0x7cc9,
	0x7cc7, 0x7ce6, 0x7c74, 0x7cf3, 0x7cf5, 0xfffe, 0xfffe, 0xfffe, 0xfffe, 0xfffe, 0xfffe, 0xfffe,
	0xfffe, 0xfffe, 0xfffe, 0xfffe, 0xfffe, 0xfffe, 0xfffe, 0xfffe, 0xfffe, 0xfffe, 0xfffe, 0xfffe,
	0xfffe, 0xfffe, 0xfffe, 0xfffe, 0xfffe, 0xfffe, 0xfffe, 0xfffe, 0xfffe, 0xfffe, 0xfffe, 0xfffe,
	0xfffe, 0xfffe, 0xfffe, 0xfffe, 0x7e67, 0x451d, 0x6e44, 0x7d5d, 0x6ed6, 0x748d, 0x7d89, 0x7dab,
	0x7135, 0x7db3, 0xfffe, 0x4057, 0x6029, 0x7de4, 0x3d13, 0x7df5, 0x17f9, 0x7de5, 0x836d, 0xfffe,
	0x6121, 0x615a, 0x7e6e, 0x7e92, 0x432b, 0x946c, 0x7e27, 0x7f40, 0x7f41, 0x7f47, 0x7936, 0x62d0,
	0x99e1, 0x7f97, 0x6351, 0x7fa3, 0x1661, 0x68, 0x455c, 0x3766, 0x4503, 0x833a, 0x7ffa, 0x6489,
	0xfffe, 0x8008, 0x801d, 0xfffe, 0x802f, 0xa087, 0x6cc3, 0x803b, 0x803c, 0x8061, 0x2714, 0x4989,
	0x6626, 0x3de3, 0x66e8, 0x6725, 0x80a7, 0x8a48, 0x8107, 0x811a, 0x58b0, 0x26f6, 0x6c7f, 0x6498,
	0x4fb8, 0x64e7, 0x148a, 0x8218, 0x185e, 0x6a53, 0x4a65, 0x4a95, 0x447a, 0x8229, 0xb0d, 0x6a52,
	0x3d7e, 0x4ff9, 0x14fd, 0x84e2, 0x8362, 0x6b0a, 0x49a7, 0x3530, 0x1773, 0x3df8, 0x82aa, 0x691b,
	0xf994, 0x41db, 0x854b, 0x82d0, 0x831a, 0xe16, 0x17b4, 0x36c1, 0x317d, 0x355a, 0x827b, 0x82e2,
	0x8318, 0x3e8b, 0x6da3, 0x6b05, 0x6b97, 0x35ce, 0x3dbf, 0x831d, 0x55ec, 0x8385, 0x450b, 0x6da5,
	0x83ac, 0xfffe, 0x83d3, 0x347e, 0x6ed4, 0x6a57, 0x855a, 0x3496, 0x6e42, 0x2eef, 0x8458, 0x5be4,
	0x8471, 0x3dd3, 0x44e4, 0x6aa7, 0x844a, 0x3cb5, 0x7958, 0xfffe, 0x6b96, 0x6e77, 0x6e43, 0x84de,
	0xfffe, 0x8391, 0x44a0, 0x8493, 0x84e4, 0x5c91, 0x4240, 0x5cc0, 0x4543, 0x8534, 0x5af2, 0x6e99,
	0x4527, 0x8573, 0x4516, 0x67bf, 0x8616, 0xfffe, 0xfffe, 0xfffe, 0xfffe, 0xfffe, 0xfffe, 0xfffe,
	0xfffe, 0xfffe, 0xfffe, 0xfffe, 0xfffe, 0xfffe, 0xfffe, 0xfffe, 0xfffe, 0xfffe, 0xfffe, 0xfffe,
	0xfffe, 0xfffe, 0xfffe, 0xfffe, 0xfffe, 0xfffe, 0xfffe, 0xfffe, 0xfffe, 0xfffe, 0xfffe, 0xfffe,
	0xfffe, 0xfffe, 0xfffe, 0x8625, 0x863b, 0x85c1, 0x7088, 0x8602, 0x1582, 0x70cd, 0xf9b2, 0x456a,
	0x8628, 0x3648, 0x18a2, 0x53f7, 0x739a, 0x867e, 0x8771, 0xa0f8, 0x87ee, 0x2c27, 0x87b1, 0x87da,
	0x880f, 0x5661, 0x866c, 0x6856, 0x460f, 0x8845, 0x8846, 0x75e0, 0x3db9, 0x75e4, 0x885e, 0x889c,
	0x465b, 0x88b4, 0x88b5, 0x63c1, 0x88c5, 0x7777, 0x770f, 0x8987, 0x898a, 0xfffe, 0xfffe, 0x89a7,
	0x89bc, 0x8a25, 0x89e7, 0x7924, 0x7abd, 0x8a9c, 0x7793, 0x91fe, 0x8a90, 0x7a59, 0x7ae9, 0x7b3a,
	0x3f8f, 0x4713, 0x7b38, 0x717c, 0x8b0c, 0x8b1f, 0x5430, 0x5565, 0x8b3f, 0x8b4c, 0x8b4d, 0x8aa9,
	0x4a7a, 0x8b90, 0x8b9b, 0x8aaf, 0x16df, 0x4615, 0x884f, 0x8c9b, 0x7d54, 0x7d8f, 0xf9d4, 0x3725,
	0x7d53, 0x8cd6, 0x7d98, 0x7dbd, 0x8d12, 0x8d03, 0x1910, 0x8cdb, 0x705c, 0x8d11, 0x4cc9, 0x3ed0,
	0x8da9, 0x8002, 0x1014, 0x498a, 0x3b7c, 0x81bc, 0x710c, 0x7ae7, 0x8ead, 0x8eb6, 0x8ec3, 0x92d4,
	0x8f19, 0x8f2d, 0x8365, 0x8412, 0x8fa5, 0x9303, 0xa29f, 0xa50, 0x8fb3, 0x492a, 0x89de, 0x853d,
	0x3dbb, 0x5ef8, 0x3262, 0x8ff9, 0xa014, 0x86bc, 0x8501, 0x2325, 0x3980, 0x6ed7, 0x9037, 0x853c,
	0x7abe, 0x9061, 0x856c, 0x860b, 0x90a8, 0x8713, 0x90c4, 0x86e6, 0x90ae, 0xfffe, 0x9167, 0x3af0,
	0x91a9, 0x91c4, 0x7cac, 0x8933, 0x1e89, 0x920e, 0x6c9f, 0x9241, 0x9262, 0x55b9, 0xfffe, 0x8ac6,
	0x3c9b, 0x8b0c, 0x55db, 0xfffe, 0xfffe, 0xfffe, 0xfffe, 0xfffe, 0xfffe, 0xfffe, 0xfffe, 0xfffe,
	0xfffe, 0xfffe, 0xfffe, 0xfffe, 0xfffe, 0xfffe, 0xfffe, 0xfffe, 0xfffe, 0xfffe, 0xfffe, 0xfffe,
	0xfffe, 0xfffe, 0xfffe, 0xfffe, 0xfffe, 0xfffe, 0xfffe, 0xfffe, 0xfffe, 0xfffe, 0xfffe, 0xfffe,
	0xfffe, 0xd31, 0x932c, 0x936b, 0x8ae1, 0x8beb, 0x708f, 0x5ac3, 0x8ae2, 0x8ae5, 0x4965, 0x9244,
	0x8bec, 0x8c39, 0x8bff, 0x9373, 0x945b, 0x8ebc, 0x9585, 0x95a6, 0x9426, 0x95a0, 0x6ff6, 0x42b9,
	0x267a, 0x86d8, 0x127c, 0x3e2e, 0x49df, 0x6c1c, 0x967b, 0x9696, 0x416c, 0x96a3, 0x6ed5, 0x61da,
	0x96b6, 0x78f5, 0x8ae0, 0x96bd, 0x53cc, 0x49a1, 0x6cb8, 0x274, 0x6410, 0x90af, 0x90e5, 0x4ad1,
	0x1915, 0x330a, 0x9731, 0x8642, 0x9736, 0x4a0f, 0x453d, 0x4585, 0x4ae9, 0x7075, 0x5b41, 0x971b,
	0xfffe, 0x91d5, 0x9757, 0x5b4a, 0x91eb, 0x975f, 0x9425, 0x50d0, 0x30b7, 0x30bc, 0x9789, 0x979f,
	0x97b1, 0x97be, 0x97c0, 0x97d2, 0x97e0, 0x546c, 0x97ee, 0x741c, 0x9433, 0xfffe, 0x97f5, 0x941d,
	0x797a, 0x4ad1, 0x9834, 0x9833, 0x984b, 0x9866, 0x3b0e, 0x7175, 0x3d51, 0x630, 0x415c, 0x5706,
	0x98ca, 0x98b7, 0x98c8, 0x98c7, 0x4aff, 0x6d27, 0x16d3, 0x55b0, 0x98e1, 0x98e6, 0x98ec, 0x9378,
	0x9939, 0x4a29, 0x4b72, 0x9857, 0x9905, 0x99f5, 0x9a0c, 0x9a3b, 0x9a10, 0x9a58, 0x5725, 0x36c4,
	0x90b1, 0x9bd5, 0x9ae0, 0x9ae2, 0x9b05, 0x9af4, 0x4c0e, 0x9b14, 0x9b2d, 0x8600, 0x5034, 0x9b34,
	0x69a8, 0x38c3, 0x307d, 0x9b50, 0x9b40, 0x9d3e, 0x5a45, 0x1863, 0x9b8e, 0x424b, 0x9c02, 0x9bff,
	0x9c0c, 0x9e68, 0x9dd4, 0x9fb7, 0xa192, 0xa1ab, 0xa0e1, 0xa123, 0xa1df, 0x9d7e, 0x9d83, 0xa134,
	0x9e0e, 0x6888, 0xfffe, 0xfffe, 0xfffe, 0xfffe, 0xfffe, 0xfffe, 0xfffe, 0xfffe, 0xfffe, 0xfffe,
	0xfffe, 0xfffe, 0xfffe, 0xfffe, 0xfffe, 0xfffe, 0xfffe, 0xfffe, 0xfffe, 0xfffe, 0xfffe, 0xfffe,
	0xfffe, 0xfffe, 0xfffe, 0xfffe, 0xfffe, 0xfffe, 0xfffe, 0xfffe, 0xfffe, 0xfffe, 0xfffe, 0xfffe,
	0x9dc4, 0x215b, 0xa193, 0xa220, 0x193b, 0xa233, 0x9d39, 0xa0b9, 0xa2b4, 0x9e90, 0x9e95, 0x9e9e,
	0x9ea2, 0x4d34, 0x9eaa, 0x9eaf, 0x4364, 0x9ec1, 0x3b60, 0x39e5, 0x3d1d, 0x4f32, 0x37be, 0x8c2b,
	0x9f02, 0x9f08, 0x4b96, 0x9424, 0x6da2, 0x9f17, 0xfffe, 0x9f39, 0x569f, 0x568a, 0x9f45, 0x99b8,
	0x908b, 0x97f2, 0x847f, 0x9f62, 0x9f69, 0x7adc, 0x9f8e, 0x7216, 0x4bbe, 0x4975, 0x49bb, 0x7177,
	0x49f8, 0x4348, 0x4a51, 0x739e, 0x8bda, 0x18fa, 0x799f, 0x897e, 0x8e36, 0x9369, 0x93f3, 0x8a44,
	0x92ec, 0x9381, 0x93cb, 0x896c, 0x44b9, 0x7217, 0x3eeb, 0x7772, 0x7a43, 0x70d0, 0x4473, 0x43f8,
	0x717e, 0x17ef, 0x70a3, 0x18be, 0x3599, 0x3ec7, 0x1885, 0x542f, 0x17f8, 0x3722, 0x16fb, 0x1839,
	0x36e1, 0x1774, 0x18d1, 0x5f4b, 0x3723, 0x16c0, 0x575b, 0x4a25, 0x13fe, 0x12a8, 0x13c6, 0x14b6,
	0x8503, 0x36a6, 0xfffe, 0x8455, 0x4994, 0x7165, 0x3e31, 0x555c, 0x3efb, 0x7052, 0x44f4, 0x36ee,
	0x999d, 0x6f26, 0x67f9, 0x3733, 0x3c15, 0x3de7, 0x586c, 0x1922, 0x6810, 0x4057, 0x373f, 0x40e1,
	0x408b, 0x410f, 0x6c21, 0x54cb, 0x569e, 0x66b1, 0x5692, 0xfdf, 0xba8, 0xe0d, 0x93c6, 0x8b13,
	0x939c, 0x4ef8, 0x512b, 0x3819, 0x4436, 0x4ebc, 0x465, 0x37f, 0x4f4b, 0x4f8a, 0x5651, 0x5a68,
	0x1ab, 0x3cb, 0x3999, 0x30a, 0x414, 0x3435, 0x4f29, 0x2c0, 0x8eb3, 0x275, 0x8ada, 0x20c,
	0x4e98, 0xfffe, 0xfffe, 0xfffe, 0xfffe, 0xfffe, 0xfffe, 0xfffe, 0xfffe, 0xfffe, 0xfffe, 0xfffe,
	0xfffe, 0xfffe, 0xfffe, 0xfffe, 0xfffe, 0xfffe, 0xfffe, 0xfffe, 0xfffe, 0xfffe, 0xfffe, 0xfffe,
	0xfffe, 0xfffe, 0xfffe, 0xfffe, 0xfffe, 0xfffe, 0xfffe, 0xfffe, 0xfffe, 0xfffe, 0xfffe, 0x50cd,
	0x510d, 0x4fa2, 0x4f03, 0x4a0e, 0x3e8a, 0x4f42, 0x502e, 0x506c, 0x5081, 0x4fcc, 0x4fe5, 0x5058,
	0x50fc, 0xfffe, 0xfffe, 0xfffe, 0xfffe, 0x6e76, 0x3595, 0x3e39, 0x3ebf, 0x6d72, 0x1884, 0x3e89,
	0x51a8, 0x51c3, 0x5e0, 0x44dd, 0x4a3, 0x492, 0x491, 0x8d7a, 0x8a9c, 0x70e, 0x5259, 0x52a4,
	0x873, 0x52e1, 0xfffe, 0x467a, 0x718c, 0x438c, 0xc20, 0x49ac, 0x10e4, 0x69d1, 0xe1d, 0xfffe,
	0x3ede, 0x7499, 0x7414, 0x7456, 0x7398, 0x4b8e, 0x4abc, 0x408d, 0x53d0, 0x3584, 0x720f, 0x40c9,
	0x55b4, 0x345, 0x54cd, 0xbc6, 0x571d, 0x925d, 0x96f4, 0x9366, 0x57dd, 0x578d, 0x577f, 0x363e,
	0x58cb, 0x5a99, 0x8a46, 0x16fa, 0x176f, 0x1710, 0x5a2c, 0x59b8, 0x928f, 0x5a7e, 0x5acf, 0x5a12,
	0x5946, 0x19f3, 0x1861, 0x4295, 0x36f5, 0x6d05, 0x7443, 0x5a21, 0x5e83, 0x5a81, 0x8bd7, 0x413,
	0x93e0, 0x748c, 0x1303, 0x7105, 0x4972, 0x9408, 0x89fb, 0x93bd, 0x37a0, 0x5c1e, 0x5c9e, 0x5e5e,
	0x5e48, 0x1996, 0x197c, 0x3aee, 0x5ecd, 0x5b4f, 0x1903, 0x1904, 0x3701, 0x18a0, 0x36dd, 0x16fe,
	0x36d3, 0x812a, 0x8a47, 0x1dba, 0x3472, 0x89a8, 0x5f0c, 0x5f0e, 0x1927, 0x17ab, 0x5a6b, 0x173b,
	0x5b44, 0x8614, 0x75fd, 0x8860, 0x607e, 0x2860, 0x262b, 0x5fdb, 0x3eb8, 0x25af, 0x25be, 0x9088,
	0x6f73, 0x61c0, 0x3e, 0x46, 0x261b, 0x6199, 0x6198, 0x6075, 0x2c9b, 0x2d07, 0x46d4, 0x914d,
	0xfffe, 0xfffe, 0xfffe, 0xfffe, 0xfffe, 0xfffe, 0xfffe, 0xfffe, 0xfffe, 0xfffe, 0xfffe, 0xfffe,
	0xfffe, 0xfffe, 0xfffe, 0xfffe, 0xfffe, 0xfffe, 0xfffe, 0xfffe, 0xfffe, 0xfffe, 0xfffe, 0xfffe,
	0xfffe, 0xfffe, 0xfffe, 0xfffe, 0xfffe, 0xfffe, 0xfffe, 0xfffe, 0xfffe, 0xfffe, 0x6471, 0x4665,
	0x2b6a, 0x3a29, 0x2b22, 0x3450, 0x98ea, 0x2e78, 0x6337, 0xa45b, 0x64b6, 0x6331, 0x63d1, 0x49e3,
	0x2d67, 0x62a4, 0x2ca1, 0x643b, 0x656b, 0x6972, 0x3bf4, 0x308e, 0x32ad, 0x4989, 0x32ab, 0x550d,
	0x32e0, 0x18d9, 0x943f, 0x66ce, 0x3289, 0x31b3, 0x3ae0, 0x4190, 0x5584, 0x8b22, 0x558f, 0x16fc,
	0x555b, 0x5425, 0x78ee, 0x3103, 0x182a, 0x3234, 0x3464, 0x320f, 0x3182, 0x42c9, 0x668e, 0x6d24,
	0x666b, 0x4b93, 0x6630, 0x7870, 0x1deb, 0x6663, 0x32d2, 0x32e1, 0x661e, 0x5872, 0x38d1, 0x383a,
	0x37bc, 0x3b99, 0x37a2, 0x33fe, 0x74d0, 0x3b96, 0x678f, 0x462a, 0x68b6, 0x681e, 0x3bc4, 0x6abe,
	0x3863, 0x37d5, 0x4487, 0x6a33, 0x6a52, 0x6ac9, 0x6b05, 0x1912, 0x6511, 0x6898, 0x6a4c, 0x3bd7,
	0x6a7a, 0x6b57, 0x3fc0, 0x3c9a, 0x93a0, 0x92f2, 0x8bea, 0x8acb, 0x9289, 0x801e, 0x89dc, 0x9467,
	0x6da5, 0x6f0b, 0x49ec, 0xfffe, 0x3f7f, 0x3d8f, 0x6e04, 0x403c, 0x5a3d, 0x6e0a, 0x5847, 0x6d24,
	0x7842, 0x713b, 0x431a, 0x4276, 0x70f1, 0x7250, 0x7287, 0x7294, 0x478f, 0x4725, 0x5179, 0x4aa4,
	0x5eb, 0x747a, 0x3ef8, 0x365f, 0x4a4a, 0x4917, 0x5fe1, 0x3f06, 0x3eb1, 0x4adf, 0x8c23, 0x3f35,
	0x60a7, 0x3ef3, 0x74cc, 0x743c, 0x9387, 0x7437, 0x449f, 0x6dea, 0x4551, 0x7583, 0x3f63, 0x4cd9,
	0x4d06, 0x3f58, 0x7555, 0x7673, 0xa5c6, 0x3b19, 0x7468, 0x8acc, 0x49ab, 0x498e, 0x3afb, 0xfffe,
	0xfffe, 0xfffe, 0xfffe, 0xfffe, 0xfffe, 0xfffe, 0xfffe, 0xfffe, 0xfffe, 0xfffe, 0xfffe, 0xfffe,
	0xfffe, 0xfffe, 0xfffe, 0xfffe, 0xfffe, 0xfffe, 0xfffe, 0xfffe, 0xfffe, 0xfffe, 0xfffe, 0xfffe,
	0xfffe, 0xfffe, 0xfffe, 0xfffe, 0xfffe, 0xfffe, 0xfffe, 0xfffe, 0xfffe, 0x3dcd, 0x4a4e, 0x3eff,
	0x49c5, 0x48f3, 0x91fa, 0x5732, 0x9342, 0x8ae3, 0x1864, 0x50df, 0x5221, 0x51e7, 0x7778, 0x3232,
	0x770e, 0x770f, 0x777b, 0x4697, 0x3781, 0x3a5e, 0x48f0, 0x7438, 0x749b, 0x3ebf, 0x4aba, 0x4ac7,
	0x40c8, 0x4a96, 0x61ae, 0x9307, 0x5581, 0x781e, 0x788d, 0x7888, 0x78d2, 0x73d0, 0x7959, 0x7741,
	0x56e3, 0x410e, 0xfffe, 0x8496, 0x79a5, 0x6a2d, 0x3efa, 0x7a3a, 0x79f4, 0x416e, 0x16e6, 0x4132,
	0x9235, 0x79f1, 0xd4c, 0x498c, 0x299, 0x3dba, 0x176e, 0x3597, 0x556b, 0x3570, 0x36aa, 0x1d4,
	0xc0d, 0x7ae2, 0x5a59, 0x26f5, 0x5aaf, 0x5a9c, 0x5a0d, 0x25b, 0x78f0, 0x5a2a, 0x5bc6, 0x7afe,
	0x41f9, 0x7c5d, 0x7c6d, 0x4211, 0x5bb3, 0x5ebc, 0x5ea6, 0x7ccd, 0x49f9, 0x17b0, 0x7c8e, 0x7c7c,
	0x7cae, 0x6ab2, 0x7ddc, 0x7e07, 0x7dd3, 0x7f4e, 0x6261, 0x615c, 0x7b48, 0x7d97, 0x5e82, 0x426a,
	0x6b75, 0x916, 0x67d6, 0x4e, 0x35cf, 0x57c4, 0x6412, 0x63f8, 0x4962, 0x7fdd, 0x7b27, 0x82c,
	0x5ae9, 0x5d43, 0x7b0c, 0x5e0e, 0x99e6, 0x8645, 0x9a63, 0x6a1c, 0x343f, 0x39e2, 0x49f7, 0x65ad,
	0x9a1f, 0x65a0, 0x8480, 0x7127, 0x6cd1, 0x44ea, 0x8137, 0x4402, 0x80c6, 0x8109, 0x8142, 0x67b4,
	0x98c3, 0x6a42, 0x8262, 0x8265, 0x6a51, 0x8453, 0x6da7, 0x8610, 0x721b, 0x5a86, 0x417f, 0x1840,
	0x5b2b, 0x18a1, 0x5ae4, 0x18d8, 0x86a0, 0xf9bc, 0x3d8f, 0x882d, 0x7422, 0x5a02, 0xfffe, 0xfffe,
	0xfffe, 0xfffe, 0xfffe, 0xfffe, 0xfffe, 0xfffe, 0xfffe, 0xfffe, 0xfffe, 0xfffe, 0xfffe, 0xfffe,
	0xfffe, 0xfffe, 0xfffe, 0xfffe, 0xfffe, 0xfffe, 0xfffe, 0xfffe, 0xfffe, 0xfffe, 0xfffe, 0xfffe,
	0xfffe, 0xfffe, 0xfffe, 0xfffe, 0xfffe, 0xfffe, 0xfffe, 0xfffe, 0x886e, 0x4f45, 0x8887, 0x88bf,
	0x88e6, 0x8965, 0x894d, 0x5683, 0x8954, 0x7785, 0x7784, 0x8bf5, 0x8bd9, 0x8b9c, 0x89f9, 0x3ead,
	0x84a3, 0x46f5, 0x46cf, 0x37f2, 0x8a3d, 0x8a1c, 0x9448, 0x5f4d, 0x922b, 0x4284, 0x65d4, 0x7129,
	0x70c4, 0x1845, 0x9d6d, 0x8c9f, 0x8ce9, 0x7ddc, 0x599a, 0x77c3, 0x59f0, 0x436e, 0x36d4, 0x8e2a,
	0x8ea7, 0x4c09, 0x8f30, 0x8f4a, 0x42f4, 0x6c58, 0x6fbb, 0x2321, 0x489b, 0x6f79, 0x6e8b, 0x17da,
	0x9be9, 0x36b5, 0x492f, 0x90bb, 0xfffe, 0x5571, 0x4906, 0x91bb, 0x9404, 0x8a4b, 0x4062, 0x8afc,
	0x9427, 0x8c1d, 0x8c3b, 0x84e5, 0x8a2b, 0x9599, 0x95a7, 0x9597, 0x9596, 0x8d34, 0x7445, 0x3ec2,
	0x48ff, 0x4a42, 0x43ea, 0x3ee7, 0x3225, 0x968f, 0x8ee7, 0x8e66, 0x8e65, 0x3ecc, 0x49ed, 0x4a78,
	0x3fee, 0x7412, 0x746b, 0x3efc, 0x9741, 0x90b0, 0x6847, 0x4a1d, 0x9093, 0x57df, 0xfffe, 0x9368,
	0x8989, 0x8c26, 0x8b2f, 0x63be, 0x92ba, 0x5b11, 0x8b69, 0x493c, 0x73f9, 0x421b, 0x979b, 0x9771,
	0x9938, 0xf26, 0x5dc1, 0x8bc5, 0x4ab2, 0x981f, 0x94da, 0x92f6, 0x95d7, 0x91e5, 0x44c0, 0x8b50,
	0x4a67, 0x8b64, 0x98dc, 0x8a45, 0x3f00, 0x922a, 0x4925, 0x8414, 0x993b, 0x994d, 0x7b06, 0x3dfd,
	0x999b, 0x4b6f, 0x99aa, 0x9a5c, 0x8b65, 0x58c8, 0x6a8f, 0x9a21, 0x5afe, 0x9a2f, 0x98f1, 0x4b90,
	0x9948, 0x99bc, 0x4bbd, 0x4b97, 0x937d, 0x5872, 0x1302, 0x5822, 0x49b8, 0xfffe, 0xfffe, 0xfffe,
	0xfffe, 0xfffe, 0xfffe, 0xfffe, 0xfffe, 0xfffe, 0xfffe, 0xfffe, 0xfffe, 0xfffe, 0xfffe, 0xfffe,
	0xfffe, 0xfffe, 0xfffe, 0xfffe, 0xfffe, 0xfffe, 0xfffe, 0xfffe, 0xfffe, 0xfffe, 0xfffe, 0xfffe,
	0xfffe, 0xfffe, 0xfffe, 0xfffe, 0xfffe, 0xfffe, 0xfffe, 0x14e8, 0x7844, 0x271f, 0x3db8, 0x68c5,
	0x3d7d, 0x9458, 0x3927, 0x6150, 0x2781, 0x296b, 0x6107, 0x9c4f, 0x9c53, 0x9c7b, 0x9c35, 0x9c10,
	0x9b7f, 0x9bcf, 0x9e2d, 0x9b9f, 0xa1f5, 0xa0fe, 0x9d21, 0x4cae, 0x4104, 0x9e18, 0x4cb0, 0x9d0c,
	0xa1b4, 0xa0ed, 0xa0f3, 0x992f, 0x9da5, 0x84bd, 0x6e12, 0x6fdf, 0x6b82, 0x85fc, 0x4533, 0x6da4,
	0x6e84, 0x6df0, 0x8420, 0x85ee, 0x6e00, 0x37d7, 0x6064, 0x79e2, 0x359c, 0x3640, 0x492d, 0x49de,
	0x3d62, 0x93db, 0x92be, 0x9348, 0x2bf, 0x78b9, 0x9277, 0x944d, 0x4fe4, 0x3440, 0x9064, 0x555d,
	0x783d, 0x7854, 0x78b6, 0x784b, 0x1757, 0x31c9, 0x4941, 0x369a, 0x4f72, 0x6fda, 0x6fd9, 0xfffe,
	0x701e, 0x5414, 0x41b5, 0x57bb, 0x58f3, 0x578a, 0x9d16, 0x57d7, 0x7134, 0x34af, 0x41ac, 0x71eb,
	0x6c40, 0x4f97, 0xfffe, 0x17b5, 0x8a49, 0x610c, 0x5ace, 0x5a0b, 0x42bc, 0x4488, 0x372c, 0x4b7b,
	0x89fc, 0x93bb, 0x93b8, 0x18d6, 0xf1d, 0x8472, 0x6cc0, 0x1413, 0x42fa, 0x2c26, 0x43c1, 0x5994,
	0x3db7, 0x6741, 0x7da8, 0x615b, 0x60a4, 0x49b9, 0x498b, 0x89fa, 0x92e5, 0x73e2, 0x3ee9, 0x74b4,
	0x8b63, 0x189f, 0x3ee1, 0x4ab3, 0x6ad8, 0x73f3, 0x73fb, 0x3ed6, 0x4a3e, 0x4a94, 0x17d9, 0x4a66,
	0x3a7, 0x1424, 0x49e5, 0x7448, 0x4916, 0x70a5, 0x4976, 0x9284, 0x73e6, 0x935f, 0x4fe, 0x9331,
	0x8ace, 0x8a16, 0x9386, 0x8be7, 0x55d5, 0x4935, 0x8a82, 0x716b, 0xfffe, 0xfffe, 0xfffe, 0xfffe,
	0xfffe, 0xfffe, 0xfffe, 0xfffe, 0xfffe, 0xfffe, 0xfffe, 0xfffe, 0xfffe, 0xfffe, 0xfffe, 0xfffe,
	0xfffe, 0xfffe, 0xfffe, 0xfffe, 0xfffe, 0xfffe, 0xfffe, 0xfffe, 0xfffe, 0xfffe, 0xfffe, 0xfffe,
	0xfffe, 0xfffe, 0xfffe, 0xfffe, 0xfffe, 0xfffe, 0x4943, 0xcff, 0x56a4, 0x61a, 0xbeb, 0xcb8,
	0x5502, 0x79c4, 0x17fa, 0x7dfe, 0x16c2, 0x4a50, 0x1852, 0x452e, 0x9401, 0x370a, 0x8ac0, 0x49ad,
	0x59b0, 0x18bf, 0x1883, 0x7484, 0x5aa1, 0x36e2, 0x3d5b, 0x36b0, 0x925f, 0x5a79, 0x8a81, 0x1862,
	0x9374, 0x3ccd, 0xab4, 0x4a96, 0x398a, 0x50f4, 0x3d69, 0x3d4c, 0x139c, 0x7175, 0x42fb, 0x8218,
	0x6e0f, 0x90e4, 0x44eb, 0x6d57, 0x7e4f, 0x7067, 0x6caf, 0x3cd6, 0x3fed, 0x3e2d, 0x6e02, 0x6f0c,
	0x3d6f, 0x3f5, 0x7551, 0x36bc, 0x34c8, 0x4680, 0x3eda, 0x4871, 0x59c4, 0x926e, 0x493e, 0x8f41,
	0x8c1c, 0x6bc0, 0x5812, 0x57c8, 0x36d6, 0x1452, 0x70fe, 0x4362, 0x4a71, 0x2fe3, 0x12b0, 0x23bd,
	0x68b9, 0x6967, 0x1398, 0x34e5, 0x7bf4, 0x36df, 0x8a83, 0x37d6, 0x33fa, 0x4c9f, 0x6a1a, 0x36ad,
	0x6cb7, 0x843e, 0x44df, 0x44ce, 0x6d26, 0x6d51, 0x6c82, 0x6fde, 0x6f17, 0x7109, 0x833d, 0x173a,
	0x83ed, 0x6c80, 0x7053, 0x17db, 0x5989, 0x5a82, 0x17b3, 0x5a61, 0x5a71, 0x1905, 0x41fc, 0x372d,
	0x59ef, 0x173c, 0x36c7, 0x718e, 0x9390, 0x669a, 0x42a5, 0x5a6e, 0x5a2b, 0x4293, 0x6a2b, 0x3ef9,
	0x7736, 0x445b, 0x42ca, 0x711d, 0x4259, 0x89e1, 0x4fb0, 0x6d28, 0x5cc2, 0x44ce, 0x7e4d, 0x43bd,
	0x6a0c, 0x4256, 0x1304, 0x70a6, 0x7133, 0x43e9, 0x3da5, 0x6cdf, 0xf825, 0x4a4f, 0x7e65, 0x59eb,
	0x5d2f, 0x3df3, 0x5f5c, 0x4a5d, 0x17df, 0x7da4, 0x8426, 0xfffe, 0xfffe, 0xfffe, 0xfffe, 0xfffe,
	0xfffe, 0xfffe, 0xfffe, 0xfffe, 0xfffe, 0xfffe, 0xfffe, 0xfffe, 0xfffe, 0xfffe, 0xfffe, 0xfffe,
	0xfffe, 0xfffe, 0xfffe, 0xfffe, 0xfffe, 0xfffe, 0xfffe, 0xfffe, 0xfffe, 0xfffe, 0xfffe, 0xfffe,
	0xfffe, 0xfffe, 0xfffe, 0xfffe, 0xfffe, 0x5485, 0x3afa, 0x3300, 0x214, 0x577e, 0x8d5, 0x619,
	0x3fe5, 0x1f9e, 0xa2b6, 0x7003, 0x915b, 0x5d70, 0x738f, 0x7cd3, 0x8a59, 0x9420, 0x4fc8, 0x7fe7,
	0x72cd, 0x7310, 0x7af4, 0x7338, 0x7339, 0x56f6, 0x7341, 0x7348, 0x3ea9, 0x7b18, 0x906c, 0x71f5,
	0x48f2, 0x73e1, 0x81f6, 0x3eca, 0x770c, 0x3ed1, 0x6ca2, 0x56fd, 0x7419, 0x741e, 0x741f, 0x3ee2,
	0x3ef0, 0x3ef4, 0x3efa, 0x74d3, 0x3f0e, 0x3f53, 0x7542, 0x756d, 0x7572, 0x758d, 0x3f7c, 0x75c8,
	0x75dc, 0x3fc0, 0x764d, 0x3fd7, 0x7674, 0x3fdc, 0x767a, 0x4f5c, 0x7188, 0x5623, 0x8980, 0x5869,
	0x401d, 0x7743, 0x4039, 0x6761, 0x4045, 0x35db, 0x7798, 0x406a, 0x406f, 0x5c5e, 0x77be, 0x77cb,
	0x58f2, 0x7818, 0x70b9, 0x781c, 0x40a8, 0x7839, 0x7847, 0x7851, 0x7866, 0x8448, 0x5535, 0x7933,
	0x6803, 0x7932, 0x4103, 0x4109, 0x7991, 0x7999, 0x8fbb, 0x7a06, 0x8fbc, 0x4167, 0x7a91, 0x41b2,
	0x7abc, 0x8279, 0x41c4, 0x7acf, 0x7adb, 0x41cf, 0x4e21, 0x7b62, 0x7b6c, 0x7b7b, 0x7c12, 0x7c1b,
	0x4260, 0x427a, 0x7c7b, 0x7c9c, 0x428c, 0x7cb8, 0x4294, 0x7ced, 0x8f93, 0x70c0, 0xccf, 0x7dcf,
	0x7dd4, 0x7dd0, 0x7dfd, 0x7fae, 0x7fb4, 0x729f, 0x4397, 0x8020, 0x8025, 0x7b39, 0x802e, 0x8031,
	0x8054, 0x3dcc, 0x57b4, 0x70a0, 0x80b7, 0x80e9, 0x43ed, 0x810c, 0x732a, 0x810e, 0x8112, 0x7560,
	0x8114, 0x4401, 0x3b39, 0x8156, 0x8159, 0x815a, 0xfffe, 0xfffe, 0xfffe, 0xfffe, 0xfffe, 0xfffe,
	0xfffe, 0xfffe, 0xfffe, 0xfffe, 0xfffe, 0xfffe, 0xfffe, 0xfffe, 0xfffe, 0xfffe, 0xfffe, 0xfffe,
	0xfffe, 0xfffe, 0xfffe, 0xfffe, 0xfffe, 0xfffe, 0xfffe, 0xfffe, 0xfffe, 0xfffe, 0xfffe, 0xfffe,
	0xfffe, 0xfffe, 0xfffe, 0xfffe, 0x4413, 0x583a, 0x817c, 0x8184, 0x4425, 0x8193, 0x442d, 0x81a5,
	0x57ef, 0x81c1, 0x81e4, 0x8254, 0x448f, 0x82a6, 0x8276, 0x82ca, 0x82d8, 0x82ff, 0x44b0, 0x8357,
	0x9669, 0x698a, 0x8405, 0x70f5, 0x8464, 0x60e3, 0x8488, 0x4504, 0x84be, 0x84e1, 0x84f8, 0x8510,
	0x8538, 0x8552, 0x453b, 0x856f, 0x8570, 0x85e0, 0x4577, 0x8672, 0x8692, 0x86b2, 0x86ef, 0x9645,
	0x878b, 0x4606, 0x4617, 0x88ae, 0x88ff, 0x8924, 0x8947, 0x8991, 0x7967, 0x8a29, 0x8a38, 0x8a94,
	0x8ab4, 0x8c51, 0x8cd4, 0x8cf2, 0x8d1c, 0x4798, 0x585f, 0x8dc3, 0x47ed, 0x4eee, 0x8e3a, 0x55d8,
	0x5754, 0x8e71, 0x55f5, 0x8eb0, 0x4837, 0x8ece, 0x8ee2, 0x8ee4, 0x8eed, 0x8ef2, 0x8fb7, 0x8fc1,
	0x8fca, 0x8fcc, 0x9033, 0x99c4, 0x48ad, 0x98e0, 0x9213, 0x491e, 0x9228, 0x9258, 0x926b, 0x92b1,
	0x92ae, 0x92bf, 0x92e3, 0x92eb, 0x92f3, 0x92f4, 0x92fd, 0x9343, 0x9384, 0x93ad, 0x4945, 0x4951,
	0x9ebf, 0x9417, 0x5301, 0x941d, 0x942d, 0x943e, 0x496a, 0x9454, 0x9479, 0x952d, 0x95a2, 0x49a7,
	0x95f4, 0x9633, 0x49e5, 0x67a0, 0x4a24, 0x9740, 0x4a35, 0x97b2, 0x97c2, 0x5654, 0x4ae4, 0x60e8,
	0x98b9, 0x4b19, 0x98f1, 0x5844, 0x990e, 0x9919, 0x51b4, 0x991c, 0x9937, 0x9942, 0x995d, 0x9962,
	0x4b70, 0x99c5, 0x4b9d, 0x9a3c, 0x9b0f, 0x7a83, 0x9b69, 0x9b81, 0x9bdd, 0x9bf1, 0x9bf4, 0x4c6d,
	0x9c20, 0x376f, 0x1bc2, 0x9d49, 0x9c3a, 0xfffe, 0xfffe, 0xfffe, 0xfffe, 0xfffe, 0xfffe, 0xfffe,
	0xfffe, 0xfffe, 0xfffe, 0xfffe, 0xfffe, 0xfffe, 0xfffe, 0xfffe, 0xfffe, 0xfffe, 0xfffe, 0xfffe,
	0xfffe, 0xfffe, 0xfffe, 0xfffe, 0xfffe, 0xfffe, 0xfffe, 0xfffe, 0xfffe, 0xfffe, 0xfffe, 0xfffe,
	0xfffe, 0xfffe, 0xfffe, 0x9efe, 0x5650, 0x9d93, 0x9dbd, 0x9dc0, 0x9dfc, 0x94f6, 0x8fb6, 0x9e7b,
	0x9eac, 0x9eb1, 0x9ebd, 0x9ec6, 0x94dc, 0x9ee2, 0x9ef1, 0x9ef8, 0x7ac8, 0x9f44, 0x94, 0x2b7,
	0x3a0, 0x691a, 0x94c3, 0x59ac, 0x4d7, 0x5840, 0x94c1, 0x37b9, 0x5d5, 0x615, 0x676, 0x16ba,
	0x5757, 0x7173, 0xac2, 0xacd, 0xbbf, 0x546a, 0xf83b, 0xbcb, 0x549e, 0xbfb, 0xc3b, 0xc53,
	0xc65, 0xc7c, 0x60e7, 0xc8d, 0x567a, 0xcb5, 0xcdd, 0xced, 0xd6f, 0xdb2, 0xdc8, 0x6955,
	0x9c2f, 0x87a5, 0xe04, 0xe0e, 0xed7, 0xf90, 0xf2d, 0xe73, 0x5c20, 0xfbc, 0x5e0b, 0x105c,
	0x104f, 0x1076, 0x671e, 0x107b, 0x1088, 0x1096, 0x3647, 0x10bf, 0x10d3, 0x112f, 0x113b, 0x5364,
	0x84ad, 0x12e3, 0x1375, 0x1336, 0x8b81, 0x1577, 0x1619, 0x17c3, 0x17c7, 0x4e78, 0x70bb, 0x182d,
	0x196a, 0x1a2d, 0x1a45, 0x1c2a, 0x1c70, 0x1cac, 0x1ec8, 0x62c3, 0x1ed5, 0x1f15, 0x7198, 0x6855,
	0x2045, 0x69e9, 0x36c8, 0x227c, 0x23d7, 0x23fa, 0x272a, 0x2871, 0x294f, 0x82fd, 0x2967, 0x2993,
	0x2ad5, 0x89a5, 0x2ae8, 0x8fa0, 0x2b0e, 0x97b8, 0x2b3f, 0x9847, 0x9abd, 0x2c4c, 0xfffe, 0x2c88,
	0x2cb7, 0x5be8, 0x2d08, 0x2d12, 0x2db7, 0x2d95, 0x2e42, 0x2f74, 0x2fcc, 0x3033, 0x3066, 0x331f,
	0x33de, 0x5fb1, 0x6648, 0x66bf, 0x7a79, 0x3567, 0x35f3, 0xfffe, 0x49ba, 0xfffe, 0x361a, 0x3716,
	0xfffe, 0x346, 0x58b5, 0x670e, 0xfffe, 0xfffe, 0xfffe, 0xfffe, 0xfffe, 0xfffe, 0xfffe, 0xfffe,
	0xfffe, 0xfffe, 0xfffe, 0xfffe, 0xfffe, 0xfffe, 0xfffe, 0xfffe, 0xfffe, 0xfffe, 0xfffe, 0xfffe,
	0xfffe, 0xfffe, 0xfffe, 0xfffe, 0xfffe, 0xfffe, 0xfffe, 0xfffe, 0xfffe, 0xfffe, 0xfffe, 0xfffe,
	0xfffe, 0xfffe, 0x6918, 0x3aa7, 0x7657, 0x5fe2, 0x3e11, 0x3eb9, 0x75fe, 0x209a, 0x48d0, 0x4ab8,
	0x4119, 0x8a9a, 0x42ee, 0x430d, 0x403b, 0x4334, 0x4396, 0x4a45, 0x5ca, 0x51d2, 0x611, 0x599f,
	0x1ea8, 0x3bbe, 0x3cff, 0x4404, 0x44d6, 0x5788, 0x4674, 0x399b, 0x472f, 0x85e8, 0x99c9, 0x3762,
	0x21c3, 0x8b5e, 0x8b4e, 0xfffe, 0x4812, 0x48fb, 0x4a15, 0x7209, 0x4ac0, 0xc78, 0x5965, 0x4ea5,
	0x4f86, 0x779, 0x8eda, 0x502c, 0x528f, 0x573f, 0x7171, 0x5299, 0x5419, 0x3f4a, 0x4aa7, 0x55bc,
	0x5446, 0x546e, 0x6b52, 0xfffe, 0x3473, 0x553f, 0x7632, 0x555e, 0x4718, 0x5562, 0x5566, 0x57c7,
	0x493f, 0x585d, 0x5066, 0x34fb, 0x33cc, 0xfffe, 0x5903, 0x477c, 0x8948, 0x5aae, 0x5b89, 0x5c06,
	0x1d90, 0x57a1, 0x7151, 0xfffe, 0x6102, 0x7c12, 0x9056, 0x61b2, 0x4f9a, 0x8b62, 0x6402, 0x644a,
	0x5d5b, 0x6bf7, 0xfffe, 0x6484, 0x191c, 0x8aea, 0x49f6, 0x6488, 0x3fef, 0x6512, 0x4bc0, 0x65bf,
	0x66b5, 0x271b, 0x9465, 0x57e1, 0x6195, 0x5a27, 0xf8cd, 0xfffe, 0x56b9, 0x4521, 0x66fc, 0x4e6a,
	0x4934, 0x9656, 0x6d8f, 0x6cbd, 0x3618, 0x8977, 0x6799, 0x686e, 0x6411, 0x685e, 0xfffe, 0x68c7,
	0x7b42, 0x90c0, 0xa11, 0x6926, 0xfffe, 0x6939, 0x7a45, 0xfffe, 0x69fa, 0x9a26, 0x6a2d, 0x365f,
	0x6469, 0x21, 0x7983, 0x6a34, 0x6b5b, 0x5d2c, 0x3519, 0xfffe, 0x6b9d, 0x46d0, 0x6ca4, 0x753b,
	0x8865, 0x6dae, 0x58b6, 0xfffe, 0xfffe, 0xfffe, 0xfffe, 0xfffe, 0xfffe, 0xfffe, 0xfffe, 0xfffe,
	0xfffe, 0xfffe, 0xfffe, 0xfffe, 0xfffe, 0xfffe, 0xfffe, 0xfffe, 0xfffe, 0xfffe, 0xfffe, 0xfffe,
	0xfffe, 0xfffe, 0xfffe, 0xfffe, 0xfffe, 0xfffe, 0xfffe, 0xfffe, 0xfffe, 0xfffe, 0xfffe, 0xfffe,
	0xfffe, 0x371c, 0x258d, 0x704b, 0x71cd, 0x3c54, 0x7280, 0x7285, 0x9281, 0x217a, 0x728b, 0x9330,
	0x72e6, 0x49d0, 0x6c39, 0x949f, 0x7450, 0xef8, 0x8827, 0x88f5, 0x2926, 0x8473, 0x17b1, 0x6eb8,
	0x4a2a, 0x1820, 0x39a4, 0x36b9, 0xfffe, 0xfffe, 0x453f, 0x66b6, 0x9cad, 0x98a4, 0x8943, 0x77cc,
	0x7858, 0x56d6, 0x40df, 0x160a, 0x39a1, 0x372f, 0x80e8, 0x13c5, 0x71ad, 0x8366, 0x79dd, 0x91a8,
	0xfffe, 0x4cb7, 0x70af, 0x89ab, 0x79fd, 0x7a0a, 0x7b0b, 0x7d66, 0x417a, 0x7b43, 0x797e, 0x8009,
	0x6fb5, 0xa2df, 0x6a03, 0x8318, 0x53a2, 0x6e07, 0x93bf, 0x6836, 0x975d, 0x816f, 0x8023, 0x69b5,
	0x13ed, 0x322f, 0x8048, 0x5d85, 0x8c30, 0x8083, 0x5715, 0x9823, 0x8949, 0x5dab, 0x4988, 0x65be,
	0x69d5, 0x53d2, 0x4aa5, 0x3f81, 0x3c11, 0x6736, 0x8090, 0x80f4, 0x812e, 0x1fa1, 0x814f, 0x8189,
	0x81af, 0x821a, 0x8306, 0x832f, 0x838a, 0x35ca, 0x8468, 0x86aa, 0x48fa, 0x63e6, 0x8956, 0x7808,
	0x9255, 0x89b8, 0x43f2, 0x89e7, 0x43df, 0x89e8, 0x8b46, 0x8bd4, 0x59f8, 0x8c09, 0xfffe, 0x8fc5,
	0x90ec, 0xfffe, 0x9110, 0x913c, 0x3df7, 0x915e, 0x4aca, 0x8fd0, 0x728f, 0x568b, 0x94e7, 0x95e9,
	0x95b0, 0x95b8, 0x9732, 0x98d1, 0x9949, 0x996a, 0x99c3, 0x9a28, 0x9b0e, 0x9d5a, 0x9d9b, 0x7e9f,
	0x9ef8, 0x9f23, 0x4ca4, 0x9547, 0xa293, 0x71a2, 0xa2ff, 0x4d91, 0x9012, 0xa5cb, 0x4d9c, 0xc9c,
	0x8fbe, 0x55c1, 0xfffe, 0xfffe, 0xfffe, 0xfffe, 0xfffe, 0xfffe, 0xfffe, 0xfffe, 0xfffe, 0xfffe,
	0xfffe, 0xfffe, 0xfffe, 0xfffe, 0xfffe, 0xfffe, 0xfffe, 0xfffe, 0xfffe, 0xfffe, 0xfffe, 0xfffe,
	0xfffe, 0xfffe, 0xfffe, 0xfffe, 0xfffe, 0xfffe, 0xfffe, 0xfffe, 0xfffe, 0xfffe, 0xfffe, 0xfffe,
	0x8fba, 0x24b0, 0x8fb9, 0x4a93, 0x4509, 0x7e7f, 0x6f56, 0x6ab1, 0x4eea, 0x34e4, 0x8b2c, 0x789d,
	0x373a, 0x8e80, 0x17f5, 0x8024, 0x8b6c, 0x8b99, 0x7a3e, 0x66af, 0x3deb, 0x7655, 0x3cb7, 0x5635,
	0x5956, 0x4e9a, 0x5e81, 0x6258, 0x56bf, 0xe6d, 0x8e0e, 0x5b6d, 0x3e88, 0x4c9e, 0x63de, 0xfffe,
	0x17f6, 0x187b, 0x6530, 0x562d, 0x5c4a, 0x541a, 0x5311, 0x3dc6, 0x9d98, 0x4c7d, 0x5622, 0x561e,
	0x7f49, 0x5ed8, 0x5975, 0x3d40, 0x8770, 0x4e1c, 0xfea, 0xd49, 0x36ba, 0x8117, 0x9d5e, 0x8d18,
	0x763b, 0x9c45, 0x764e, 0x77b9, 0x9345, 0x5432, 0x8148, 0x82f7, 0x5625, 0x8132, 0x8418, 0x80bd,
	0x55ea, 0x7962, 0x5643, 0x5416, 0xe9d, 0x35ce, 0x5605, 0x55f1, 0x66f1, 0x82e2, 0x362d, 0x7534,
	0x55f0, 0x55ba, 0x5497, 0x5572, 0xc41, 0xc96, 0x5ed0, 0x5148, 0xe76, 0x2c62, 0xea2, 0x9eab,
	0x7d5a, 0x55de, 0x1075, 0x629d, 0x976d, 0x5494, 0x8ccd, 0x71f6, 0x9176, 0x63fc, 0x63b9, 0x63fe,
	0x5569, 0x2b43, 0x9c72, 0x2eb3, 0x519a, 0x34df, 0xda7, 0x51a7, 0x544d, 0x551e, 0x5513, 0x7666,
	0x8e2d, 0x688a, 0x75b1, 0x80b6, 0x8804, 0x8786, 0x88c7, 0x81b6, 0x841c, 0x10c1, 0x44ec, 0x7304,
	0x4706, 0x5b90, 0x830b, 0x6893, 0x567b, 0x26f4, 0x7d2f, 0x41a3, 0x7d73, 0x6ed0, 0x72b6, 0x9170,
	0x11d9, 0x9208, 0x3cfc, 0xa6a9, 0xeac, 0xef9, 0x7266, 0x1ca2, 0x474e, 0x4fc2, 0x7ff9, 0xfeb,
	0x40fa, 0xfffe, 0xfffe, 0xfffe, 0xfffe, 0xfffe, 0xfffe, 0xfffe, 0xfffe, 0xfffe, 0xfffe, 0xfffe,
	0xfffe, 0xfffe, 0xfffe, 0xfffe, 0xfffe, 0xfffe, 0xfffe, 0xfffe, 0xfffe, 0xfffe, 0xfffe, 0xfffe,
	0xfffe, 0xfffe, 0xfffe, 0xfffe, 0xfffe, 0xfffe, 0xfffe, 0xfffe, 0xfffe, 0xfffe, 0xfffe, 0x9c5d,
	0x651f, 0x2da0, 0x48f3, 0x47e0, 0x9d7c, 0xfec, 0xe0a, 0xfffe, 0x75a3, 0xfed, 0xfffe, 0x6048,
	0x1187, 0x71a3, 0x7e8e, 0x9d50, 0x4e1a, 0x4e04, 0x3577, 0x5b0d, 0x6cb2, 0x5367, 0x36ac, 0x39dc,
	0x537d, 0x36a5, 0x4618, 0x589a, 0x4b6e, 0x822d, 0x544b, 0x57aa, 0x5a95, 0x979, 0xfffe, 0x3a52,
	0x2465, 0x7374, 0x9eac, 0x4d09, 0x9bed, 0x3cfe, 0x9f30, 0x4c5b, 0x4fa9, 0x959e, 0x9fde, 0x845c,
	0x3db6, 0x72b2, 0x67b3, 0x3720, 0x632e, 0x7d25, 0x3ef7, 0x3e2c, 0x3a2a, 0x9008, 0x52cc, 0x3e74,
	0x367a, 0x45e9, 0x48e, 0x7640, 0x5af0, 0xeb6, 0x787a, 0x7f2e, 0x58a7, 0x40bf, 0x567c, 0x9b8b,
	0x5d74, 0x7654, 0xa434, 0x9e85, 0x4ce1, 0xfffe, 0x37fb, 0x6119, 0x30da, 0x43f2, 0xfffe, 0x565d,
	0x12a9, 0x57a7, 0x4963, 0x9e06, 0x5234, 0x70ae, 0x35ad, 0xfffe, 0x9d7c, 0x7c56, 0x9b39, 0x57de,
	0x176c, 0x5c53, 0x64d3, 0x94d0, 0x6335, 0x7164, 0x86ad, 0xd28, 0x6d22, 0x4ae2, 0xd71, 0xfffe,
	0x51fe, 0x1f0f, 0x5d8e, 0x9703, 0x1dd1, 0x9e81, 0x904c, 0x7b1f, 0x9b02, 0x5cd1, 0x7ba3, 0x6268,
	0x6335, 0x9aff, 0x7bcf, 0x9b2a, 0x7c7e, 0xfffe, 0x7c42, 0x7c86, 0x9c15, 0x7bfc, 0x9b09, 0xfffe,
	0x9c1b, 0x493e, 0x9f5a, 0x5573, 0x5bc3, 0x4ffd, 0x9e98, 0x4ff2, 0x5260, 0x3e06, 0x52d1, 0x5767,
	0x5056, 0x59b7, 0x5e12, 0x97c8, 0x9dab, 0x8f5c, 0x5469, 0x97b4, 0x9940, 0x97ba, 0x532c, 0x6130,
	0xfffe, 0xfffe, 0xfffe, 0xfffe, 0xfffe, 0xfffe, 0xfffe, 0xfffe, 0xfffe, 0xfffe, 0xfffe, 0xfffe,
	0xfffe, 0xfffe, 0xfffe, 0xfffe, 0xfffe, 0xfffe, 0xfffe, 0xfffe, 0xfffe, 0xfffe, 0xfffe, 0xfffe,
	0xfffe, 0xfffe, 0xfffe, 0xfffe, 0xfffe, 0xfffe, 0xfffe, 0xfffe, 0xfffe, 0xfffe, 0x692c, 0x53da,
	0x9c0a, 0x9d02, 0x4c3b, 0x9641, 0x6980, 0x50a6, 0x7546, 0x176d, 0x99da, 0x5273, 0xfffe, 0x9159,
	0x9681, 0x915c, 0xfffe, 0x9151, 0x8e97, 0x637f, 0x6d23, 0x6aca, 0x5611, 0x918e, 0x757a, 0x6285,
	0x3fc, 0x734f, 0x7c70, 0x5c21, 0x3cfd, 0xfffe, 0x4919, 0x76d6, 0x9b9d, 0x4e2a, 0xcd4, 0x83be,
	0x8842, 0xfffe, 0x5c4a, 0x69c0, 0xfffe, 0x577a, 0x521f, 0x5df5, 0x4ece, 0x6c31, 0x1f2, 0x4f39,
	0x549c, 0x54da, 0x529a, 0x8d82, 0x35fe, 0xfffe, 0x35f3, 0xfffe, 0x6b52, 0x917c, 0x9fa5, 0x9b97,
	0x982e, 0x98b4, 0x9aba, 0x9ea8, 0x9e84, 0x717a, 0x7b14, 0xfffe, 0x6bfa, 0x8818, 0x7f78, 0xfffe,
	0x5620, 0xa64a, 0x8e77, 0x9f53, 0xfffe, 0x8dd4, 0x8e4f, 0x9e1c, 0x8e01, 0x6282, 0x837d, 0x8e28,
	0x8e75, 0x7ad3, 0x4a77, 0x7a3e, 0x78d8, 0x6cea, 0x8a67, 0x7607, 0x8a5a, 0x9f26, 0x6cce, 0x87d6,
	0x75c3, 0xa2b2, 0x7853, 0xf840, 0x8d0c, 0x72e2, 0x7371, 0x8b2d, 0x7302, 0x74f1, 0x8ceb, 0x4abb,
	0x862f, 0x5fba, 0x88a0, 0x44b7, 0xfffe, 0x183b, 0x6e05, 0xfffe, 0x8a7e, 0x251b, 0xfffe, 0x60fd,
	0x7667, 0x9ad7, 0x9d44, 0x936e, 0x9b8f, 0x87f5, 0xfffe, 0xfffe, 0x8cf7, 0x732c, 0x9721, 0x9bb0,
	0x35d6, 0x72b2, 0x4c07, 0x7c51, 0x994a, 0x6159, 0x6159, 0x4c04, 0x9e96, 0x617d, 0xfffe, 0x575f,
	0x616f, 0x62a6, 0x6239, 0xfffe, 0x3a5c, 0x61e2, 0x53aa, 0x33f5, 0x6364, 0x6802, 0x35d2, 0xfffe,
	0xfffe, 0xfffe, 0xfffe, 0xfffe, 0xfffe, 0xfffe, 0xfffe, 0xfffe, 0xfffe, 0xfffe, 0xfffe, 0xfffe,
	0xfffe, 0xfffe, 0xfffe, 0xfffe, 0xfffe, 0xfffe, 0xfffe, 0xfffe, 0xfffe, 0xfffe, 0xfffe, 0xfffe,
	0xfffe, 0xfffe, 0xfffe, 0xfffe, 0xfffe, 0xfffe, 0xfffe, 0xfffe, 0xfffe, 0x5d57, 0x8bc2, 0x8fda,
	0x8e39, 0xfffe, 0x50d9, 0x1d46, 0x7906, 0x5332, 0x9638, 0xf3b, 0x4065, 0xfffe, 0x77fe, 0xfffe,
	0x7cc2, 0x5f1a, 0x7cda, 0x7a2d, 0x8066, 0x8063, 0x7d4d, 0x7505, 0x74f2, 0x8994, 0x821a, 0x670c,
	0x8062, 0x7486, 0x805b, 0x74f0, 0x8103, 0x7724, 0x8989, 0x67cc, 0x7553, 0x6ed1, 0x87a9, 0x87ce,
	0x81c8, 0x878c, 0x8a49, 0x8cad, 0x8b43, 0x772b, 0x74f8, 0x84da, 0x3635, 0x69b2, 0x8da6, 0xfffe,
	0x89a9, 0xfffe, 0x6db9, 0x87c1, 0x4011, 0x74e7, 0x3ddb, 0x7176, 0x60a4, 0x619c, 0x3cd1, 0xfffe,
	0x6077, 0xfffe, 0x7f71, 0x8b2d, 0xfffe, 0x60e9, 0x4b7e, 0x5220, 0x3c18, 0x3cc7, 0x5ed7, 0x7656,
	0x5531, 0x1944, 0x12fe, 0x9903, 0x6ddc, 0x70ad, 0x5cc1, 0x61ad, 0x8a0f, 0x3677, 0xee, 0x6846,
	0x4f0e, 0x4562, 0x5b1f, 0x634c, 0x9f50, 0x9ea6, 0x626b, 0x2460, 0x2461, 0x2462, 0x2463, 0x2464,
	0x2465, 0x2466, 0x2467, 0x2468, 0x2469, 0x2474, 0x2475, 0x2476, 0x2477, 0x2478, 0x2479, 0x247a,
	0x247b, 0x247c, 0x247d, 0x2170, 0x2171, 0x2172, 0x2173, 0x2174, 0x2175, 0x2176, 0x2177, 0x2178,
	0x2179, 0x4e36, 0x4e3f, 0x4e85, 0x4ea0, 0x5182, 0x5196, 0x51ab, 0x52f9, 0x5338, 0x5369, 0x53b6,
	0x590a, 0x5b80, 0x5ddb, 0x2f33, 0x5e7f, 0xfffe, 0x5f50, 0x5f61, 0x6534, 0xfffe, 0x7592, 0xfffe,
	0x8fb5, 0xfffe, 0xa8, 0x2c6, 0x30fd, 0x30fe, 0x309d, 0x309e, 0xfffe, 0xfffe, 0x3005, 0x3006,
	0x3007, 0x30fc, 0xff3b, 0xff3d, 0x273d, 0x3041, 0x3042, 0x3043, 0x3044, 0x3045, 0x3046, 0x3047,
	0x3048, 0x3049, 0x304a, 0x304b, 0x304c, 0x304d, 0x304e, 0x304f, 0x3050, 0x3051, 0x3052, 0x3053,
	0x3054, 0x3055, 0x3056, 0x3057, 0x3058, 0x3059, 0x305a, 0x305b, 0x305c, 0x305d, 0x305e, 0x305f,
	0x3060, 0x3061, 0x3062, 0x3063, 0x3064, 0x3065, 0x3066, 0x3067, 0x3068, 0x3069, 0x306a, 0x306b,
	0x306c, 0x306d, 0x306e, 0x306f, 0x3070, 0x3071, 0x3072, 0x3073, 0x3074, 0x3075, 0x3076, 0x3077,
	0x3078, 0x3079, 0x307a, 0x307b, 0x307c, 0x307d, 0x307e, 0x307f, 0x3080, 0x3081, 0x3082, 0x3083,
	0x3084, 0x3085, 0x3086, 0x3087, 0x3088, 0x3089, 0x308a, 0x308b, 0x308c, 0x308d, 0x308e, 0x308f,
	0x3090, 0x3091, 0x3092, 0x3093, 0x30a1, 0x30a2, 0x30a3, 0x30a4, 0xfffe, 0xfffe, 0xfffe, 0xfffe,
	0xfffe, 0xfffe, 0xfffe, 0xfffe, 0xfffe, 0xfffe, 0xfffe, 0xfffe, 0xfffe, 0xfffe, 0xfffe, 0xfffe,
	0xfffe, 0xfffe, 0xfffe, 0xfffe, 0xfffe, 0xfffe, 0xfffe, 0xfffe, 0xfffe, 0xfffe, 0xfffe, 0xfffe,
	0xfffe, 0xfffe, 0xfffe, 0xfffe, 0xfffe, 0xfffe, 0x30a5, 0x30a6, 0x30a7, 0x30a8, 0x30a9, 0x30aa,
	0x30ab, 0x30ac, 0x30ad, 0x30ae, 0x30af, 0x30b0, 0x30b1, 0x30b2, 0x30b3, 0x30b4, 0x30b5, 0x30b6,
	0x30b7, 0x30b8, 0x30b9, 0x30ba, 0x30bb, 0x30bc, 0x30bd, 0x30be, 0x30bf, 0x30c0, 0x30c1, 0x30c2,
	0x30c3, 0x30c4, 0x30c5, 0x30c6, 0x30c7, 0x30c8, 0x30c9, 0x30ca, 0x30cb, 0x30cc, 0x30cd, 0x30ce,
	0x30cf, 0x30d0, 0x30d1, 0x30d2, 0x30d3, 0x30d4, 0x30d5, 0x30d6, 0x30d7, 0x30d8, 0x30d9, 0x30da,
	0x30db, 0x30dc, 0x30dd, 0x30de, 0x30df, 0x30e0, 0x30e1, 0x30e2, 0x30e3, 0x30e4, 0x30e5, 0x30e6,
	0x30e7, 0x30e8, 0x30e9, 0x30ea, 0x30eb, 0x30ec, 0x30ed, 0x30ee, 0x30ef, 0x30f0, 0x30f1, 0x30f2,
	0x30f3, 0x30f4, 0x30f5, 0x30f6, 0x410, 0x411, 0x412, 0x413, 0x414, 0x415, 0x401, 0x416,
	0x417, 0x418, 0x419, 0x41a, 0x41b, 0x41c, 0x41d, 0x41e, 0x41f, 0x420, 0x421, 0x422,
	0x423, 0x424, 0x425, 0x426, 0x427, 0x428, 0x429, 0x42a, 0x42b, 0x42c, 0x42d, 0x42e,
	0x42f, 0x430, 0x431, 0x432, 0x433, 0x434, 0x435, 0x451, 0x436, 0x437, 0x438, 0x439,
	0x43a, 0x43b, 0x43c, 0x43d, 0x43e, 0x43f, 0x440, 0x441, 0x442, 0x443, 0x444, 0x445,
	0x446, 0x447, 0x448, 0x449, 0x44a, 0x44b, 0x44c, 0x44d, 0x44e, 0x44f, 0x21e7, 0x21b8,
	0x21b9, 0x31cf, 0xcc, 0x4e5a, 0x8a, 0x5202, 0x4491, 0xfffe, 0xfffe, 0xfffe, 0xfffe, 0xfffe,
	0xfffe, 0xfffe, 0xfffe, 0xfffe, 0xfffe, 0xfffe, 0xfffe, 0xfffe, 0xfffe, 0xfffe, 0xfffe, 0xfffe,
	0xfffe, 0xfffe, 0xfffe, 0xfffe, 0xfffe, 0xfffe, 0xfffe, 0xfffe, 0xfffe, 0xfffe, 0xfffe, 0xfffe,
	0xfffe, 0xfffe, 0xfffe, 0xfffe, 0xfffe, 0x9fb0, 0x5188, 0x9fb1, 0x7607, 0xfffe, 0xfffe, 0xfffe,
	0xfffe, 0xfffe, 0xfffe, 0xfffe, 0xfffe, 0xfffe, 0xfffe, 0xfffe, 0xfffe, 0xfffe, 0xfffe, 0xfffe,
	0xfffe, 0xfffe, 0xfffe, 0xfffe, 0xfffe, 0xfffe, 0xfffe, 0xfffe, 0xfffe, 0xfffe, 0xfffe, 0xfffe,
	0xfffe, 0xfffe, 0xfffe, 0xfffe, 0xfffe, 0xfffe, 0xfffe, 0xfffe, 0xfffe, 0xfffe, 0xfffe, 0xfffe,
	0xfffe, 0xffe2, 0xffe4, 0xff07, 0xff02, 0x3231, 0x2116, 0x2121, 0x309b, 0x309c, 0x2e80, 0x2e84,
	0x2e86, 0x2e87, 0x2e88, 0x2e8a, 0x2e8c, 0x2e8d, 0x2e95, 0x2e9c, 0x2e9d, 0x2ea5, 0x2ea7, 0x2eaa,
	0x2eac, 0x2eae, 0x2eb6, 0x2ebc, 0x2ebe, 0x2ec6, 0x2eca, 0x2ecc, 0x2ecd, 0x2ecf, 0x2ed6, 0x2ed7,
	0x2ede, 0x2ee3, 0xfffe, 0xfffe, 0xfffe, 0x283, 0x250, 0x25b, 0x254, 0x275, 0x153, 0xf8,
	0x14b, 0x28a, 0x26a, 0x7881, 0x92b9, 0x88cf, 0x58bb, 0x6052, 0x7ca7, 0x5afa, 0x2554, 0x2566,
	0x2557, 0x2560, 0x256c, 0x2563, 0x255a, 0x2569, 0x255d, 0x2552, 0x2564, 0x2555, 0x255e, 0x256a,
	0x2561, 0x2558, 0x2567, 0x255b, 0x2553, 0x2565, 0x2556, 0x255f, 0x256b, 0x2562, 0x2559, 0x2568,
	0x255c, 0x2551, 0x2550, 0x256d, 0x256e, 0x2570, 0x256f, 0xffed, 0x547, 0x92db, 0x5df, 0x3fc5,
	0x854c, 0x42b5, 0x73ef, 0x51b5, 0x3649, 0x4942, 0x89e4, 0x9344, 0x19db, 0x82ee, 0x3cc8, 0x783c,
	0x6744, 0x62df, 0x4933, 0x89aa, 0x2a0, 0x6bb3, 0x1305, 0x4fab, 0x24ed, 0x5008, 0x6d29, 0x7a84,
	0x3600, 0x4ab1, 0x2513, 0xfffe, 0x37e, 0x5fa4, 0x380, 0x347, 0x6edb, 0x41f, 0xfffe, 0x5101,
	0x347a, 0x510e, 0x986c, 0x3743, 0x8416, 0x49a4, 0x487, 0x5160, 0x33b4, 0x516a, 0xbff, 0x20fc,
	0x2e5, 0x2530, 0x58e, 0x3233, 0x1983, 0x5b82, 0x877d, 0x5b3, 0x3c99, 0x51b2, 0x51b8, 0xfffe,
	0xfffe, 0xfffe, 0xfffe, 0xfffe, 0xfffe, 0xfffe, 0xfffe, 0xfffe, 0xfffe, 0xfffe, 0xfffe, 0xfffe,
	0xfffe, 0xfffe, 0xfffe, 0xfffe, 0xfffe, 0xfffe, 0xfffe, 0xfffe, 0xfffe, 0xfffe, 0xfffe, 0xfffe,
	0xfffe, 0xfffe, 0xfffe, 0xfffe, 0xfffe, 0xfffe, 0xfffe, 0xfffe, 0xfffe, 0x9d34, 0x51c9, 0x51cf,
	0x51d1, 0x3cdc, 0x51d3, 0x4aa6, 0x51b3, 0x51e2, 0x5342, 0x51ed, 0x83cd, 0x693e, 0x372d, 0x5f7b,
	0x520b, 0x5226, 0x523c, 0x52b5, 0x5257, 0x5294, 0x52b9, 0x52c5, 0x7c15, 0x8542, 0x52e0, 0x860d,
	0x6b13, 0xfffe, 0x8ade, 0x5549, 0x6ed9, 0x3f80, 0x954, 0x3fec, 0x5333, 0xfffe, 0xbe2, 0x6ccb,
	0x1726, 0x681b, 0x73d5, 0x604a, 0x3eaa, 0x38cc, 0x16e8, 0x71dd, 0x44a2, 0x536d, 0x5374, 0x86ab,
	0x537e, 0xfffe, 0x1596, 0x1613, 0x77e6, 0x5393, 0x8a9b, 0x53a0, 0x53ab, 0x53ae, 0x73a7, 0x5772,
	0x3f59, 0x739c, 0x53c1, 0x53c5, 0x6c49, 0x4e49, 0x57fe, 0x53d9, 0x3aab, 0xb8f, 0x53e0, 0x3feb,
	0x2da3, 0x53f6, 0xc77, 0x5413, 0x7079, 0x552b, 0x6657, 0x6d5b, 0x546d, 0x6b53, 0xd74, 0x555d,
	0x548f, 0x54a4, 0x47a6, 0x170d, 0xedd, 0x3db4, 0xd4d, 0x89bc, 0x2698, 0x5547, 0x4ced, 0x542f,
	0x7417, 0x5586, 0x55a9, 0xfffe, 0x18d7, 0x403a, 0x4552, 0x4435, 0x66b3, 0x10b4, 0x5637, 0x66cd,
	0x328a, 0x66a4, 0x66ad, 0x564d, 0x564f, 0x78f1, 0x56f1, 0x9787, 0x53fe, 0x5700, 0x56ef, 0x56ed,
	0x8b66, 0x3623, 0x124f, 0x5746, 0x41a5, 0x6c6e, 0x708b, 0x5742, 0x36b1, 0x6c7e, 0x57e6, 0x1416,
	0x5803, 0x1454, 0x4363, 0x5826, 0x4bf5, 0x585c, 0x58aa, 0x3561, 0x58e0, 0x58dc, 0x123c, 0x58fb,
	0x5bff, 0x5743, 0xa150, 0x4278, 0x93d3, 0x35a1, 0x591f, 0x68a6, 0x36c3, 0x6e59, 0xfffe, 0xfffe,
	0xfffe, 0xfffe, 0xfffe, 0xfffe, 0xfffe, 0xfffe, 0xfffe, 0xfffe, 0xfffe, 0xfffe, 0xfffe, 0xfffe,
	0xfffe, 0xfffe, 0xfffe, 0xfffe, 0xfffe, 0xfffe, 0xfffe, 0xfffe, 0xfffe, 0xfffe, 0xfffe, 0xfffe,
	0xfffe, 0xfffe, 0xfffe, 0xfffe, 0xfffe, 0xfffe, 0xfffe, 0xfffe, 0x163e, 0x5a24, 0x5553, 0x1692,
	0x8505, 0x59c9, 0xd4e, 0x6c81, 0x6d2a, 0x17dc, 0x59d9, 0x17fb, 0x17b2, 0x6da6, 0x6d71, 0x1828,
	0x16d5, 0x59f9, 0x6e45, 0x5aab, 0x5a63, 0x36e6, 0x49a9, 0xfffe, 0x3708, 0x5a96, 0x7465, 0x5ad3,
	0x6fa1, 0x2554, 0x3d85, 0x1911, 0x3732, 0x16b8, 0x5e83, 0x52d0, 0x5b76, 0x6588, 0x5b7c, 0x7a0e,
	0x4004, 0x485d, 0x204, 0x5bd5, 0x6160, 0x1a34, 0x59cc, 0x5a5, 0x5bf3, 0x5b9d, 0x4d10, 0x5c05,
	0x1b44, 0x5c13, 0x73ce, 0x5c14, 0x1ca5, 0x6b28, 0x5c49, 0x48dd, 0x5c85, 0x5ce9, 0x5cef, 0x5d8b,
	0x1df9, 0x1e37, 0x5d10, 0x5d18, 0x5d46, 0x1ea4, 0x5cba, 0x5dd7, 0x82fc, 0x382d, 0x4901, 0x2049,
	0x2173, 0x8287, 0x3836, 0x3bc2, 0x5e2e, 0x6a8a, 0xfffe, 0x5e7a, 0x44bc, 0xcd3, 0x53a6, 0x4eb7,
	0xfffe, 0x53a8, 0x1771, 0x5e09, 0x5ef4, 0x8482, 0x5ef9, 0x5efb, 0x38a0, 0x5efc, 0x683e, 0x941b,
	0x5f0d, 0x1c1, 0xf894, 0x3ade, 0x48ae, 0x133a, 0x5f3a, 0x6888, 0x23d0, 0xfffe, 0x2471, 0x5f63,
	0x97bd, 0x6e6e, 0x5f72, 0x9340, 0x8a36, 0x5fa7, 0x5db6, 0x3d5f, 0x5250, 0x1f6a, 0x70f8, 0x2668,
	0x91d6, 0x29e, 0x8a29, 0x6031, 0x6685, 0x1877, 0x3963, 0x3dc7, 0x3639, 0x5790, 0x27b4, 0x7971,
	0x3e40, 0x609e, 0xfffe, 0x60b3, 0x4982, 0x498f, 0x7a53, 0x74a4, 0x50e1, 0x5aa0, 0x6164, 0x8424,
	0x6142, 0xf8a6, 0x6ed2, 0x6181, 0x51f4, 0x656, 0x6187, 0x5baa, 0x3fb7, 0xfffe, 0xfffe, 0xfffe,
	0xfffe, 0xfffe, 0xfffe, 0xfffe, 0xfffe, 0xfffe, 0xfffe, 0xfffe, 0xfffe, 0xfffe, 0xfffe, 0xfffe,
	0xfffe, 0xfffe, 0xfffe, 0xfffe, 0xfffe, 0xfffe, 0xfffe, 0xfffe, 0xfffe, 0xfffe, 0xfffe, 0xfffe,
	0xfffe, 0xfffe, 0xfffe, 0xfffe, 0xfffe, 0xfffe, 0xfffe, 0x285f, 0x61d3, 0x8b9d, 0x995d, 0x61d0,
	0x3932, 0x2980, 0x28c1, 0x6023, 0x615c, 0x651e, 0x638b, 0x118, 0x62c5, 0x1770, 0x62d5, 0x2e0d,
	0x636c, 0x49df, 0x3a17, 0x6438, 0x63f8, 0x138e, 0x17fc, 0xfffe, 0x6f8a, 0x2e36, 0x9814, 0x408c,
	0x571d, 0x64e1, 0x64e5, 0x947b, 0x3a66, 0x643a, 0x3a57, 0x654d, 0x6f16, 0x4a28, 0x4a23, 0x6585,
	0x656d, 0x655f, 0x307e, 0x65b5, 0x4940, 0x4b37, 0x65d1, 0x40d8, 0x1829, 0x65e0, 0x65e3, 0x5fdf,
	0x3400, 0x6618, 0x31f7, 0x31f8, 0x6644, 0x31a4, 0x31a5, 0x664b, 0xe75, 0x6667, 0x51e6, 0x6673,
	0xfffe, 0x1e3d, 0x3231, 0x85f4, 0x31c8, 0x5313, 0x77c5, 0x28f7, 0x99a4, 0x6702, 0x439c, 0x4a21,
	0x3b2b, 0x69fa, 0x37c2, 0xfffe, 0x6767, 0x6762, 0x41cd, 0x90ed, 0x67d7, 0x44e9, 0x6822, 0x6e50,
	0x923c, 0x6801, 0x33e6, 0x6da0, 0x685d, 0x346f, 0x69e1, 0x6a0b, 0x8adf, 0x6973, 0x68c3, 0x35cd,
	0x6901, 0x6900, 0x3d32, 0x3a01, 0x363c, 0x3b80, 0x67ac, 0x6961, 0x8a4a, 0x42fc, 0x6936, 0x6998,
	0x3ba1, 0x3c9, 0x8363, 0x5090, 0x69f9, 0x3659, 0x212a, 0x6a45, 0x3703, 0x6a9d, 0x3bf3, 0x67b1,
	0x6ac8, 0x919c, 0x3c0d, 0x6b1d, 0x923, 0x60de, 0x6b35, 0x6b74, 0x27cd, 0x6eb5, 0x3adb, 0x3b5,
	0x1958, 0x3740, 0x5421, 0x3b5a, 0x6be1, 0x3efc, 0x6bdc, 0x6c37, 0x248b, 0x48f1, 0x6b51, 0x6c5a,
	0x8226, 0x6c79, 0x3dbc, 0x44c5, 0x3dbd, 0x41a4, 0x490c, 0x4900, 0xfffe, 0xfffe, 0xfffe, 0xfffe,
	0xfffe, 0xfffe, 0xfffe, 0xfffe, 0xfffe, 0xfffe, 0xfffe, 0xfffe, 0xfffe, 0xfffe, 0xfffe, 0xfffe,
	0xfffe, 0xfffe, 0xfffe, 0xfffe, 0xfffe, 0xfffe, 0xfffe, 0xfffe, 0xfffe, 0xfffe, 0xfffe, 0xfffe,
	0xfffe, 0xfffe, 0xfffe, 0xfffe, 0xfffe, 0xfffe, 0x3cc9, 0x36e5, 0x3ceb, 0xd32, 0x9b83, 0x31f9,
	0x2491, 0x7f8f, 0x6837, 0x6d25, 0x6da1, 0x6deb, 0x6d96, 0x6d5c, 0x6e7c, 0x6f04, 0x497f, 0x4085,
	0x6e72, 0x8533, 0x6f74, 0x51c7, 0xfffe, 0xfffe, 0x842e, 0x8b21, 0xfffe, 0x3e2f, 0x7453, 0x3f82,
	0x79cc, 0x6e4f, 0x5a91, 0x304b, 0x6ff8, 0x370d, 0x6f9d, 0x3e30, 0x6efa, 0x1497, 0x403d, 0x4555,
	0x93f0, 0x6f44, 0x6f5c, 0x3d4e, 0x6f74, 0x9170, 0x3d3b, 0x6f9f, 0x4144, 0x6fd3, 0x4091, 0x4155,
	0x4039, 0x3ff0, 0x3fb4, 0x413f, 0x51df, 0x4156, 0x4157, 0x4140, 0x61dd, 0x704b, 0x707e, 0x70a7,
	0x7081, 0x70cc, 0x70d5, 0x70d6, 0x70df, 0x4104, 0x3de8, 0x71b4, 0x7196, 0x4277, 0x712b, 0x7145,
	0x5a88, 0x714a, 0xfffe, 0x5c9c, 0x4365, 0x714f, 0x9362, 0x42c1, 0x712c, 0x445a, 0x4a27, 0x4a22,
	0x71ba, 0x8be8, 0x70bd, 0x720e, 0x9442, 0x7215, 0x5911, 0x9443, 0x7224, 0x9341, 0x5605, 0x722e,
	0x7240, 0x4974, 0x68bd, 0x7255, 0x7257, 0x3e55, 0x3044, 0x680d, 0x6f3d, 0x7282, 0xfffe, 0x732b,
	0x4823, 0x882b, 0x48ed, 0x8804, 0x7328, 0x732e, 0x73cf, 0x73aa, 0xc3a, 0x6a2e, 0x73c9, 0x7449,
	0x41e2, 0x16e7, 0x4a24, 0x6623, 0x36c5, 0x49b7, 0x498d, 0x49fb, 0x73f7, 0x7415, 0x6903, 0x4a26,
	0x7439, 0x5c3, 0x3ed7, 0xfffe, 0x28ad, 0x7460, 0x8eb2, 0x7447, 0x73e4, 0x7476, 0x83b9, 0x746c,
	0x3730, 0x7474, 0x93f1, 0x6a2c, 0x7482, 0x4953, 0x4a8c, 0xfffe, 0xfffe, 0xfffe, 0xfffe, 0xfffe,
	0xfffe, 0xfffe, 0xfffe, 0xfffe, 0xfffe, 0xfffe, 0xfffe, 0xfffe, 0xfffe, 0xfffe, 0xfffe, 0xfffe,
	0xfffe, 0xfffe, 0xfffe, 0xfffe, 0xfffe, 0xfffe, 0xfffe, 0xfffe, 0xfffe, 0xfffe, 0xfffe, 0xfffe,
	0xfffe, 0xfffe, 0xfffe, 0xfffe, 0xfffe, 0x415f, 0x4a79, 0x8b8f, 0x5b46, 0x8c03, 0x189e, 0x74c8,
	0x1988, 0x750e, 0xfffe, 0x751e, 0x8ed9, 0x1a4b, 0x5bd7, 0x8eac, 0x9385, 0x754d, 0x754a, 0x7567,
	0x756e, 0x4f82, 0x3f04, 0x4d13, 0x758e, 0x745d, 0x759e, 0x75b4, 0x7602, 0x762c, 0x7651, 0x764f,
	0x766f, 0x7676, 0x63f5, 0x7690, 0x81ef, 0x37f8, 0x6911, 0x690e, 0x76a1, 0x76a5, 0x76b7, 0x76cc,
	0x6f9f, 0x8462, 0x509d, 0x517d, 0x1e1c, 0x771e, 0x7726, 0x7740, 0x64af, 0x5220, 0x7758, 0x32ac,
	0x77af, 0x8964, 0x8968, 0x16c1, 0x77f4, 0xfffe, 0x1376, 0x4a12, 0x68ca, 0x78af, 0x78c7, 0x78d3,
	0x96a5, 0x792e, 0x55e0, 0x78d7, 0x7934, 0x78b1, 0x760c, 0x8fb8, 0x8884, 0x8b2b, 0x6083, 0x261c,
	0x7986, 0x8900, 0x6902, 0x7980, 0x5857, 0x799d, 0x7b39, 0x793c, 0x79a9, 0x6e2a, 0x7126, 0x3ea8,
	0x79c6, 0x910d, 0x79d4,
}

var _big5hkscs_bmp_encmap_flat = [26401]uint16{
	0xc6d8, 0xffff, 0xffff, 0xffff, 0xffff, 0xffff, 0xffff, 0xffff, 0xffff, 0xffff, 0xffff, 0xffff,
	0xffff, 0xffff, 0xffff, 0xffff, 0xffff, 0xffff, 0xffff, 0xffff, 0xffff, 0xffff, 0xffff, 0xffff,
	0x8859, 0x8857, 0xffff, 0xffff, 0xffff, 0xffff, 0xffff, 0xffff, 0x885d, 0x885b, 0xfffe, 0xffff,
	0xffff, 0xffff, 0xffff, 0xffff, 0xffff, 0xffff, 0x8861, 0x885f, 0xffff, 0xffff, 0xffff, 0xffff,
	0xffff, 0xffff, 0xffff, 0xffff, 0xffff, 0xffff, 0xffff, 0xffff, 0x886a, 0x8868, 0xffff, 0xffff,
	0xffff, 0xffff, 0xffff, 0xffff, 0x886f, 0x886d, 0xfffe, 0xffff, 0x8873, 0x8871, 0xffff, 0xffff,
	0xffff, 0xffff, 0x8877, 0x8875, 0xffff, 0xffff, 0xffff, 0xffff, 0xc8fb, 0x887b, 0x8879, 0xffff,
	0x88a2, 0x8856, 0x8867, 0xffff, 0xffff, 0xffff, 0xffff, 0xffff, 0xffff, 0xffff, 0xffff, 0xffff,
	0xffff, 0xffff, 0xffff, 0xffff, 0xffff, 0xffff, 0xffff, 0x885a, 0x886c, 0xffff, 0xffff, 0xffff,
	0xffff, 0xffff, 0xffff, 0x885c, 0x886e, 0xffff, 0xffff, 0xffff, 0xffff, 0xffff, 0xffff, 0xffff,
	0xffff, 0xffff, 0xffff, 0xffff, 0xffff, 0xffff, 0xffff, 0xffff, 0x8870, 0xffff, 0xffff, 0xffff,
	0xffff, 0xffff, 0xffff, 0xffff, 0xffff, 0xffff, 0xffff, 0xffff, 0xffff, 0xffff, 0xffff, 0xffff,
	0xffff, 0xffff, 0xffff, 0xffff, 0xffff, 0xffff, 0xffff, 0xffff, 0xffff, 0xffff, 0xffff, 0xffff,
	0xffff, 0xffff, 0xffff, 0xffff, 0xc8fc, 0x885e, 0x8874, 0xffff, 0xffff, 0xffff, 0xffff, 0xffff,
	0xc8fa, 0xffff, 0xffff, 0xffff, 0xffff, 0xffff, 0xffff, 0xffff, 0xffff, 0xffff, 0xffff, 0xffff,
	0xffff, 0xffff, 0xffff, 0xffff, 0xffff, 0xffff, 0xffff, 0xffff, 0xffff, 0xffff, 0xffff, 0xffff,
	0x8878, 0xffff, 0xffff, 0xffff, 0xffff, 0xffff, 0xffff, 0xffff, 0xffff, 0xffff, 0xffff, 0xffff,
	0xffff, 0xffff, 0xffff, 0xffff, 0xffff, 0xffff, 0xffff, 0xffff, 0xffff, 0xffff, 0xffff, 0xffff,
	0xffff, 0xffff, 0xffff, 0xffff, 0xffff, 0xffff, 0xffff, 0xffff, 0xffff, 0xffff, 0xffff, 0xffff,
	0xffff, 0xffff, 0xffff, 0xffff, 0xffff, 0xffff, 0xffff, 0xffff, 0xffff, 0xffff, 0xffff, 0xffff,
	0xffff, 0xffff, 0xffff, 0xffff, 0xffff, 0xffff, 0xffff, 0xffff, 0xffff, 0xffff, 0xffff, 0xffff,
	0xffff, 0xffff, 0xffff, 0xffff, 0xffff, 0xffff, 0xffff, 0xffff, 0xffff, 0xffff, 0xffff, 0xffff,
	0xffff, 0xffff, 0xffff, 0xffff, 0xffff, 0xffff, 0xffff, 0xffff, 0xffff, 0xffff, 0xffff, 0xffff,
	0xffff, 0xffff, 0xffff, 0xffff, 0xffff, 0xffff, 0xffff, 0xffff, 0xffff, 0xffff, 0xffff, 0xffff,
	0xffff, 0xffff, 0x8858, 0x8869, 0xffff, 0x8872, 0x8860, 0x8876, 0xffff, 0x887a, 0xffff, 0x887c,
	0xffff, 0x887d, 0xffff, 0x887e, 0xffff, 0x88a1, 0xc8f6, 0x886b, 0xffff, 0xffff, 0xc8f8, 0xffff,
	0xffff, 0xffff, 0xffff, 0xffff, 0xffff, 0xc8f7, 0xffff, 0xffff, 0xffff, 0xffff, 0xffff, 0x88a8,
	0xffff, 0xffff, 0xffff, 0xffff, 0xffff, 0xffff, 0xffff, 0xffff, 0xc8fe, 0xffff, 0xffff, 0xffff,
	0xffff, 0xffff, 0xffff, 0xffff, 0xffff, 0xffff, 0xffff, 0xc8f9, 0xffff, 0xffff, 0xffff, 0xffff,
	0xffff, 0xffff, 0xffff, 0xffff, 0xffff, 0xffff, 0xffff, 0xffff, 0xffff, 0xc8f5, 0xffff, 0xffff,
	0xffff, 0xffff, 0xffff, 0xffff, 0xc8fd, 0xffff, 0xffff, 0xffff, 0xffff, 0xffff, 0xffff, 0xffff,
	0xffff, 0xffff, 0xffff, 0xffff, 0xffff, 0xffff, 0xffff, 0xffff, 0xffff, 0xffff, 0xffff, 0xffff,
	0xffff, 0xffff, 0xffff, 0xffff, 0xffff, 0xffff, 0xffff, 0xffff, 0xffff, 0xffff, 0xffff, 0xffff,
	0xffff, 0xffff, 0xffff, 0xffff, 0xffff, 0xffff, 0xffff, 0xffff, 0xffff, 0xffff, 0xffff, 0xffff,
	0xffff, 0xffff, 0xffff, 0xffff, 0xffff, 0xffff, 0xffff, 0xffff, 0xffff, 0xffff, 0xffff, 0xffff,
	0xffff, 0xffff, 0xffff, 0xffff, 0xc6d9, 0xc7f9, 0xffff, 0xffff, 0xffff, 0xffff, 0xffff, 0xffff,
	0xffff, 0xffff, 0xffff, 0xffff, 0xffff, 0xffff, 0xffff, 0xffff, 0xc7f3, 0xc7f4, 0xc7f5, 0xc7f6,
	0xc7f7, 0xc7f8, 0xc7fa, 0xc7fb, 0xc7fc, 0xc7fd, 0xc7fe, 0xc840, 0xc841, 0xc842, 0xc843, 0xc844,
	0xc845, 0xc846, 0xc847, 0xc848, 0xc849, 0xc84a, 0xc84b, 0xc84c, 0xc84d, 0xc84e, 0xc84f, 0xc850,
	0xc851, 0xc852, 0xc853, 0xc854, 0xc855, 0xc856, 0xc857, 0xc858, 0xc859, 0xc85a, 0xc85c, 0xc85d,
	0xc85e, 0xc85f, 0xc860, 0xc861, 0xc862, 0xc863, 0xc864, 0xc865, 0xc866, 0xc867, 0xc868, 0xc869,
	0xc86a, 0xc86b, 0xc86c, 0xc86d, 0xc86e, 0xc86f, 0xc870, 0xc871, 0xc872, 0xc873, 0xc874, 0xc875,
	0xffff, 0xc85b, 0x8863, 0x88a4, 0x8865, 0x88a6, 0xc8d2, 0xffff, 0xffff, 0xffff, 0xffff, 0xffff,
	0xffff, 0xffff, 0xffff, 0xffff, 0xffff, 0xc8d3, 0xffff, 0xffff, 0xffff, 0xffff, 0xffff, 0xffff,
	0xffff, 0xffff, 0xffff, 0xffff, 0xffff, 0xffff, 0xffff, 0xffff, 0xffff, 0xffff, 0xffff, 0xffff,
	0xffff, 0xffff, 0xffff, 0xffff, 0xffff, 0xffff, 0xffff, 0xffff, 0xffff, 0xffff, 0xffff, 0xffff,
	0xffff, 0xffff, 0xffff, 0xffff, 0xffff, 0xffff, 0xffff, 0xffff, 0xffff, 0xffff, 0xffff, 0xffff,
	0xffff, 0xffff, 0xffff, 0xffff, 0xffff, 0xffff, 0xffff, 0xffff, 0xffff, 0xffff, 0xffff, 0xffff,
	0xffff, 0xffff, 0xffff, 0xffff, 0xffff, 0xffff, 0xffff, 0xffff, 0xffff, 0xffff, 0xffff, 0xffff,
	0xffff, 0xffff, 0xffff, 0xffff, 0xffff, 0xffff, 0xffff, 0xffff, 0xffff, 0xffff, 0xffff, 0xffff,
	0xc6b5, 0xc6b6, 0xc6b7, 0xc6b8, 0xc6b9, 0xc6ba, 0xc6bb, 0xc6bc, 0xc6bd, 0xc6be, 0xffff, 0xffff,
	0xffff, 0xffff, 0xffff, 0xffff, 0xffff, 0xffff, 0xffff, 0xffff, 0xffff, 0xffff, 0xffff, 0xffff,
	0xffff, 0xffff, 0xffff, 0xffff, 0xffff, 0xffff, 0xffff, 0xffff, 0xffff, 0xffff, 0xffff, 0xffff,
	0xffff, 0xffff, 0xffff, 0xffff, 0xffff, 0xffff, 0xffff, 0xffff, 0xffff, 0xffff, 0xffff, 0xffff,
	0xffff, 0xffff, 0xffff, 0xffff, 0xffff, 0xffff, 0xffff, 0xffff, 0xffff, 0xffff, 0xffff, 0xffff,
	0xffff, 0xffff, 0xffff, 0xffff, 0xffff, 0xffff, 0xffff, 0xffff, 0xffff, 0xffff, 0xffff, 0xffff,
	0xc877, 0xc878, 0xffff, 0xffff, 0xffff, 0xffff, 0xffff, 0xffff, 0xffff, 0xffff, 0xffff, 0xffff,
	0xffff, 0xffff, 0xffff, 0xffff, 0xffff, 0xffff, 0xffff, 0xffff, 0xffff, 0xffff, 0xffff, 0xffff,
	0xffff, 0xffff, 0xffff, 0xffff, 0xffff, 0xffff, 0xffff, 0xffff, 0xffff, 0xffff, 0xffff, 0xffff,
	0xffff, 0xffff, 0xffff, 0xffff, 0xffff, 0xffff, 0xffff, 0xffff, 0xffff, 0xffff, 0xffff, 0xc876,
	0x88a9, 0x88aa, 0xc6a1, 0xc6a2, 0xc6a3, 0xc6a4, 0xc6a5, 0xc6a6, 0xc6a7, 0xc6a8, 0xc6a9, 0xc6aa,
	0xffff, 0xffff, 0xffff, 0xffff, 0xffff, 0xffff, 0xffff, 0xffff, 0xffff, 0xffff, 0xc6ab, 0xc6ac,
	0xc6ad, 0xc6ae, 0xc6af, 0xc6b0, 0xc6b1, 0xc6b2, 0xc6b3, 0xc6b4, 0xf9f9, 0xf9f8, 0xf9e6, 0xf9ef,
	0xf9dd, 0xf9e8, 0xf9f1, 0xf9df, 0xf9ec, 0xf9f5, 0xf9e3, 0xf9ee, 0xf9f7, 0xf9e5, 0xf9e9, 0xf9f2,
	0xf9e0, 0xf9eb, 0xf9f4, 0xf9e2, 0xf9e7, 0xf9f0, 0xf9de, 0xf9ed, 0xf9f6, 0xf9e4, 0xf9ea, 0xf9f3,
	0xf9e1, 0xf9fa, 0xf9fb, 0xf9fd, 0xf9fc, 0xc6e6, 0xc8d6, 0xffff, 0xffff, 0xffff, 0xc8d7, 0xffff,
	0xc8d8, 0xc8d9, 0xc8da, 0xffff, 0xc8db, 0xffff, 0xc8dc, 0xc8dd, 0xffff, 0xffff, 0xffff, 0xffff,
	0xffff, 0xffff, 0xffff, 0xc8de, 0xffff, 0xffff, 0xffff, 0xffff, 0xffff, 0xffff, 0xc8df, 0xc8e0,
	0xffff, 0xffff, 0xffff, 0xffff, 0xffff, 0xffff, 0xffff, 0xc8e1, 0xffff, 0xc8e2, 0xffff, 0xffff,
	0xc8e3, 0xffff, 0xc8e4, 0xffff, 0xc8e5, 0xffff, 0xffff, 0xffff, 0xffff, 0xffff, 0xffff, 0xffff,
	0xc8e6, 0xffff, 0xffff, 0xffff, 0xffff, 0xffff, 0xc8e7, 0xffff, 0xc8e8, 0xffff, 0xffff, 0xffff,
	0xffff, 0xffff, 0xffff, 0xffff, 0xc8e9, 0xffff, 0xffff, 0xffff, 0xc8ea, 0xffff, 0xc8eb, 0xc8ec,
	0xffff, 0xc8ed, 0xffff, 0xffff, 0xffff, 0xffff, 0xffff, 0xffff, 0xc8ee, 0xc8ef, 0xffff, 0xffff,
	0xffff, 0xffff, 0xffff, 0xffff, 0xc8f0, 0xffff, 0xffff, 0xffff, 0xffff, 0xc8f1, 0xc6cd, 0xc6e0,
	0xc6e1, 0xc6e2, 0xffff, 0xffff, 0xffff, 0xffff, 0xffff, 0xffff, 0xffff, 0xffff, 0xffff, 0xffff,
	0xffff, 0xffff, 0xffff, 0xffff, 0xffff, 0xffff, 0xffff, 0xffff, 0xffff, 0xffff, 0xffff, 0xffff,
	0xffff, 0xffff, 0xffff, 0xffff, 0xffff, 0xffff, 0xffff, 0xffff, 0xffff, 0xffff, 0xffff, 0xffff,
	0xffff, 0xffff, 0xffff, 0xffff, 0xffff, 0xffff, 0xffff, 0xffff, 0xffff, 0xffff, 0xffff, 0xffff,
	0xffff, 0xffff, 0xffff, 0xffff, 0xffff, 0xffff, 0xffff, 0xffff, 0xffff, 0xffff, 0xffff, 0xc6e7,
	0xc6e8, 0xc6e9, 0xc6ea, 0xc6eb, 0xc6ec, 0xc6ed, 0xc6ee, 0xc6ef, 0xc6f0, 0xc6f1, 0xc6f2, 0xc6f3,
	0xc6f4, 0xc6f5, 0xc6f6, 0xc6f7, 0xc6f8, 0xc6f9, 0xc6fa, 0xc6fb, 0xc6fc, 0xc6fd, 0xc6fe, 0xc740,
	0xc741, 0xc742, 0xc743, 0xc744, 0xc745, 0xc746, 0xc747, 0xc748, 0xc749, 0xc74a, 0xc74b, 0xc74c,
	0xc74d, 0xc74e, 0xc74f, 0xc750, 0xc751, 0xc752, 0xc753, 0xc754, 0xc755, 0xc756, 0xc757, 0xc758,
	0xc759, 0xc75a, 0xc75b, 0xc75c, 0xc75d, 0xc75e, 0xc75f, 0xc760, 0xc761, 0xc762, 0xc763, 0xc764,
	0xc765, 0xc766, 0xc767, 0xc768, 0xc769, 0xc76a, 0xc76b, 0xc76c, 0xc76d, 0xc76e, 0xc76f, 0xc770,
	0xc771, 0xc772, 0xc773, 0xc774, 0xc775, 0xc776, 0xc777, 0xc778, 0xc779, 0xc77a, 0xffff, 0xffff,
	0xffff, 0xffff, 0xffff, 0xffff, 0xffff, 0xc8d4, 0xc8d5, 0xc6dc, 0xc6dd, 0xffff, 0xffff, 0xc77b,
	0xc77c, 0xc77d, 0xc77e, 0xc7a1, 0xc7a2, 0xc7a3, 0xc7a4, 0xc7a5, 0xc7a6, 0xc7a7, 0xc7a8, 0xc7a9,
	0xc7aa, 0xc7ab, 0xc7ac, 0xc7ad, 0xc7ae, 0xc7af, 0xc7b0, 0xc7b1, 0xc7b2, 0xc7b3, 0xc7b4, 0xc7b5,
	0xc7b6, 0xc7b7, 0xc7b8, 0xc7b9, 0xc7ba, 0xc7bb, 0xc7bc, 0xc7bd, 0xc7be, 0xc7bf, 0xc7c0, 0xc7c1,
	0xc7c2, 0xc7c3, 0xc7c4, 0xc7c5, 0xc7c6, 0xc7c7, 0xc7c8, 0xc7c9, 0xc7ca, 0xc7cb, 0xc7cc, 0xc7cd,
	0xc7ce, 0xc7cf, 0xc7d0, 0xc7d1, 0xc7d2, 0xc7d3, 0xc7d4, 0xc7d5, 0xc7d6, 0xc7d7, 0xc7d8, 0xc7d9,
	0xc7da, 0xc7db, 0xc7dc, 0xc7dd, 0xc7de, 0xc7df, 0xc7e0, 0xc7e1, 0xc7e2, 0xc7e3, 0xc7e4, 0xc7e5,
	0xc7e6, 0xc7e7, 0xc7e8, 0xc7e9, 0xc7ea, 0xc7eb, 0xc7ec, 0xc7ed, 0xc7ee, 0xc7ef, 0xc7f0, 0xc7f1,
	0xc7f2, 0xffff, 0xffff, 0xffff, 0xffff, 0xffff, 0xc6e3, 0xc6da, 0xc6db, 0x8840, 0x8841, 0x8842,
	0x8843, 0x8844, 0x8846, 0x8849, 0x884a, 0x884d, 0x884f, 0x8850, 0x8851, 0x8852, 0x8854, 0x8855,
	0xc879, 0xc8d1, 0x9277, 0xffff, 0xffff, 0xffff, 0xffff, 0xffff, 0xffff, 0xffff, 0xffff, 0xffff,
	0xffff, 0x96df, 0xffff, 0xffff, 0xffff, 0xffff, 0xffff, 0xffff, 0xffff, 0xffff, 0xffff, 0x8cf4,
	0xffff, 0x89d5, 0xffff, 0xffff, 0xffff, 0xffff, 0xffff, 0xffff, 0xffff, 0xffff, 0xffff, 0xffff,
	0xffff, 0xffff, 0xffff, 0xffff, 0xffff, 0xffff, 0xffff, 0xffff, 0xffff, 0xffff, 0xffff, 0xffff,
	0xffff, 0x93cd, 0xffff, 0xffff, 0xffff, 0xffff, 0xffff, 0xffff, 0xffff, 0xffff, 0xffff, 0xffff,
	0xffff, 0xffff, 0xffff, 0xffff, 0x9bdf, 0xffff, 0xffff, 0xffff, 0xffff, 0xffff, 0xffff, 0xfa68,
	0xffff, 0xffff, 0x89da, 0x8f59, 0xffff, 0xffff, 0xffff, 0xffff, 0xffff, 0xffff, 0xffff, 0xffff,
	0xffff, 0xffff, 0xffff, 0xffff, 0xffff, 0xffff, 0xffff, 0xffff, 0xffff, 0xffff, 0xffff, 0xffff,
	0x89db, 0xffff, 0xffff, 0x8f5d, 0xffff, 0xffff, 0xffff, 0xffff, 0xffff, 0xffff, 0xffff, 0xffff,
	0xffff, 0xffff, 0xffff, 0xffff, 0xffff, 0xffff, 0x89dc, 0xffff, 0xffff, 0xffff, 0xffff, 0xffff,
	0xffff, 0xffff, 0xffff, 0xffff, 0x96f7, 0xffff, 0xffff, 0xffff, 0xffff, 0xffff, 0xffff, 0xffff,
	0xffff, 0xffff, 0xffff, 0xffff, 0xffff, 0x8ada, 0xffff, 0xffff, 0xffff, 0xffff, 0x8bdc, 0xffff,
	0xffff, 0xffff, 0xffff, 0xffff, 0xffff, 0x97db, 0xffff, 0xffff, 0xffff, 0xffff, 0xffff, 0xffff,
	0xffff, 0xffff, 0xffff, 0xffff, 0xffff, 0xffff, 0xffff, 0xffff, 0xffff, 0xffff, 0xffff, 0xffff,
	0xffff, 0xffff, 0xffff, 0xffff, 0x9e53, 0xffff, 0xffff, 0xffff, 0xffff, 0x9daa, 0xffff, 0xffff,
	0xffff, 0xffff, 0xffff, 0xffff, 0xffff, 0xffff, 0xffff, 0xffff, 0xffff, 0xffff, 0xffff, 0xffff,
	0xffff, 0xffff, 0xffff, 0xffff, 0xffff, 0xffff, 0xffff, 0xffff, 0x9bea, 0x8a6e, 0xffff, 0xffff,
	0xffff, 0xffff, 0xffff, 0xffff, 0xffff, 0xffff, 0xffff, 0xffff, 0xffff, 0xffff, 0xffff, 0xffff,
	0xffff, 0xffff, 0xffff, 0xffff, 0xffff, 0xffff, 0xffff, 0xffff, 0xffff, 0xffff, 0xffff, 0xffff,
	0xffff, 0xffff, 0xffff, 0xffff, 0xffff, 0xffff, 0xffff, 0xffff, 0xffff, 0xffff, 0xffff, 0xffff,
	0xffff, 0xffff, 0xffff, 0xffff, 0xffff, 0xffff, 0xffff, 0xffff, 0xffff, 0xffff, 0xffff, 0xffff,
	0xffff, 0xffff, 0xffff, 0xffff, 0xffff, 0x8bc8, 0xffff, 0xffff, 0xffff, 0xffff, 0xffff, 0xffff,
	0xffff, 0xffff, 0xffff, 0xffff, 0xffff, 0xffff, 0xffff, 0xffff, 0xffff, 0xffff, 0xffff, 0xffff,
	0x89e8, 0xffff, 0x89ea, 0xffff, 0xffff, 0xffff, 0xffff, 0xffff, 0x8c4b, 0xffff, 0xffff, 0xffff,
	0xffff, 0xffff, 0xffff, 0xffff, 0xfb70, 0xffff, 0xffff, 0xffff, 0xffff, 0xffff, 0xffff, 0xffff,
	0xffff, 0xffff, 0xffff, 0xffff, 0x89ed, 0xffff, 0xffff, 0x94dd, 0xffff, 0x89ee, 0xffff, 0xffff,
	0xffff, 0xffff, 0x9eb4, 0x8ad3, 0xffff, 0xffff, 0xffff, 0xffff, 0xffff, 0xffff, 0xffff, 0xffff,
	0xffff, 0xffff, 0xffff, 0x92db, 0xffff, 0xffff, 0xffff, 0xffff, 0xffff, 0xffff, 0xffff, 0xffff,
	0xffff, 0xffff, 0xffff, 0xffff, 0xffff, 0xffff, 0xffff, 0xffff, 0xffff, 0xffff, 0x94db, 0x89f9,
	0xffff, 0xffff, 0xffff, 0xffff, 0xffff, 0xffff, 0xffff, 0xffff, 0xfb7a, 0xffff, 0xffff, 0xffff,
	0x89fb, 0xffff, 0xffff, 0xffff, 0xffff, 0xffff, 0xffff, 0xffff, 0x9efc, 0xffff, 0xffff, 0xffff,
	0xffff, 0xffff, 0xffff, 0xffff, 0xffff, 0xffff, 0xffff, 0xffff, 0xffff, 0xffff, 0xffff, 0xffff,
	0xffff, 0xffff, 0x89fc, 0xffff, 0x89bf, 0xffff, 0xffff, 0xffff, 0x89fe, 0xffff, 0x89e6, 0xffff,
	0xffff, 0x9d46, 0xffff, 0xffff, 0xffff, 0x9dee, 0xffff, 0xffff, 0xffff, 0xa07e, 0xffff, 0xffff,
	0xffff, 0xa068, 0xffff, 0xffff, 0xffff, 0xffff, 0x98e9, 0xffff, 0x8b68, 0xffff, 0xffff, 0xffff,
	0xffff, 0xffff, 0xffff, 0xffff, 0xffff, 0xffff, 0xffff, 0xffff, 0xffff, 0xffff, 0xffff, 0xffff,
	0xffff, 0xffff, 0xffff, 0xffff, 0x8dfd, 0x8bbe, 0x9fd9, 0xffff, 0xffff, 0xffff, 0xffff, 0xffff,
	0xffff, 0xffff, 0x8aeb, 0xffff, 0xffff, 0x9fd7, 0x8b6a, 0xffff, 0xffff, 0xffff, 0xffff, 0xffff,
	0xffff, 0xffff, 0xffff, 0xffff, 0xffff, 0xffff, 0xffff, 0xffff, 0xffff, 0x9c5c, 0xffff, 0x8bb1,
	0xffff, 0xffff, 0xffff, 0xffff, 0xffff, 0xffff, 0xffff, 0xffff, 0xfb5e, 0xffff, 0x8770, 0xffff,
	0xffff, 0xffff, 0xffff, 0xffff, 0xffff, 0xffff, 0x9df3, 0xffff, 0xffff, 0xffff, 0xffff, 0xffff,
	0xffff, 0xffff, 0xa0d0, 0xffff, 0xffff, 0xffff, 0xfc66, 0xffff, 0xffff, 0xffff, 0xffff, 0x92e9,
	0xffff, 0xffff, 0xffff, 0xffff, 0xffff, 0xffff, 0xffff, 0xffff, 0x9aec, 0x8fab, 0xfa48, 0xffff,
	0xffff, 0xffff, 0xffff, 0x8e45, 0xffff, 0xffff, 0xffff, 0xffff, 0xffff, 0xffff, 0xffff, 0xffff,
	0xffff, 0xffff, 0xffff, 0xffff, 0xffff, 0xffff, 0xffff, 0xffff, 0x9c6f, 0xffff, 0x8d5c, 0xffff,
	0xffff, 0xffff, 0xffff, 0xffff, 0xffff, 0xffff, 0xffff, 0xffff, 0xffff, 0xffff, 0xffff, 0xffff,
	0xffff, 0xffff, 0xffff, 0xffff, 0xffff, 0xffff, 0xffff, 0xffff, 0xffff, 0xffff, 0xffff, 0x9ede,
	0xffff, 0xffff, 0xffff, 0xffff, 0xffff, 0xffff, 0x89ef, 0xffff, 0xffff, 0xffff, 0xffff, 0xffff,
	0xffff, 0xffff, 0xffff, 0xffff, 0xffff, 0xffff, 0xffff, 0xffff, 0xffff, 0xffff, 0xffff, 0xffff,
	0xffff, 0xffff, 0xffff, 0xffff, 0xffff, 0xffff, 0xffff, 0x96e9, 0xffff, 0xffff, 0xffff, 0xffff,
	0xffff, 0xffff, 0xffff, 0xffff, 0xffff, 0xffff, 0x9ebb, 0xffff, 0xffff, 0xffff, 0xffff, 0x94de,
	0xffff, 0x9eb8, 0xffff, 0xffff, 0xffff, 0x97ba, 0xfb65, 0xffff, 0xffff, 0xffff, 0x95d6, 0xffff,
	0xffff, 0xffff, 0x9cbb, 0xffff, 0xffff, 0x97da, 0xffff, 0xffff, 0xffff, 0xffff, 0x8f45, 0xffff,
	0xfb7d, 0x9158, 0xfe64, 0xffff, 0x9856, 0x9b4d, 0xffff, 0xffff, 0xffff, 0xffff, 0xffff, 0xffff,
	0xffff, 0xffff, 0xffff, 0xffff, 0x935b, 0x95c7, 0xffff, 0x97e7, 0xffff, 0xffff, 0xffff, 0xffff,
	0xffff, 0xffff, 0x9359, 0xffff, 0xffff, 0xffff, 0x91f5, 0x97b8, 0xffff, 0xffff, 0xfda2, 0xfbb6,
	0xffff, 0xffff, 0xffff, 0xffff, 0xffff, 0xffff, 0xffff, 0xffff, 0xffff, 0xffff, 0xffff, 0xffff,
	0xffff, 0xffff, 0x92fa, 0x9357, 0xffff, 0x8ba6, 0xffff, 0xffff, 0xffff, 0xffff, 0xfbb9, 0xffff,
	0x97b0, 0xffff, 0xffff, 0xfdc4, 0xffff, 0xffff, 0xffff, 0xffff, 0xffff, 0xffff, 0xffff, 0xffff,
	0xffff, 0xffff, 0xffff, 0xffff, 0xffff, 0xffff, 0x9ca1, 0xffff, 0xffff, 0xffff, 0xffff, 0xffff,
	0x91f2, 0x91f9, 0xffff, 0x8ff1, 0xffff, 0xffff, 0xffff, 0xffff, 0xffff, 0xffff, 0x9745, 0x9853,
	0xffff, 0xffff, 0xfe78, 0xffff, 0xfbc1, 0x9251, 0xffff, 0xffff, 0xffff, 0xffff, 0xffff, 0xffff,
	0x9dad, 0xffff, 0xffff, 0xffff, 0xffff, 0xffff, 0xfd6c, 0xffff, 0xffff, 0xfa6b, 0xffff, 0xffff,
	0xffff, 0xffff, 0xffff, 0xffff, 0xffff, 0xffff, 0xffff, 0xffff, 0xffff, 0xffff, 0xffff, 0xffff,
	0xffff, 0xffff, 0xffff, 0xffff, 0xffff, 0xffff, 0xffff, 0xffff, 0xffff, 0xffff, 0xffff, 0xffff,
	0xffff, 0xffff, 0xffff, 0xffff, 0x9bc2, 0xffff, 0xffff, 0xffff, 0xffff, 0xffff, 0xffff, 0xffff,
	0xffff, 0xffff, 0xffff, 0xffff, 0xffff, 0x9a7b, 0xffff, 0xffff, 0xffff, 0xffff, 0xffff, 0xffff,
	0xffff, 0xffff, 0xffff, 0xffff, 0xffff, 0xffff, 0xffff, 0xffff, 0xffff, 0xffff, 0xffff, 0xffff,
	0xffff, 0xffff, 0xffff, 0xffff, 0xffff, 0xffff, 0xffff, 0xffff, 0xffff, 0xffff, 0xffff, 0xffff,
	0xffff, 0xffff, 0xffff, 0xffff, 0xffff, 0xffff, 0xffff, 0xffff, 0xffff, 0x8b60, 0xffff, 0xffff,
	0xffff, 0xffff, 0xffff, 0xffff, 0xffff, 0xffff, 0x934b, 0xffff, 0xffff, 0xffff, 0xffff, 0xffff,
	0xffff, 0xffff, 0xffff, 0xffff, 0xffff, 0xffff, 0xffff, 0xffff, 0xffff, 0xffff, 0xffff, 0xffff,
	0xffff, 0xffff, 0xffff, 0xffff, 0xffff, 0xffff, 0xffff, 0x9abd, 0xffff, 0xffff, 0xffff, 0xffff,
	0x91b7, 0xffff, 0xffff, 0xffff, 0xffff, 0xffff, 0xffff, 0xffff, 0xffff, 0xffff, 0xffff, 0xffff,
	0xffff, 0xffff, 0xffff, 0xffff, 0xffff, 0xffff, 0xffff, 0xffff, 0xffff, 0xffff, 0xffff, 0xffff,
	0x8d4b, 0xffff, 0xffff, 0xffff, 0xffff, 0xffff, 0xffff, 0xffff, 0xffff, 0xffff, 0xffff, 0xffff,
	0xffff, 0xffff, 0xffff, 0xffff, 0xffff, 0xffff, 0xffff, 0xffff, 0xffff, 0xffff, 0xffff, 0xffff,
	0xffff, 0xffff, 0xffff, 0xffff, 0x95b4, 0xffff, 0xffff, 0xffff, 0xffff, 0xffff, 0xfec5, 0xffff,
	0xffff, 0x9ef0, 0x8d64, 0xffff, 0xffff, 0xffff, 0xffff, 0xffff, 0xffff, 0xffff, 0xffff, 0xffff,
	0x9269, 0xffff, 0xffff, 0xffff, 0xffff, 0xffff, 0xffff, 0x8d67, 0xffff, 0xffff, 0xffff, 0xffff,
	0xffff, 0xffff, 0xffff, 0xffff, 0xffff, 0xffff, 0xffff, 0xffff, 0xfbea, 0xffff, 0xffff, 0xffff,
	0xffff, 0xffff, 0xffff, 0xffff, 0xffff, 0xfbef, 0xffff, 0x8d68, 0xffff, 0xffff, 0xffff, 0xffff,
	0xffff, 0xffff, 0xffff, 0xffff, 0xffff, 0xffff, 0xffff, 0xffff, 0xffff, 0xffff, 0xffff, 0xffff,
	0xffff, 0xffff, 0xffff, 0xffff, 0xffff, 0xffff, 0xffff, 0xffff, 0xffff, 0xffff, 0xffff, 0xffff,
	0xffff, 0xffff, 0xffff, 0xffff, 0xffff, 0xffff, 0xffff, 0xffff, 0xffff, 0xffff, 0xffff, 0xffff,
	0xffff, 0xffff, 0x93eb, 0xffff, 0xffff, 0xffff, 0xffff, 0xffff, 0xffff, 0xffff, 0xffff, 0xffff,
	0xffff, 0xffff, 0xffff, 0xffff, 0xffff, 0xffff, 0xffff, 0xffff, 0xffff, 0xffff, 0xffff, 0xffff,
	0xffff, 0xffff, 0xffff, 0xffff, 0xffff, 0xffff, 0xffff, 0xffff, 0xffff, 0xffff, 0xffff, 0xffff,
	0xffff, 0xffff, 0xffff, 0xffff, 0xffff, 0xffff, 0xffff, 0xffff, 0xffff, 0xffff, 0xffff, 0xffff,
	0xffff, 0xffff, 0xffff, 0xffff, 0xffff, 0xffff, 0xffff, 0xffff, 0xffff, 0xffff, 0xffff, 0xffff,
	0xffff, 0xffff, 0xffff, 0xfc42, 0xffff, 0xffff, 0xffff, 0xffff, 0xffff, 0xffff, 0xffff, 0xffff,
	0xffff, 0xffff, 0xffff, 0xffff, 0xffff, 0xffff, 0xffff, 0xffff, 0xffff, 0xffff, 0xffff, 0xffff,
	0xffff, 0xffff, 0xffff, 0xffff, 0xffff, 0xffff, 0xffff, 0xffff, 0xffff, 0xffff, 0xffff, 0xffff,
	0xffff, 0xffff, 0x9166, 0xffff, 0xffff, 0xffff, 0xffff, 0xffff, 0xffff, 0xffff, 0xffff, 0xfacd,
	0xffff, 0xffff, 0xffff, 0xffff, 0x93dd, 0xffff, 0xffff, 0x8d52, 0xffff, 0xffff, 0xffff, 0xffff,
	0xffff, 0xffff, 0xffff, 0xffff, 0xffff, 0xffff, 0xffff, 0xffff, 0xffff, 0xffff, 0xffff, 0xffff,
	0xffff, 0xffff, 0xffff, 0xffff, 0xffff, 0xffff, 0xffff, 0xffff, 0xffff, 0xffff, 0xffff, 0xffff,
	0xffff, 0xffff, 0xffff, 0xffff, 0xffff, 0xffff, 0xffff, 0xffff, 0xffff, 0x8bcc, 0x8d6d, 0xffff,
	0xffff, 0xffff, 0xffff, 0xffff, 0xffff, 0xffff, 0xffff, 0xffff, 0xffff, 0xffff, 0x8d6e, 0xffff,
	0xffff, 0xffff, 0xffff, 0xffff, 0xffff, 0xffff, 0xffff, 0xffff, 0xffff, 0xffff, 0xffff, 0xffff,
	0xffff, 0xffff, 0xffff, 0xffff, 0xffff, 0x96a8, 0xffff, 0xffff, 0xffff, 0xffff, 0xffff, 0xffff,
	0xffff, 0xffff, 0xffff, 0xffff, 0xfca6, 0xffff, 0xffff, 0xffff, 0xffff, 0xffff, 0xffff, 0xffff,
	0xffff, 0xffff, 0xffff, 0xffff, 0xffff, 0x8d6f, 0xffff, 0xffff, 0xffff, 0xffff, 0xffff, 0xffff,
	0xffff, 0xffff, 0xffff, 0xffff, 0xffff, 0xffff, 0xffff, 0x8d70, 0xffff, 0xffff, 0xffff, 0xffff,
	0xffff, 0xffff, 0xffff, 0xffff, 0xffff, 0xffff, 0xffff, 0xffff, 0xffff, 0xffff, 0xffff, 0xffff,
	0xffff, 0xffff, 0xffff, 0xffff, 0xffff, 0xfc64, 0xffff, 0xffff, 0xffff, 0xffff, 0xffff, 0xffff,
	0xffff, 0xffff, 0xffff, 0xffff, 0xffff, 0xffff, 0xffff, 0xffff, 0xffff, 0xffff, 0xffff, 0xffff,
	0xffff, 0xffff, 0x8cf3, 0xffff, 0xffff, 0xffff, 0xffff, 0xffff, 0xffff, 0xffff, 0x9060, 0xffff,
	0xffff, 0xffff, 0xffff, 0xffff, 0xffff, 0xffff, 0xffff, 0x8d74, 0x97c3, 0xffff, 0xffff, 0xffff,
	0xffff, 0xffff, 0xffff, 0xffff, 0x8ad0, 0xffff, 0xffff, 0xffff, 0xffff, 0xffff, 0xffff, 0x9274,
	0xffff, 0x9bbe, 0xffff, 0xffff, 0xffff, 0xffff, 0xffff, 0x9cc8, 0xffff, 0xffff, 0x9cba, 0xffff,
	0xffff, 0xffff, 0xffff, 0xffff, 0xffff, 0xffff, 0xffff, 0xffff, 0xffff, 0xffff, 0xffff, 0xffff,
	0xffff, 0xffff, 0xffff, 0xffff, 0xffff, 0xffff, 0x8d78, 0xffff, 0xffff, 0xffff, 0xffff, 0xffff,
	0xffff, 0xffff, 0xffff, 0xffff, 0xffff, 0xffff, 0xffff, 0xffff, 0xffff, 0xffff, 0xffff, 0xffff,
	0xffff, 0xffff, 0xffff, 0xffff, 0xffff, 0xffff, 0xffff, 0xffff, 0xffff, 0xffff, 0xffff, 0xffff,
	0xffff, 0xffff, 0xffff, 0xffff, 0xffff, 0xffff, 0x9eb9, 0xffff, 0xffff, 0xffff, 0xffff, 0xffff,
	0x955a, 0xffff, 0xffff, 0x91b4, 0xffff, 0xffff, 0xffff, 0xffff, 0xffff, 0xffff, 0x8a48, 0xffff,
	0xffff, 0xffff, 0xffff, 0xffff, 0xffff, 0xffff, 0xffff, 0xffff, 0xffff, 0xffff, 0x8d7d, 0xffff,
	0xffff, 0x8a7d, 0xffff, 0xffff, 0x8ac2, 0xfd4a, 0xffff, 0x8da1, 0xffff, 0xffff, 0x8ad1, 0xffff,
	0xffff, 0xffff, 0xffff, 0xffff, 0xffff, 0xffff, 0xffff, 0xffff, 0xffff, 0xffff, 0xffff, 0xffff,
	0xffff, 0xffff, 0xffff, 0xfcb4, 0x8b47, 0xffff, 0xffff, 0xffff, 0xffff, 0xffff, 0xffff, 0xffff,
	0xffff, 0xffff, 0xffff, 0xffff, 0xffff, 0xffff, 0xffff, 0xffff, 0xffff, 0x93a4, 0x9eda, 0xffff,
	0xffff, 0xffff, 0xffff, 0xffff, 0xffff, 0xffff, 0xffff, 0xffff, 0x8a51, 0xffff, 0xffff, 0xffff,
	0xffff, 0xffff, 0xffff, 0xffff, 0xffff, 0xffff, 0xffff, 0xffff, 0xffff, 0xffff, 0xffff, 0xffff,
	0xffff, 0xffff, 0xffff, 0xffff, 0xffff, 0xffff, 0xffff, 0x8da6, 0xffff, 0xffff, 0xffff, 0xffff,
	0xffff, 0xffff, 0x9ec5, 0xffff, 0xffff, 0xffff, 0xffff, 0xfcc4, 0xffff, 0xffff, 0xffff, 0xffff,
	0xa078, 0xffff, 0x94b5, 0xffff, 0xffff, 0xffff, 0xffff, 0xffff, 0xffff, 0xffff, 0xfcc2, 0x8a6b,
	0xffff, 0xffff, 0xffff, 0xffff, 0xffff, 0xffff, 0xffff, 0xffff, 0xffff, 0xffff, 0xffff, 0xffff,
	0xffff, 0xffff, 0xffff, 0xffff, 0xffff, 0xffff, 0xffff, 0xffff, 0xffff, 0xffff, 0xffff, 0xffff,
	0xffff, 0xffff, 0xffff, 0xffff, 0xffff, 0xffff, 0xffff, 0xffff, 0xffff, 0xffff, 0xffff, 0xffff,
	0xffff, 0xffff, 0xffff, 0xffff, 0xffff, 0xffff, 0xffff, 0xffff, 0xffff, 0xffff, 0xffff, 0x8dab,
	0xffff, 0xffff, 0xffff, 0xffff, 0xffff, 0xffff, 0xffff, 0xffff, 0xffff, 0xffff, 0xffff, 0xffff,
	0xffff, 0xffff, 0xffff, 0xffff, 0xffff, 0xffff, 0xffff, 0xfae8, 0xffff, 0xffff, 0xffff, 0xffff,
	0xffff, 0xffff, 0xffff, 0xffff, 0xffff, 0xffff, 0xffff, 0xffff, 0xffff, 0xffff, 0xffff, 0xffff,
	0xffff, 0x8dad, 0xffff, 0xffff, 0xffff, 0xffff, 0xffff, 0xffff, 0xffff, 0xffff, 0xffff, 0xffff,
	0xffff, 0xffff, 0xffff, 0xffff, 0xffff, 0xffff, 0xffff, 0xffff, 0xffff, 0xffff, 0xffff, 0xffff,
	0xffff, 0xffff, 0xffff, 0xffff, 0xffff, 0xffff, 0xffff, 0xffff, 0xffff, 0xffff, 0xfc49, 0xffff,
	0x93c1, 0xffff, 0xffff, 0xffff, 0xffff, 0xffff, 0xffff, 0xffff, 0xffff, 0xffff, 0xffff, 0xffff,
	0xffff, 0xffff, 0xffff, 0xffff, 0x906f, 0xffff, 0x8db0, 0xffff, 0xffff, 0xffff, 0xffff, 0xffff,
	0xffff, 0xffff, 0xffff, 0x947e, 0x90fa, 0xffff, 0xffff, 0xffff, 0xffff, 0xffff, 0xffff, 0xffff,
	0xffff, 0xffff, 0xffff, 0x9479, 0xffff, 0xffff, 0xffff, 0xffff, 0xffff, 0xffff, 0xffff, 0xffff,
	0x8db2, 0xffff, 0xffff, 0xffff, 0xffff, 0xffff, 0xffff, 0xffff, 0xffff, 0xfcee, 0xffff, 0xffff,
	0xffff, 0xffff, 0xffff, 0xffff, 0xffff, 0xffff, 0xffff, 0xffff, 0xffff, 0xffff, 0xffff, 0x997b,
	0xffff, 0xffff, 0xffff, 0xffff, 0xffff, 0xffff, 0xffff, 0xffff, 0x8db4, 0xffff, 0xffff, 0xffff,
	0xffff, 0xffff, 0xffff, 0xffff, 0xffff, 0xffff, 0xffff, 0xffff, 0xffff, 0xffff, 0xffff, 0xffff,
	0xffff, 0xffff, 0xffff, 0xffff, 0xffff, 0xffff, 0x8db7, 0xffff, 0xffff, 0xffff, 0xffff, 0xffff,
	0xffff, 0xffff, 0x91b3, 0xffff, 0xffff, 0xffff, 0xffff, 0xffff, 0xffff, 0xffff, 0xffff, 0xffff,
	0xffff, 0xffff, 0xffff, 0xffff, 0xffff, 0xffff, 0xffff, 0x8dbb, 0x8dba, 0xffff, 0xffff, 0xffff,
	0xffff, 0xffff, 0xffff, 0xffff, 0xffff, 0x8dbc, 0x9044, 0xffff, 0xffff, 0xffff, 0xfd4c, 0xffff,
	0xffff, 0xffff, 0xffff, 0xffff, 0xffff, 0xffff, 0xffff, 0xffff, 0xffff, 0xffff, 0xffff, 0xffff,
	0xffff, 0xffff, 0xffff, 0xffff, 0xffff, 0xffff, 0xffff, 0x874b, 0x93e4, 0xffff, 0xffff, 0x93e0,
	0xffff, 0xffff, 0xffff, 0xffff, 0xffff, 0xffff, 0xffff, 0xfd53, 0xffff, 0xffff, 0xffff, 0xffff,
	0xffff, 0xffff, 0xffff, 0xffff, 0xffff, 0xffff, 0xffff, 0xffff, 0xffff, 0xffff, 0xffff, 0xffff,
	0xffff, 0xffff, 0xffff, 0xffff, 0xffff, 0xffff, 0xffff, 0xffff, 0xffff, 0xffff, 0x8dc3, 0xffff,
	0x9bb8, 0xffff, 0xffff, 0xffff, 0xfbf0, 0xffff, 0x93e9, 0xffff, 0xffff, 0xffff, 0xffff, 0xffff,
	0xffff, 0xffff, 0xffff, 0xffff, 0xffff, 0xffff, 0xffff, 0xffff, 0xffff, 0xffff, 0xffff, 0xffff,
	0xffff, 0x93f6, 0xffff, 0xffff, 0xffff, 0xffff, 0xffff, 0x8dc5, 0xffff, 0xffff, 0xffff, 0xffff,
	0xffff, 0xffff, 0xffff, 0xffff, 0xffff, 0xffff, 0xffff, 0xffff, 0xffff, 0xffff, 0x8dca, 0xffff,
	0xffff, 0xffff, 0xffff, 0xffff, 0x8dcc, 0xfd5d, 0x93b5, 0xfd61, 0xffff, 0xffff, 0xffff, 0x9cf8,
	0xffff, 0xffff, 0xffff, 0x9252, 0xffff, 0xffff, 0xa0e8, 0xffff, 0xffff, 0xffff, 0xffff, 0xffff,
	0xffff, 0xffff, 0xffff, 0xffff, 0xffff, 0xffff, 0xffff, 0xffff, 0xffff, 0xffff, 0xffff, 0xffff,
	0xffff, 0xffff, 0xffff, 0xffff, 0xffff, 0xffff, 0xffff, 0xffff, 0xffff, 0xffff, 0xffff, 0xffff,
	0xffff, 0xffff, 0xffff, 0xffff, 0xffff, 0xffff, 0xffff, 0xffff, 0xffff, 0xffff, 0xffff, 0xffff,
	0xffff, 0xffff, 0xffff, 0xffff, 0xffff, 0xffff, 0xffff, 0xffff, 0xffff, 0xffff, 0xffff, 0xffff,
	0xffff, 0xffff, 0xffff, 0xffff, 0xffff, 0xffff, 0x9ca5, 0xffff, 0xffff, 0xffff, 0xffff, 0xffff,
	0xffff, 0xffff, 0xffff, 0xffff, 0xffff, 0xffff, 0xffff, 0xffff, 0xffff, 0xffff, 0xffff, 0xffff,
	0xffff, 0xffff, 0xffff, 0xffff, 0xffff, 0xffff, 0xffff, 0xffff, 0xffff, 0xffff, 0xffff, 0xffff,
	0xffff, 0xffff, 0xffff, 0xffff, 0xffff, 0xffff, 0xffff, 0xffff, 0xffff, 0xffff, 0xffff, 0xffff,
	0xffff, 0xffff, 0xffff, 0xffff, 0xffff, 0xffff, 0xffff, 0xffff, 0xffff, 0xffff, 0xffff, 0xffff,
	0xffff, 0x8c56, 0xffff, 0xffff, 0xffff, 0xffff, 0xffff, 0xffff, 0xffff, 0xffff, 0xffff, 0xffff,
	0xffff, 0xffff, 0xffff, 0xffff, 0xffff, 0xffff, 0xffff, 0xffff, 0xffff, 0xffff, 0xffff, 0xffff,
	0xffff, 0xffff, 0xffff, 0xffff, 0xffff, 0xffff, 0xffff, 0xffff, 0xffff, 0xffff, 0xffff, 0xffff,
	0xffff, 0xffff, 0xffff, 0xffff, 0xffff, 0xffff, 0xffff, 0xffff, 0xffff, 0xffff, 0xffff, 0xffff,
	0xffff, 0xffff, 0xffff, 0xffff, 0xffff, 0xffff, 0xffff, 0xffff, 0xffff, 0xffff, 0xffff, 0xffff,
	0xffff, 0xffff, 0xffff, 0xffff, 0xffff, 0x8dd6, 0xffff, 0x97c0, 0xffff, 0xffff, 0xffff, 0xa0de,
	0xffff, 0xffff, 0xffff, 0xffff, 0x97d2, 0xffff, 0xffff, 0xffff, 0xffff, 0xffff, 0xfaa5, 0xffff,
	0xffff, 0xffff, 0xffff, 0xffff, 0xffff, 0xffff, 0xffff, 0xffff, 0xffff, 0xffff, 0xffff, 0xffff,
	0xffff, 0xfda3, 0xffff, 0xffff, 0xffff, 0x8ddb, 0x8cea, 0x8eaf, 0xffff, 0xffff, 0xffff, 0xffff,
	0xffff, 0xffff, 0xffff, 0xffff, 0xffff, 0x91b5, 0xffff, 0xffff, 0xffff, 0xffff, 0xffff, 0xffff,
	0xffff, 0xffff, 0xffff, 0xffff, 0xffff, 0xffff, 0xffff, 0xffff, 0xffff, 0xffff, 0xffff, 0xffff,
	0xffff, 0xffff, 0xfd49, 0xffff, 0xffff, 0xffff, 0xffff, 0xffff, 0xffff, 0xffff, 0xffff, 0xfdd1,
	0xffff, 0xffff, 0xffff, 0xffff, 0xffff, 0xffff, 0xffff, 0xffff, 0xffff, 0xffff, 0x8deb, 0xffff,
	0xffff, 0xffff, 0xffff, 0xffff, 0x97c6, 0xffff, 0xfdce, 0xffff, 0xffff, 0x90fc, 0xffff, 0xffff,
	0xffff, 0xffff, 0xffff, 0xffff, 0xffff, 0xffff, 0xffff, 0xffff, 0xffff, 0xffff, 0xffff, 0xfc59,
	0xffff, 0xffff, 0x96d6, 0xffff, 0xffff, 0xffff, 0xffff, 0xffff, 0xffff, 0x97c5, 0x8def, 0xffff,
	0xffff, 0xffff, 0xffff, 0x97d7, 0xffff, 0xffff, 0xffff, 0xffff, 0xffff, 0x8df0, 0xffff, 0xffff,
	0xffff, 0xffff, 0xffff, 0xffff, 0xffff, 0x96a6, 0xffff, 0xffff, 0xffff, 0xffff, 0xffff, 0xffff,
	0xffff, 0xfbbf, 0xffff, 0xffff, 0x8cdf, 0xffff, 0x8df3, 0xffff, 0xffff, 0xffff, 0xffff, 0x9449,
	0xffff, 0x8df5, 0xffff, 0xffff, 0xffff, 0xffff, 0xffff, 0xffff, 0xffff, 0xffff, 0xffff, 0xffff,
	0xffff, 0xffff, 0xffff, 0xffff, 0xffff, 0xffff, 0xffff, 0xffff, 0xffff, 0x9872, 0xffff, 0xffff,
	0xffff, 0xffff, 0xffff, 0xffff, 0xffff, 0x8e6b, 0xffff, 0xffff, 0xffff, 0xffff, 0xffff, 0xffff,
	0xfafd, 0xffff, 0xffff, 0xffff, 0xffff, 0xffff, 0xffff, 0xffff, 0xffff, 0xffff, 0xffff, 0x8f50,
	0xffff, 0xffff, 0xffff, 0xffff, 0xffff, 0xffff, 0x9dcc, 0xfc65, 0xffff, 0x8c44, 0xffff, 0xffff,
	0x996e, 0x94a1, 0xffff, 0xffff, 0xffff, 0xffff, 0xffff, 0x8f63, 0xffff, 0xffff, 0xffff, 0xffff,
	0xffff, 0xffff, 0xffff, 0xa0da, 0xffff, 0xffff, 0xffff, 0xffff, 0xffff, 0xffff, 0xffff, 0xffff,
	0xffff, 0xffff, 0xffff, 0x9253, 0xfde9, 0xffff, 0xffff, 0x9db5, 0xffff, 0xffff, 0xffff, 0xffff,
	0xffff, 0xffff, 0xffff, 0x9879, 0x876a, 0xffff, 0xffff, 0x9d5d, 0xffff, 0xffff, 0xffff, 0xffff,
	0x8d63, 0x9669, 0x9f70, 0xffff, 0xffff, 0xffff, 0xffff, 0xffff, 0xffff, 0xffff, 0xffff, 0xffff,
	0xffff, 0xffff, 0xffff, 0xffff, 0xffff, 0xffff, 0xffff, 0xffff, 0xffff, 0xffff, 0xffff, 0xffff,
	0xffff, 0xffff, 0xffff, 0xffff, 0xffff, 0xffff, 0xffff, 0xffff, 0xffff, 0xffff, 0xffff, 0xffff,
	0xffff, 0xffff, 0xffff, 0xffff, 0xffff, 0xffff, 0xffff, 0xffff, 0xffff, 0xffff, 0xffff, 0xffff,
	0xffff, 0xffff, 0xffff, 0xffff, 0xffff, 0xffff, 0xffff, 0xffff, 0xffff, 0xffff, 0xffff, 0xffff,
	0xfc6a, 0xffff, 0xffff, 0x8ac7, 0xffff, 0xffff, 0xffff, 0xffff, 0x89d7, 0xffff, 0xffff, 0xffff,
	0xffff, 0xffff, 0xffff, 0xffff, 0xffff, 0xffff, 0xffff, 0xffff, 0xffff, 0xfe4d, 0xffff, 0xffff,
	0xffff, 0xffff, 0xffff, 0xffff, 0xffff, 0xffff, 0xffff, 0xffff, 0xffff, 0xffff, 0xffff, 0xffff,
	0xffff, 0xffff, 0xffff, 0xffff, 0xffff, 0xffff, 0xffff, 0xffff, 0xffff, 0xffff, 0xffff, 0xffff,
	0xffff, 0xffff, 0xffff, 0xffff, 0x9edd, 0xffff, 0xffff, 0xffff, 0xffff, 0xffff, 0xffff, 0xffff,
	0xffff, 0xffff, 0xffff, 0xffff, 0xffff, 0xffff, 0xffff, 0xffff, 0xffff, 0xffff, 0xffff, 0xffff,
	0xffff, 0xffff, 0xffff, 0xffff, 0xffff, 0xffff, 0xffff, 0xffff, 0xffff, 0xffff, 0xffff, 0xffff,
	0xffff, 0xffff, 0xffff, 0xffff, 0xffff, 0xffff, 0xffff, 0xffff, 0xffff, 0xffff, 0xffff, 0xffff,
	0xffff, 0xffff, 0xffff, 0xffff, 0xffff, 0xffff, 0xffff, 0xffff, 0xfefb, 0x98bc, 0xfacc, 0xffff,
	0xffff, 0x95b0, 0xffff, 0xffff, 0xffff, 0x9464, 0xffff, 0xffff, 0xffff, 0xffff, 0xffff, 0xffff,
	0x936f, 0xffff, 0xffff, 0xffff, 0xffff, 0xffff, 0xffff, 0x94b9, 0xffff, 0xffff, 0x95ec, 0xffff,
	0xffff, 0xffff, 0xffff, 0x91ee, 0xffff, 0xffff, 0x98c3, 0xffff, 0x95f6, 0xffff, 0xffff, 0xffff,
	0x8ffd, 0x98c5, 0xffff, 0xffff, 0xffff, 0xffff, 0x9766, 0xfe6e, 0xffff, 0xffff, 0x97dd, 0x8caa,
	0xffff, 0xffff, 0x92d2, 0xffff, 0xffff, 0x9761, 0x98cb, 0xffff, 0xffff, 0xffff, 0xffff, 0x95f0,
	0xffff, 0x975d, 0xffff, 0x91e3, 0xffff, 0xffff, 0xffff, 0xffff, 0x98cc, 0xffff, 0xffff, 0x9469,
	0x98cd, 0xffff, 0xffff, 0xffff, 0xffff, 0xffff, 0x98ce, 0xffff, 0x95fc, 0xffff, 0xffff, 0x94a3,
	0x9662, 0xffff, 0xffff, 0xffff, 0xfeb6, 0xffff, 0x9463, 0x8d47, 0xffff, 0xffff, 0xffff, 0xffff,
	0xffff, 0xffff, 0x98d0, 0xffff, 0xffff, 0xffff, 0xffff, 0xffff, 0xffff, 0xffff, 0xffff, 0xffff,
	0xffff, 0xffff, 0xffff, 0xffff, 0xffff, 0xffff, 0xffff, 0xffff, 0xffff, 0xffff, 0xffff, 0xffff,
	0xffff, 0xffff, 0xffff, 0xffff, 0xffff, 0xffff, 0xffff, 0xffff, 0xffff, 0xffff, 0xffff, 0xffff,
	0xffff, 0xffff, 0xffff, 0xffff, 0xffff, 0xffff, 0xffff, 0xffff, 0xffff, 0xffff, 0xffff, 0xffff,
	0xffff, 0xffff, 0xffff, 0xffff, 0xffff, 0xffff, 0xffff, 0xffff, 0xffff, 0xffff, 0xffff, 0xffff,
	0xffff, 0xffff, 0xffff, 0xffff, 0xffff, 0xffff, 0xffff, 0xffff, 0xffff, 0xffff, 0xffff, 0x98d1,
	0xffff, 0xffff, 0xffff, 0xffff, 0x9475, 0xfae0, 0xffff, 0xffff, 0xffff, 0xffff, 0xffff, 0xffff,
	0xffff, 0xffff, 0xffff, 0x9472, 0xffff, 0xffff, 0xffff, 0xffff, 0xffff, 0xffff, 0xffff, 0xffff,
	0xffff, 0xffff, 0xffff, 0xffff, 0xffff, 0xffff, 0xffff, 0xffff, 0xffff, 0xffff, 0xffff, 0xffff,
	0xffff, 0xffff, 0xffff, 0xffff, 0x98d6, 0xffff, 0xffff, 0xffff, 0xffff, 0xffff, 0xffff, 0xffff,
	0xffff, 0xffff, 0xffff, 0xffff, 0xffff, 0xffff, 0xffff, 0xffff, 0xffff, 0xffff, 0xffff, 0xffff,
	0xffff, 0xffff, 0xffff, 0x8af0, 0xffff, 0xffff, 0xffff, 0xffff, 0xffff, 0xffff, 0xffff, 0xffff,
	0xffff, 0xffff, 0xffff, 0xffff, 0xffff, 0xffff, 0xffff, 0xffff, 0xffff, 0xffff, 0xffff, 0xffff,
	0xffff, 0xffff, 0xffff, 0xffff, 0xffff, 0xffff, 0xffff, 0xffff, 0xffff, 0xffff, 0xffff, 0xffff,
	0xffff, 0xffff, 0xffff, 0xffff, 0xffff, 0xffff, 0xffff, 0xffff, 0xffff, 0xffff, 0xffff, 0xffff,
	0x98d9, 0xffff, 0xffff, 0xffff, 0xffff, 0xffff, 0xffff, 0xffff, 0x8d5a, 0xffff, 0xffff, 0xffff,
	0xffff, 0xffff, 0xffff, 0xffff, 0xffff, 0xffff, 0xffff, 0xffff, 0xffff, 0xffff, 0xffff, 0x98db,
	0xffff, 0xffff, 0xffff, 0xffff, 0x98dd, 0xffff, 0xffff, 0xffff, 0xffff, 0xffff, 0xffff, 0xffff,
	0xffff, 0x98a8, 0xffff, 0xffff, 0xffff, 0xffff, 0xffff, 0xffff, 0xffff, 0x8a6d, 0xffff, 0xffff,
	0xffff, 0xffff, 0xffff, 0xffff, 0xffff, 0xffff, 0xffff, 0xffff, 0xffff, 0x8afb, 0x8aae, 0xfbc9,
	0xffff, 0xffff, 0xffff, 0xffff, 0x8c5d, 0xffff, 0xffff, 0xffff, 0xffff, 0xffff, 0xffff, 0xffff,
	0xffff, 0xffff, 0xffff, 0xffff, 0xffff, 0xffff, 0xffff, 0xffff, 0xffff, 0xffff, 0xffff, 0xffff,
	0x98e4, 0xffff, 0xffff, 0xffff, 0xffff, 0xffff, 0xffff, 0xffff, 0xffff, 0xffff, 0xffff, 0xffff,
	0xffff, 0xffff, 0xffff, 0xffff, 0xffff, 0xffff, 0xffff, 0xffff, 0xffff, 0xffff, 0xffff, 0xffff,
	0xffff, 0xffff, 0xffff, 0xffff, 0x98e6, 0xffff, 0xffff, 0xffff, 0xffff, 0xffff, 0xffff, 0xffff,
	0xffff, 0xffff, 0xffff, 0xffff, 0x98e8, 0xffff, 0xffff, 0xffff, 0xffff, 0xffff, 0xffff, 0xffff,
	0xffff, 0xffff, 0xffff, 0xffff, 0xffff, 0xffff, 0x8a4d, 0xffff, 0xffff, 0xffff, 0x9257, 0xffff,
	0xffff, 0xffff, 0xffff, 0xffff, 0xffff, 0xffff, 0xffff, 0xffff, 0xffff, 0x95df, 0xffff, 0xffff,
	0xa0ac, 0xffff, 0xffff, 0xffff, 0xffff, 0x98eb, 0xffff, 0xffff, 0xffff, 0xffff, 0x98ec, 0xffff,
	0x8cc3, 0xffff, 0xffff, 0xffff, 0xffff, 0xffff, 0xffff, 0xffff, 0xffff, 0xffff, 0xffff, 0xffff,
	0xffff, 0xffff, 0xffff, 0xffff, 0xffff, 0xffff, 0xffff, 0xffff, 0xffff, 0xffff, 0xffff, 0xffff,
	0xffff, 0xffff, 0xffff, 0xffff, 0xffff, 0xffff, 0xffff, 0xffff, 0xffff, 0xffff, 0xffff, 0xffff,
	0xffff, 0xffff, 0xffff, 0xffff, 0xffff, 0xffff, 0xffff, 0xffff, 0xffff, 0xffff, 0xffff, 0xffff,
	0xffff, 0xffff, 0xffff, 0xffff, 0xffff, 0xffff, 0xffff, 0x98f4, 0xffff, 0xffff, 0xffff, 0xffff,
	0xffff, 0xffff, 0xffff, 0xffff, 0xffff, 0xffff, 0xffff, 0xffff, 0xffff, 0xffff, 0xffff, 0xffff,
	0xffff, 0xffff, 0x8ab8, 0xffff, 0xffff, 0xffff, 0x9ee7, 0xffff, 0xffff, 0xffff, 0xffff, 0xffff,
	0xffff, 0xffff, 0xffff, 0x94bc, 0xffff, 0xffff, 0xffff, 0xffff, 0xffff, 0xffff, 0xffff, 0xffff,
	0xffff, 0xffff, 0xffff, 0xffff, 0xffff, 0xffff, 0xffff, 0xfcd1, 0xffff, 0xffff, 0xffff, 0xffff,
	0xffff, 0xffff, 0x9cc6, 0xffff, 0xffff, 0xffff, 0xffff, 0xffff, 0xffff, 0xffff, 0xffff, 0xffff,
	0xffff, 0xffff, 0xffff, 0xffff, 0xffff, 0xffff, 0xffff, 0xffff, 0xffff, 0xffff, 0xffff, 0xffff,
	0xffff, 0xffff, 0xffff, 0x8d4a, 0xffff, 0x9e7e, 0x8d44, 0x98fe, 0xfde8, 0xffff, 0xffff, 0xffff,
	0xffff, 0x9940, 0xffff, 0xffff, 0xffff, 0xffff, 0x94c9, 0xffff, 0xffff, 0xffff, 0xffff, 0xffff,
	0xffff, 0xffff, 0xffff, 0xffff, 0xffff, 0xffff, 0xffff, 0xffff, 0xffff, 0xffff, 0xffff, 0xffff,
	0xffff, 0xffff, 0xffff, 0xffff, 0xffff, 0xffff, 0xffff, 0xffff, 0xffff, 0xffff, 0xffff, 0xffff,
	0xffff, 0xffff, 0xffff, 0xffff, 0xffff, 0xffff, 0x94d3, 0xffff, 0xffff, 0xffff, 0xffff, 0xffff,
	0xffff, 0xffff, 0xffff, 0xffff, 0xffff, 0xffff, 0xffff, 0xffff, 0xffff, 0xffff, 0xffff, 0xffff,
	0xffff, 0xffff, 0xffff, 0xffff, 0xffff, 0xffff, 0xffff, 0xffff, 0xffff, 0xffff, 0xffff, 0xffff,
	0xffff, 0xffff, 0xffff, 0xffff, 0xffff, 0xffff, 0xffff, 0xffff, 0xffff, 0xffff, 0xffff, 0xffff,
	0xffff, 0xffff, 0xffff, 0xffff, 0xffff, 0xffff, 0xffff, 0xffff, 0xffff, 0xffff, 0xffff, 0x9946,
	0xffff, 0xffff, 0xffff, 0xffff, 0x90c0, 0xffff, 0x94d1, 0xffff, 0xffff, 0xffff, 0xffff, 0xffff,
	0xffff, 0xffff, 0xffff, 0xffff, 0xffff, 0xffff, 0xffff, 0xffff, 0x8d4e, 0xffff, 0xffff, 0x9573,
	0xffff, 0xffff, 0xffff, 0xffff, 0xffff, 0xffff, 0xffff, 0xffff, 0xffff, 0xffff, 0xffff, 0xffff,
	0xffff, 0xffff, 0xffff, 0xffff, 0x93c2, 0xffff, 0xffff, 0xffff, 0xffff, 0xffff, 0xffff, 0xffff,
	0xffff, 0xffff, 0xffff, 0xffff, 0xffff, 0xffff, 0xffff, 0xffff, 0xffff, 0xffff, 0xffff, 0xffff,
	0xffff, 0xffff, 0xffff, 0xffff, 0xffff, 0xffff, 0xffff, 0xffff, 0xffff, 0xffff, 0xffff, 0xffff,
	0xffff, 0xffff, 0x9948, 0xffff, 0xffff, 0xffff, 0xffff, 0xffff, 0xffff, 0xffff, 0xffff, 0xffff,
	0xffff, 0xffff, 0xffff, 0xffff, 0xffff, 0xffff, 0xffff, 0xffff, 0x994b, 0xffff, 0xffff, 0xffff,
	0xffff, 0xffff, 0x8e55, 0xffff, 0xffff, 0xffff, 0xffff, 0x994e, 0xffff, 0xffff, 0xffff, 0xffff,
	0xffff, 0xffff, 0xffff, 0xffff, 0xffff, 0xffff, 0xffff, 0x8efe, 0xffff, 0xffff, 0xffff, 0xffff,
	0xffff, 0xffff, 0xffff, 0xffff, 0xffff, 0xffff, 0xffff, 0xffff, 0xffff, 0xffff, 0xffff, 0xffff,
	0xffff, 0x8d5f, 0xffff, 0x8e59, 0xffff, 0xffff, 0xffff, 0xffff, 0xffff, 0xffff, 0xffff, 0xffff,
	0xffff, 0x94ec, 0x94ef, 0xffff, 0xffff, 0xffff, 0xffff, 0xffff, 0xffff, 0xffff, 0xffff, 0xffff,
	0xffff, 0xffff, 0xffff, 0xffff, 0xffff, 0xffff, 0xffff, 0xffff, 0x8c60, 0xffff, 0xffff, 0xffff,
	0xffff, 0xffff, 0xffff, 0xffff, 0xffff, 0xffff, 0xffff, 0xffff, 0xffff, 0xffff, 0xffff, 0xffff,
	0xffff, 0xffff, 0xffff, 0xffff, 0xffff, 0xffff, 0xffff, 0xffff, 0xffff, 0xffff, 0xffff, 0xffff,
	0xffff, 0x8f74, 0xffff, 0xffff, 0xffff, 0xffff, 0xffff, 0xffff, 0xffff, 0xffff, 0xffff, 0xffff,
	0xffff, 0xffff, 0xffff, 0xffff, 0xffff, 0xffff, 0xffff, 0xffff, 0xffff, 0xffff, 0xffff, 0xffff,
	0xffff, 0xffff, 0xffff, 0xffff, 0xffff, 0xffff, 0xffff, 0xffff, 0xffff, 0x9955, 0xffff, 0xffff,
	0xffff, 0xffff, 0xffff, 0xffff, 0xffff, 0xffff, 0xffff, 0x9544, 0xffff, 0xffff, 0xffff, 0xffff,
	0xffff, 0xffff, 0xffff, 0xffff, 0xffff, 0xffff, 0xffff, 0x8ccb, 0xffff, 0xffff, 0xffff, 0x9956,
	0xffff, 0xffff, 0xffff, 0xffff, 0xffff, 0xffff, 0xffff, 0xffff, 0xffff, 0xffff, 0xffff, 0xffff,
	0xffff, 0xffff, 0xffff, 0xffff, 0xffff, 0x9959, 0xffff, 0xffff, 0xffff, 0xffff, 0xffff, 0xffff,
	0xffff, 0x995b, 0xffff, 0xffff, 0xffff, 0xffff, 0xffff, 0xffff, 0xffff, 0xffff, 0xffff, 0xffff,
	0xffff, 0xffff, 0xffff, 0x8cc4, 0xffff, 0xffff, 0xffff, 0xffff, 0xffff, 0xffff, 0xffff, 0xffff,
	0xffff, 0xffff, 0xffff, 0xffff, 0xffff, 0xffff, 0xffff, 0xffff, 0xffff, 0xffff, 0xfa45, 0xffff,
	0xffff, 0xffff, 0x90b7, 0xffff, 0xffff, 0x9743, 0xffff, 0xffff, 0xffff, 0xffff, 0xffff, 0xffff,
	0xffff, 0xffff, 0xffff, 0xffff, 0xffff, 0xffff, 0xffff, 0xffff, 0xffff, 0xffff, 0xffff, 0xffff,
	0xffff, 0xffff, 0xffff, 0xffff, 0xffff, 0xffff, 0xffff, 0xffff, 0xffff, 0xffff, 0xffff, 0xffff,
	0xffff, 0xffff, 0xffff, 0xffff, 0xffff, 0xffff, 0xffff, 0xffff, 0xffff, 0xffff, 0xffff, 0xffff,
	0xffff, 0xffff, 0xffff, 0xffff, 0xffff, 0xffff, 0xffff, 0xffff, 0xffff, 0xffff, 0xffff, 0xffff,
	0xffff, 0x95cd, 0xffff, 0xffff, 0xffff, 0xffff, 0xffff, 0xffff, 0x97c9, 0xfd50, 0x8eb9, 0xffff,
	0xffff, 0xffff, 0xffff, 0xffff, 0xffff, 0xffff, 0xffff, 0xffff, 0xffff, 0xffff, 0xffff, 0xffff,
	0xffff, 0xffff, 0xffff, 0xffff, 0xffff, 0xffff, 0xffff, 0xffff, 0xffff, 0xffff, 0xffff, 0xffff,
	0xffff, 0xffff, 0xffff, 0xffff, 0xffff, 0xffff, 0xffff, 0xffff, 0xffff, 0xffff, 0xffff, 0xffff,
	0xffff, 0xffff, 0xffff, 0xffff, 0xffff, 0xffff, 0xffff, 0xffff, 0xffff, 0xffff, 0xffff, 0xffff,
	0xffff, 0xffff, 0xffff, 0xffff, 0xffff, 0xffff, 0xffff, 0xffff, 0xffff, 0xffff, 0xffff, 0xffff,
	0xffff, 0xffff, 0xffff, 0xffff, 0xffff, 0x95c6, 0xffff, 0xffff, 0xffff, 0xffff, 0xffff, 0xffff,
	0xffff, 0xffff, 0xffff, 0xffff, 0xffff, 0xffff, 0xffff, 0xffff, 0xffff, 0xffff, 0xffff, 0xffff,
	0xffff, 0xffff, 0xffff, 0xffff, 0xffff, 0xffff, 0xffff, 0xffff, 0xffff, 0xffff, 0xffff, 0xffff,
	0xffff, 0xffff, 0xffff, 0xffff, 0xffff, 0xffff, 0xffff, 0xffff, 0xffff, 0xffff, 0x9967, 0xffff,
	0xffff, 0x8ce3, 0xffff, 0xffff, 0xffff, 0xffff, 0xffff, 0xffff, 0xffff, 0xffff, 0xffff, 0xffff,
	0xffff, 0xffff, 0xffff, 0xffff, 0xffff, 0xffff, 0xffff, 0xffff, 0xffff, 0xffff, 0xffff, 0xffff,
	0xffff, 0xffff, 0xffff, 0xffff, 0xffff, 0xffff, 0xffff, 0xffff, 0xffff, 0x8ab9, 0xffff, 0xffff,
	0xffff, 0xffff, 0xffff, 0xffff, 0x8dfc, 0xffff, 0xffff, 0xffff, 0xffff, 0xffff, 0xffff, 0xffff,
	0xffff, 0xffff, 0xffff, 0xffff, 0xffff, 0xffff, 0xffff, 0xffff, 0xffff, 0xffff, 0xffff, 0xffff,
	0xffff, 0xffff, 0xffff, 0xffff, 0x8a76, 0xffff, 0xffff, 0xffff, 0xffff, 0xffff, 0x9d51, 0xffff,
	0xffff, 0xffff, 0xffff, 0xffff, 0xffff, 0xffff, 0xffff, 0xffff, 0xffff, 0xffff, 0xffff, 0xffff,
	0x9973, 0xffff, 0xffff, 0x8740, 0xffff, 0x9d4f, 0x997a, 0x9564, 0xffff, 0xffff, 0xffff, 0xffff,
	0xffff, 0xffff, 0xffff, 0xffff, 0xffff, 0xffff, 0xffff, 0xffff, 0xffff, 0xffff, 0xffff, 0xffff,
	0x99a1, 0xffff, 0xffff, 0xffff, 0xffff, 0xffff, 0xffff, 0xffff, 0xffff, 0xffff, 0xffff, 0xffff,
	0xffff, 0xffff, 0xffff, 0xffff, 0xffff, 0xffff, 0x99a5, 0xffff, 0xffff, 0xffff, 0xffff, 0xffff,
	0xffff, 0xffff, 0x99a7, 0xffff, 0xffff, 0xffff, 0xffff, 0xffff, 0xffff, 0xffff, 0xffff, 0xffff,
	0xffff, 0xffff, 0xffff, 0xffff, 0xffff, 0xffff, 0xffff, 0xffff, 0xffff, 0xffff, 0xffff, 0xffff,
	0xffff, 0xffff, 0xffff, 0xffff, 0xffff, 0xffff, 0xffff, 0xffff, 0xffff, 0xffff, 0xffff, 0xffff,
	0xffff, 0xffff, 0xffff, 0xffff, 0xffff, 0xffff, 0xffff, 0xffff, 0xffff, 0xffff, 0xffff, 0xffff,
	0xffff, 0xffff, 0xffff, 0xffff, 0xffff, 0xffff, 0xffff, 0xffff, 0xffff, 0xffff, 0xffff, 0xffff,
	0xffff, 0xffff, 0xffff, 0xffff, 0xffff, 0xffff, 0xffff, 0xffff, 0xffff, 0xffff, 0xffff, 0xffff,
	0xffff, 0xffff, 0xffff, 0xffff, 0xffff, 0xffff, 0xffff, 0x8eed, 0xffff, 0xffff, 0xffff, 0xffff,
	0xffff, 0xffff, 0xffff, 0xffff, 0xffff, 0xffff, 0xffff, 0xffff, 0xffff, 0xffff, 0xffff, 0xffff,
	0xffff, 0xffff, 0xffff, 0xffff, 0x99ad, 0xffff, 0xc87e, 0xffff, 0xffff, 0xffff, 0xffff, 0xffff,
	0xffff, 0xffff, 0xffff, 0xffff, 0xffff, 0xffff, 0xffff, 0xffff, 0x946e, 0x8f70, 0xffff, 0xfad0,
	0xffff, 0xffff, 0xffff, 0xffff, 0xffff, 0xffff, 0xffff, 0xffff, 0xffff, 0xffff, 0xffff, 0xffff,
	0xffff, 0x99b3, 0xffff, 0xffff, 0xffff, 0xffff, 0xffff, 0xffff, 0xa053, 0xffff, 0xffff, 0xffff,
	0xffff, 0xffff, 0x8d5e, 0xffff, 0xffff, 0x965c, 0xffff, 0xffff, 0x8ce0, 0xffff, 0xfd7a, 0xffff,
	0xffff, 0xffff, 0xffff, 0xffff, 0xffff, 0xffff, 0xffff, 0x97fe, 0xffff, 0xffff, 0xffff, 0xffff,
	0xffff, 0xffff, 0xffff, 0xffff, 0xffff, 0xffff, 0xffff, 0xffff, 0xffff, 0xffff, 0x92bd, 0x8d5d,
	0x97fd, 0xffff, 0xffff, 0xffff, 0xffff, 0x8f64, 0xffff, 0xffff, 0xffff, 0xffff, 0xfcf7, 0x9562,
	0x97cd, 0x9e64, 0xffff, 0xffff, 0xffff, 0xffff, 0xffff, 0xffff, 0xffff, 0x924c, 0x8ec9, 0x99bc,
	0xffff, 0xffff, 0xffff, 0xffff, 0x9da5, 0xffff, 0x8f54, 0xffff, 0xffff, 0xffff, 0xffff, 0xffff,
	0xffff, 0xffff, 0xffff, 0xffff, 0xffff, 0x8f7c, 0xffff, 0xffff, 0xffff, 0xffff, 0x8d55, 0xffff,
	0x8ea2, 0xffff, 0xffff, 0xffff, 0xffff, 0xffff, 0xffff, 0xffff, 0xffff, 0xffff, 0x8f7a, 0xffff,
	0xffff, 0xffff, 0xffff, 0xffff, 0xffff, 0x97ae, 0xffff, 0xffff, 0xffff, 0xffff, 0x96c8, 0xffff,
	0xffff, 0x8ce4, 0xffff, 0xffff, 0xffff, 0xffff, 0x99c3, 0xffff, 0x90d6, 0xffff, 0x9cbe, 0xffff,
	0xffff, 0xffff, 0x8f76, 0xffff, 0xffff, 0xffff, 0xffff, 0xffff, 0xffff, 0xffff, 0xffff, 0xffff,
	0xffff, 0xffff, 0xffff, 0xffff, 0x9470, 0xfb4b, 0xffff, 0xffff, 0xfdca, 0xffff, 0xffff, 0x8cef,
	0xffff, 0xffff, 0xffff, 0x8ec7, 0xffff, 0xffff, 0xffff, 0xffff, 0x8d54, 0xa0f9, 0xffff, 0xffff,
	0xffff, 0xffff, 0xffff, 0xffff, 0xffff, 0x8fa9, 0xffff, 0xffff, 0x8d51, 0xffff, 0xffff, 0xffff,
	0xffff, 0xffff, 0xffff, 0xffff, 0xffff, 0xffff, 0x99c7, 0x8744, 0xffff, 0xffff, 0xffff, 0xffff,
	0xffff, 0xffff, 0xffff, 0xffff, 0xffff, 0xffff, 0xffff, 0xffff, 0x90d7, 0xffff, 0xffff, 0xffff,
	0xffff, 0xffff, 0xffff, 0xffff, 0xffff, 0xffff, 0xffff, 0xffff, 0xffff, 0xffff, 0xffff, 0xffff,
	0xffff, 0xffff, 0xffff, 0xffff, 0xffff, 0xffff, 0xffff, 0xffff, 0xffff, 0xffff, 0xffff, 0xffff,
	0xffff, 0xffff, 0xffff, 0xffff, 0xffff, 0x8743, 0xffff, 0xffff, 0xffff, 0xffff, 0xffff, 0xffff,
	0xffff, 0xffff, 0xffff, 0xffff, 0xffff, 0xffff, 0x8747, 0xffff, 0xffff, 0xffff, 0xffff, 0xffff,
	0xffff, 0xffff, 0xffff, 0xffff, 0xffff, 0xffff, 0xffff, 0xffff, 0xffff, 0xffff, 0xffff, 0xffff,
	0xffff, 0xffff, 0xffff, 0xffff, 0xffff, 0xffff, 0xffff, 0xffff, 0xffff, 0xffff, 0xffff, 0xffff,
	0xffff, 0xffff, 0xffff, 0xffff, 0xffff, 0xffff, 0xffff, 0xffff, 0xffff, 0x8758, 0xffff, 0xffff,
	0xffff, 0xffff, 0xffff, 0xffff, 0xffff, 0xffff, 0xffff, 0xffff, 0xffff, 0xffff, 0xffff, 0xffff,
	0x9edf, 0x8d59, 0x8742, 0xffff, 0xffff, 0x99ce, 0xffff, 0xffff, 0xffff, 0xffff, 0xffff, 0xffff,
	0xffff, 0xffff, 0x8fba, 0xffff, 0xffff, 0xffff, 0xffff, 0xffff, 0x8feb, 0xffff, 0x99cf, 0xffff,
	0xffff, 0xffff, 0xffff, 0xffff, 0xffff, 0xffff, 0xffff, 0xffff, 0xffff, 0xffff, 0xffff, 0xffff,
	0xffff, 0xffff, 0xffff, 0xffff, 0xffff, 0xffff, 0xffff, 0xffff, 0xffff, 0xffff, 0xffff, 0xffff,
	0xffff, 0xffff, 0xffff, 0xffff, 0xffff, 0xffff, 0xffff, 0xffff, 0xffff, 0xffff, 0xffff, 0xffff,
	0xffff, 0xffff, 0xffff, 0xffff, 0xffff, 0xffff, 0xffff, 0xffff, 0xffff, 0xffff, 0xffff, 0xffff,
	0xffff, 0xffff, 0xffff, 0xffff, 0xffff, 0xffff, 0xffff, 0xffff, 0xffff, 0xffff, 0xffff, 0xffff,
	0xffff, 0xffff, 0xffff, 0xffff, 0xffff, 0xffff, 0x8fc2, 0xffff, 0xffff, 0xffff, 0xffff, 0xffff,
	0xffff, 0xffff, 0xffff, 0xffff, 0xffff, 0xffff, 0xffff, 0xffff, 0xffff, 0xffff, 0xffff, 0xffff,
	0xffff, 0xffff, 0xffff, 0xffff, 0xffff, 0xffff, 0xffff, 0xffff, 0xffff, 0xffff, 0xffff, 0xffff,
	0xffff, 0x92c9, 0xffff, 0xffff, 0xffff, 0xffff, 0xffff, 0x97dc, 0xffff, 0xffff, 0xffff, 0xffff,
	0xffff, 0xffff, 0xffff, 0xffff, 0xffff, 0xffff, 0xffff, 0xffff, 0xffff, 0xffff, 0xffff, 0xffff,
	0xffff, 0xffff, 0xffff, 0xffff, 0xffff, 0xffff, 0xffff, 0xffff, 0xffff, 0xffff, 0xffff, 0xffff,
	0xffff, 0xffff, 0xffff, 0xffff, 0x875d, 0xffff, 0xffff, 0xffff, 0xffff, 0xffff, 0xffff, 0xffff,
	0xffff, 0xffff, 0xffff, 0xffff, 0xffff, 0xffff, 0xffff, 0xffff, 0xffff, 0xffff, 0xffff, 0xffff,
	0xffff, 0xffff, 0xffff, 0xffff, 0xffff, 0xffff, 0x8d45, 0xffff, 0xffff, 0xffff, 0xffff, 0xffff,
	0xffff, 0xffff, 0xffff, 0xffff, 0xffff, 0xffff, 0xffff, 0xffff, 0xffff, 0xffff, 0xffff, 0xffff,
	0xffff, 0xffff, 0x95b3, 0x9c79, 0xffff, 0xffff, 0xffff, 0xffff, 0xffff, 0xffff, 0xffff, 0xffff,
	0xffff, 0xffff, 0xffff, 0xffff, 0xffff, 0xffff, 0xffff, 0xffff, 0xffff, 0xffff, 0xffff, 0xffff,
	0xffff, 0xffff, 0xffff, 0xffff, 0xffff, 0xffff, 0xffff, 0xffff, 0xffff, 0xffff, 0xffff, 0xffff,
	0xffff, 0xffff, 0xffff, 0xffff, 0x95b2, 0xffff, 0x8d4c, 0x8fdb, 0xffff, 0xffff, 0xffff, 0xffff,
	0x9be3, 0xffff, 0xffff, 0xffff, 0xffff, 0xffff, 0xffff, 0xffff, 0xffff, 0xffff, 0xffff, 0xffff,
	0xffff, 0xffff, 0xffff, 0xffff, 0xffff, 0xffff, 0xffff, 0xffff, 0xffff, 0xffff, 0xffff, 0xffff,
	0xffff, 0xffff, 0xffff, 0xffff, 0xffff, 0xffff, 0x874c, 0xffff, 0xffff, 0xffff, 0xffff, 0xffff,
	0xffff, 0xffff, 0xffff, 0xffff, 0xffff, 0xffff, 0xffff, 0xffff, 0x874d, 0xffff, 0xffff, 0xffff,
	0xffff, 0xffff, 0xffff, 0xffff, 0xffff, 0xffff, 0x9e7a, 0x8757, 0xffff, 0xffff, 0xffff, 0xffff,
	0xffff, 0xffff, 0xffff, 0xffff, 0xffff, 0xffff, 0xffff, 0xffff, 0xffff, 0xffff, 0xffff, 0xffff,
	0xffff, 0xffff, 0xffff, 0xffff, 0xffff, 0xffff, 0xffff, 0xffff, 0xffff, 0xffff, 0xffff, 0xffff,
	0xffff, 0xffff, 0xffff, 0xffff, 0xffff, 0xffff, 0xffff, 0xffff, 0xffff, 0xffff, 0xffff, 0xffff,
	0xffff, 0xffff, 0xffff, 0xffff, 0x9bee, 0xffff, 0xffff, 0xffff, 0xffff, 0xffff, 0xffff, 0xffff,
	0xffff, 0xffff, 0xffff, 0xffff, 0xffff, 0xffff, 0xffff, 0xffff, 0xffff, 0xffff, 0xffff, 0xffff,
	0xffff, 0xffff, 0xffff, 0xffff, 0xffff, 0xffff, 0xffff, 0xffff, 0x99de, 0xffff, 0xffff, 0xffff,
	0xffff, 0xffff, 0xffff, 0xffff, 0xffff, 0xffff, 0xffff, 0xffff, 0xffff, 0xffff, 0xfafa, 0xffff,
	0xffff, 0xffff, 0xffff, 0xffff, 0xffff, 0xffff, 0xffff, 0xffff, 0xffff, 0xffff, 0xffff, 0xffff,
	0xffff, 0xffff, 0xffff, 0xffff, 0xffff, 0xffff, 0xffff, 0xffff, 0xffff, 0xffff, 0xffff, 0xffff,
	0xffff, 0xffff, 0xffff, 0xffff, 0xffff, 0xffff, 0xffff, 0xffff, 0xffff, 0xffff, 0xffff, 0xffff,
	0xffff, 0xffff, 0xffff, 0xffff, 0xffff, 0xffff, 0xffff, 0xffff, 0xffff, 0x8a52, 0xffff, 0xffff,
	0xffff, 0xffff, 0xffff, 0xffff, 0xffff, 0xffff, 0xffff, 0xffff, 0xffff, 0xffff, 0xffff, 0xffff,
	0xffff, 0xffff, 0xffff, 0xffff, 0xffff, 0xffff, 0xffff, 0xffff, 0xffff, 0x99e1, 0xffff, 0xffff,
	0xffff, 0xffff, 0xffff, 0xffff, 0x8a67, 0x8bb5, 0xffff, 0xffff, 0xffff, 0xffff, 0xffff, 0xffff,
	0xffff, 0xffff, 0xffff, 0xffff, 0x8aac, 0xffff, 0xffff, 0xffff, 0xffff, 0xffff, 0xffff, 0xffff,
	0xffff, 0xffff, 0xffff, 0xffff, 0xffff, 0xffff, 0xffff, 0xffff, 0xffff, 0xffff, 0xffff, 0xffff,
	0xffff, 0xffff, 0xffff, 0xffff, 0xffff, 0xffff, 0xffff, 0xffff, 0xffff, 0xffff, 0xffff, 0xffff,
	0xffff, 0xffff, 0xffff, 0xffff, 0xffff, 0xffff, 0xffff, 0xffff, 0xffff, 0xffff, 0xffff, 0xffff,
	0x99e9, 0xffff, 0xffff, 0xffff, 0xffff, 0xffff, 0xffff, 0xffff, 0xffff, 0xffff, 0xffff, 0xffff,
	0xffff, 0xffff, 0xffff, 0xffff, 0xffff, 0xffff, 0xffff, 0xffff, 0xffff, 0xffff, 0xffff, 0xffff,
	0xffff, 0xffff, 0xffff, 0xffff, 0xffff, 0xffff, 0xffff, 0xffff, 0xffff, 0xffff, 0xffff, 0xffff,
	0xffff, 0xffff, 0xfbca, 0xffff, 0xffff, 0xffff, 0xffff, 0xffff, 0xffff, 0xffff, 0xffff, 0xffff,
	0xffff, 0xffff, 0xffff, 0xffff, 0xffff, 0xffff, 0xffff, 0xffff, 0xffff, 0xffff, 0x97de, 0xffff,
	0xffff, 0xffff, 0xffff, 0xffff, 0xffff, 0xffff, 0xffff, 0xffff, 0xffff, 0xffff, 0xffff, 0xffff,
	0xffff, 0xffff, 0xffff, 0xffff, 0xffff, 0xffff, 0xffff, 0xffff, 0xffff, 0xffff, 0xffff, 0xffff,
	0xffff, 0xffff, 0xffff, 0xffff, 0xffff, 0xffff, 0xffff, 0xffff, 0xffff, 0xffff, 0xffff, 0xffff,
	0xffff, 0xffff, 0xffff, 0xffff, 0x95d1, 0xffff, 0xffff, 0xffff, 0xffff, 0xffff, 0xffff, 0xffff,
	0xffff, 0xffff, 0xffff, 0xffff, 0xffff, 0xffff, 0xffff, 0xffff, 0xffff, 0xffff, 0x99f5, 0xfc4a,
	0xffff, 0xffff, 0xffff, 0xffff, 0xffff, 0xffff, 0xffff, 0xffff, 0xffff, 0xffff, 0xffff, 0xffff,
	0xffff, 0xffff, 0xffff, 0xffff, 0xffff, 0xffff, 0xffff, 0xffff, 0xffff, 0xffff, 0xffff, 0xffff,
	0xffff, 0xffff, 0xffff, 0xffff, 0xffff, 0xffff, 0xffff, 0xffff, 0xffff, 0x9ba9, 0xffff, 0xffff,
	0xffff, 0xffff, 0xffff, 0xffff, 0xffff, 0xffff, 0xffff, 0xffff, 0xffff, 0xffff, 0xfbdc, 0xffff,
	0xffff, 0xffff, 0xffff, 0xffff, 0xffff, 0xffff, 0xffff, 0xffff, 0xffff, 0xffff, 0xffff, 0xffff,
	0xffff, 0xffff, 0xfe56, 0xffff, 0xffff, 0xffff, 0xffff, 0xffff, 0x9ea4, 0xffff, 0xffff, 0xffff,
	0xffff, 0xffff, 0xffff, 0x9d49, 0x95db, 0xffff, 0xffff, 0xffff, 0xffff, 0xffff, 0xffff, 0xffff,
	0xffff, 0xffff, 0xffff, 0x89c5, 0xffff, 0xffff, 0xffff, 0xffff, 0xffff, 0xffff, 0xffff, 0xffff,
	0xffff, 0xffff, 0xffff, 0xffff, 0x99f8, 0xffff, 0xffff, 0xffff, 0xffff, 0xffff, 0xffff, 0x9664,
	0xffff, 0xffff, 0xffff, 0xffff, 0x9055, 0xffff, 0xffff, 0x96d4, 0xffff, 0xffff, 0xffff, 0xffff,
	0xffff, 0xffff, 0xffff, 0x977c, 0xffff, 0xffff, 0xffff, 0xffff, 0xffff, 0xffff, 0x964d, 0xffff,
	0x97e1, 0xffff, 0xffff, 0xffff, 0xffff, 0xffff, 0xffff, 0x9a48, 0xffff, 0xffff, 0xffff, 0xffff,
	0xffff, 0xffff, 0xffff, 0xffff, 0xffff, 0xffff, 0xffff, 0x9a49, 0xffff, 0xfe7d, 0xffff, 0xffff,
	0xffff, 0xffff, 0xffff, 0xffff, 0xffff, 0xffff, 0xffff, 0xffff, 0xffff, 0xffff, 0xffff, 0xffff,
	0xffff, 0xffff, 0xffff, 0x90aa, 0xffff, 0xffff, 0xffff, 0xffff, 0x9a50, 0xffff, 0xffff, 0xffff,
	0xffff, 0xffff, 0xffff, 0xffff, 0x9347, 0xffff, 0xffff, 0xffff, 0xffff, 0xffff, 0xffff, 0xffff,
	0xffff, 0xffff, 0xffff, 0xffff, 0xffff, 0xffff, 0xffff, 0xffff, 0xffff, 0xffff, 0xffff, 0xffff,
	0xffff, 0xffff, 0xffff, 0x8ed8, 0xffff, 0xffff, 0xffff, 0xffff, 0xffff, 0xffff, 0xffff, 0xffff,
	0xffff, 0xffff, 0xffff, 0xffff, 0xffff, 0xffff, 0xffff, 0xffff, 0xffff, 0xffff, 0xffff, 0xffff,
	0xffff, 0xffff, 0xffff, 0x90c9, 0xffff, 0xffff, 0xffff, 0xffff, 0xffff, 0x9a55, 0xffff, 0xffff,
	0xffff, 0xffff, 0xffff, 0xffff, 0xffff, 0xffff, 0xffff, 0xffff, 0xffff, 0xffff, 0xffff, 0xffff,
	0xffff, 0xffff, 0xffff, 0xffff, 0xffff, 0xffff, 0xffff, 0xffff, 0xffff, 0xffff, 0xffff, 0xffff,
	0xffff, 0xffff, 0xffff, 0xffff, 0xffff, 0xffff, 0xffff, 0xffff, 0xffff, 0xffff, 0xffff, 0xffff,
	0xffff, 0xffff, 0xffff, 0xffff, 0xffff, 0xffff, 0xffff, 0xffff, 0xffff, 0xffff, 0xffff, 0xffff,
	0xffff, 0xffff, 0xffff, 0xffff, 0xffff, 0x90bc, 0xffff, 0xffff, 0xffff, 0xffff, 0xffff, 0x9a58,
	0xffff, 0x8bb8, 0x90d5, 0xffff, 0xffff, 0xffff, 0xffff, 0xffff, 0xffff, 0xffff, 0xffff, 0xffff,
	0xffff, 0xffff, 0xffff, 0xffff, 0x9641, 0xffff, 0xffff, 0xffff, 0xffff, 0xffff, 0xffff, 0x9a5a,
	0xffff, 0xffff, 0xffff, 0xffff, 0xffff, 0xffff, 0xffff, 0xffff, 0xffff, 0xffff, 0xffff, 0xffff,
	0xffff, 0xffff, 0xffff, 0xffff, 0x9a5c, 0xffff, 0xffff, 0xffff, 0xffff, 0xffff, 0xffff, 0xffff,
	0xffff, 0xffff, 0xffff, 0xffff, 0xffff, 0xffff, 0xffff, 0xffff, 0xffff, 0xffff, 0xffff, 0xffff,
	0xffff, 0xffff, 0xffff, 0xffff, 0xffff, 0xffff, 0xffff, 0xffff, 0xffff, 0xffff, 0xffff, 0xffff,
	0xffff, 0xffff, 0xffff, 0xffff, 0xffff, 0xffff, 0xffff, 0xffff, 0xffff, 0xffff, 0xffff, 0xffff,
	0xffff, 0xffff, 0xffff, 0xffff, 0xffff, 0xffff, 0xffff, 0xffff, 0xffff, 0xffff, 0xffff, 0xffff,
	0xffff, 0xffff, 0xffff, 0xffff, 0xffff, 0xffff, 0xffff, 0xffff, 0xffff, 0xffff, 0xffff, 0xffff,
	0xffff, 0xffff, 0xffff, 0xffff, 0xffff, 0xffff, 0xffff, 0xffff, 0xffff, 0xffff, 0xffff, 0xffff,
	0xffff, 0xffff, 0xffff, 0xffff, 0xffff, 0xffff, 0xffff, 0xffff, 0xffff, 0xffff, 0xffff, 0xffff,
	0xffff, 0xffff, 0xffff, 0xffff, 0xffff, 0x97c2, 0xffff, 0xffff, 0xffff, 0xffff, 0xffff, 0xffff,
	0xffff, 0xffff, 0xffff, 0xffff, 0xffff, 0xffff, 0xffff, 0x875c, 0xffff, 0xffff, 0xffff, 0xffff,
	0xffff, 0xffff, 0xffff, 0xffff, 0xffff, 0xffff, 0xffff, 0xffff, 0xffff, 0xffff, 0xffff, 0x8abb,
	0xffff, 0xffff, 0xffff, 0x9baa, 0xffff, 0xffff, 0xffff, 0xffff, 0xffff, 0xffff, 0xffff, 0xffff,
	0xffff, 0xffff, 0xffff, 0xffff, 0xffff, 0xffff, 0xffff, 0xffff, 0xffff, 0xffff, 0xffff, 0xffff,
	0xffff, 0xffff, 0xffff, 0xffff, 0x90f5, 0xffff, 0xffff, 0xffff, 0xffff, 0xffff, 0xffff, 0xffff,
	0xffff, 0xffff, 0xffff, 0xffff, 0xffff, 0xffff, 0xffff, 0xffff, 0xffff, 0xffff, 0xffff, 0x9a60,
	0xffff, 0xffff, 0xffff, 0xffff, 0xffff, 0xffff, 0xffff, 0xffff, 0xffff, 0xffff, 0xffff, 0xffff,
	0xffff, 0xffff, 0xffff, 0xffff, 0xffff, 0xffff, 0xffff, 0xffff, 0xffff, 0xffff, 0xffff, 0xffff,
	0xffff, 0xffff, 0x9145, 0x8c58, 0xffff, 0xffff, 0xffff, 0xffff, 0xffff, 0xffff, 0xffff, 0xffff,
	0x9a63, 0xffff, 0xffff, 0xffff, 0xffff, 0xffff, 0xffff, 0x8c49, 0xffff, 0xffff, 0xffff, 0xffff,
	0xffff, 0xffff, 0xffff, 0xffff, 0xffff, 0xffff, 0xffff, 0x8bb6, 0xffff, 0xffff, 0xffff, 0xffff,
	0xffff, 0xffff, 0xffff, 0xffff, 0xffff, 0xffff, 0xfccf, 0xffff, 0xffff, 0xffff, 0xffff, 0xffff,
	0xffff, 0xffff, 0xffff, 0xffff, 0xffff, 0xffff, 0xffff, 0xffff, 0xffff, 0xffff, 0xffff, 0xffff,
	0xffff, 0xffff, 0xffff, 0xffff, 0xffff, 0xffff, 0xffff, 0xffff, 0xffff, 0xffff, 0xffff, 0xffff,
	0xffff, 0xffff, 0xffff, 0xffff, 0xffff, 0xffff, 0xffff, 0xffff, 0xffff, 0xffff, 0xffff, 0xffff,
	0xffff, 0xffff, 0xffff, 0xffff, 0xffff, 0xffff, 0xffff, 0xffff, 0xffff, 0xffff, 0xffff, 0xffff,
	0xffff, 0xffff, 0x966b, 0x9a6e, 0xffff, 0x914f, 0xffff, 0xffff, 0xffff, 0xffff, 0xffff, 0xffff,
	0xffff, 0xffff, 0x9746, 0xffff, 0xffff, 0xa0e6, 0xffff, 0xffff, 0xffff, 0xffff, 0xffff, 0xffff,
	0xffff, 0xffff, 0xffff, 0xffff, 0xffff, 0xffff, 0xffff, 0xffff, 0xffff, 0x92d7, 0xffff, 0x9675,
	0xffff, 0xffff, 0x93d4, 0xffff, 0xffff, 0x91bb, 0x9679, 0xffff, 0xffff, 0xffff, 0xffff, 0xffff,
	0x9a70, 0xffff, 0xffff, 0xffff, 0xffff, 0xffff, 0xffff, 0xffff, 0xffff, 0xffff, 0xffff, 0xffff,
	0xffff, 0xffff, 0xffff, 0xffff, 0xffff, 0xffff, 0xffff, 0xffff, 0xffff, 0xffff, 0xffff, 0xffff,
	0xffff, 0xffff, 0xffff, 0xffff, 0xffff, 0xffff, 0xffff, 0xffff, 0x9678, 0x91cd, 0xffff, 0x9c4a,
	0xa06f, 0xffff, 0xffff, 0xa06a, 0xffff, 0xffff, 0xffff, 0xffff, 0xffff, 0xffff, 0x915f, 0xffff,
	0xffff, 0xffff, 0xffff, 0xffff, 0xffff, 0xffff, 0xffff, 0xffff, 0xffff, 0xffff, 0xffff, 0xffff,
	0xffff, 0xffff, 0xffff, 0xffff, 0xffff, 0xffff, 0xffff, 0xffff, 0xffff, 0xffff, 0xffff, 0xffff,
	0xffff, 0xffff, 0xffff, 0xffff, 0xffff, 0xffff, 0xffff, 0xffff, 0xffff, 0xffff, 0x8741, 0xffff,
	0xffff, 0xffff, 0xffff, 0xffff, 0xffff, 0xffff, 0xffff, 0x9fa5, 0xffff, 0xffff, 0x89ba, 0xffff,
	0x874f, 0xffff, 0xffff, 0xffff, 0xffff, 0xffff, 0xffff, 0x874e, 0xffff, 0xffff, 0xffff, 0xffff,
	0xffff, 0xffff, 0xffff, 0xffff, 0xffff, 0xffff, 0xffff, 0xffff, 0xffff, 0xffff, 0xffff, 0x8755,
	0xffff, 0xffff, 0xffff, 0x9ecd, 0xffff, 0xffff, 0xffff, 0xffff, 0xffff, 0xffff, 0xffff, 0xffff,
	0xffff, 0xffff, 0xffff, 0xffff, 0xffff, 0xffff, 0xffff, 0xffff, 0xffff, 0x9a79, 0xffff, 0xffff,
	0xffff, 0xffff, 0xffff, 0xffff, 0xffff, 0xffff, 0xffff, 0x8cf2, 0xffff, 0xffff, 0xffff, 0x8d57,
	0xffff, 0x9dce, 0xffff, 0xffff, 0xffff, 0x8cd2, 0xffff, 0xffff, 0xffff, 0x8759, 0xffff, 0xffff,
	0xffff, 0xffff, 0xffff, 0xffff, 0xffff, 0xffff, 0xffff, 0xffff, 0xffff, 0xffff, 0xffff, 0xffff,
	0xffff, 0xffff, 0xffff, 0xffff, 0xffff, 0xffff, 0xffff, 0xffff, 0xffff, 0xffff, 0xffff, 0xffff,
	0xffff, 0xffff, 0xffff, 0xffff, 0x9d73, 0xffff, 0xffff, 0xffff, 0xffff, 0xffff, 0xffff, 0xffff,
	0xffff, 0xffff, 0x96b9, 0xffff, 0x96bc, 0xffff, 0xffff, 0xffff, 0xffff, 0xffff, 0xffff, 0x9cd1,
	0xffff, 0xffff, 0xffff, 0xffff, 0xffff, 0xffff, 0xffff, 0xffff, 0xffff, 0xffff, 0xffff, 0xffff,
	0xffff, 0xffff, 0xffff, 0xffff, 0xffff, 0xffff, 0xffff, 0xffff, 0xffff, 0x89b7, 0xffff, 0xffff,
	0xffff, 0xffff, 0xffff, 0xffff, 0xffff, 0xffff, 0xffff, 0xffff, 0xffff, 0xffff, 0xffff, 0xffff,
	0xffff, 0xffff, 0xffff, 0xffff, 0xffff, 0x9eee, 0x8749, 0xffff, 0xffff, 0xffff, 0xffff, 0xffff,
	0xffff, 0xffff, 0xffff, 0xffff, 0xffff, 0xfb43, 0x875b, 0xffff, 0x9ec9, 0xffff, 0xffff, 0xffff,
	0xffff, 0xffff, 0xffff, 0xfbd3, 0xffff, 0xffff, 0xffff, 0xffff, 0xffff, 0xffff, 0xffff, 0xffff,
	0xffff, 0xffff, 0xffff, 0xffff, 0xffff, 0xffff, 0xffff, 0xffff, 0xffff, 0xffff, 0xffff, 0xffff,
	0xffff, 0xffff, 0xffff, 0xffff, 0xffff, 0xffff, 0xffff, 0xffff, 0xffff, 0xffff, 0xffff, 0xffff,
	0xffff, 0xffff, 0xffff, 0x91ae, 0xffff, 0xffff, 0xffff, 0xffff, 0xffff, 0xffff, 0xffff, 0xffff,
	0xffff, 0xffff, 0xffff, 0xffff, 0xffff, 0xffff, 0xffff, 0xffff, 0xffff, 0xffff, 0xffff, 0xffff,
	0xffff, 0xffff, 0xffff, 0xffff, 0xffff, 0xffff, 0xffff, 0xffff, 0xffff, 0xffff, 0xffff, 0xffff,
	0xffff, 0xffff, 0xffff, 0xffff, 0xffff, 0xffff, 0xffff, 0xffff, 0xffff, 0xffff, 0xffff, 0xffff,
	0xffff, 0xffff, 0xffff, 0xffff, 0xffff, 0xffff, 0xffff, 0xffff, 0xffff, 0xffff, 0xffff, 0xffff,
	0xffff, 0xffff, 0xffff, 0xffff, 0xffff, 0xffff, 0xffff, 0xffff, 0xffff, 0x8d58, 0x8746, 0xffff,
	0xffff, 0xffff, 0xffff, 0xffff, 0xffff, 0xffff, 0xffff, 0xffff, 0xffff, 0xffff, 0xffff, 0xffff,
	0xffff, 0xffff, 0xffff, 0xffff, 0x8d56, 0xffff, 0xffff, 0xffff, 0xffff, 0xffff, 0xffff, 0xffff,
	0x9d78, 0xffff, 0xffff, 0xffff, 0xffff, 0xffff, 0xffff, 0xffff, 0xffff, 0xffff, 0xffff, 0x9d7b,
	0x9eb3, 0xffff, 0xffff, 0xffff, 0xffff, 0xffff, 0xffff, 0xffff, 0xffff, 0xffff, 0xffff, 0xffff,
	0xffff, 0xffff, 0xffff, 0xffff, 0xffff, 0xffff, 0xffff, 0xffff, 0xffff, 0xffff, 0x9eb2, 0xffff,
	0x9dd6, 0xffff, 0xffff, 0xffff, 0xffff, 0x994f, 0xffff, 0xffff, 0x89ce, 0xffff, 0xffff, 0xffff,
	0x8bc0, 0xffff, 0x9fc4, 0xffff, 0x8bd4, 0xffff, 0xffff, 0x8c72, 0xffff, 0xffff, 0xffff, 0xffff,
	0xffff, 0xffff, 0xc6bf, 0x8bf9, 0xffff, 0xffff, 0xffff, 0xffff, 0xffff, 0x8946, 0xffff, 0xc6c0,
	0xffff, 0xffff, 0xffff, 0xffff, 0xffff, 0xffff, 0xffff, 0xffff, 0xffff, 0xfae5, 0xffff, 0xffff,
	0xffff, 0xffff, 0xffff, 0xffff, 0xffff, 0xffff, 0xffff, 0xffff, 0xffff, 0xffff, 0xffff, 0xffff,
	0xffff, 0xffff, 0xc87b, 0x8bc6, 0xffff, 0xffff, 0xffff, 0xffff, 0xffff, 0xffff, 0xffff, 0xffff,
	0xffff, 0xffff, 0xffff, 0xffff, 0xffff, 0xffff, 0x9c57, 0xffff, 0xffff, 0xffff, 0xffff, 0xffff,
	0xffff, 0xffff, 0xffff, 0xffff, 0xffff, 0xffff, 0xffff, 0xffff, 0x9afb, 0xffff, 0xffff, 0xffff,
	0xffff, 0xffff, 0xffff, 0xffff, 0x89d0, 0x89cf, 0xffff, 0xffff, 0xffff, 0xc6c1, 0xffff, 0x89d1,
	0xffff, 0x89e2, 0xffff, 0xffff, 0xffff, 0xffff, 0xffff, 0xffff, 0xffff, 0xffff, 0xffff, 0xffff,
	0xffff, 0xffff, 0xffff, 0xffff, 0x927e, 0xffff, 0x9dba, 0xffff, 0xffff, 0xffff, 0xffff, 0xffff,
	0xc6c2, 0xffff, 0xffff, 0x8c6f, 0xffff, 0xffff, 0xffff, 0xffff, 0xffff, 0xffff, 0xffff, 0xffff,
	0xffff, 0xffff, 0xffff, 0xffff, 0xffff, 0xffff, 0xffff, 0xffff, 0xffff, 0xffff, 0xffff, 0xfbf8,
	0xffff, 0xffff, 0xffff, 0x8bc7, 0x926b, 0xffff, 0xffff, 0x89d2, 0xffff, 0xffff, 0xffff, 0xffff,
	0xffff, 0xffff, 0xffff, 0xffff, 0xffff, 0xffff, 0xffff, 0xffff, 0xffff, 0xffff, 0x9fcf, 0xffff,
	0xffff, 0xffff, 0xffff, 0xffff, 0xffff, 0xffff, 0xffff, 0xffff, 0xffff, 0xffff, 0xffff, 0xffff,
	0xffff, 0xffff, 0xffff, 0xffff, 0xffff, 0xffff, 0xffff, 0xffff, 0xffff, 0xffff, 0xffff, 0xffff,
	0xffff, 0xffff, 0x9da9, 0x89d3, 0xffff, 0xffff, 0x99e2, 0xffff, 0xffff, 0xffff, 0xffff, 0xffff,
	0xffff, 0xffff, 0xffff, 0xffff, 0x9267, 0x92a4, 0xffff, 0xffff, 0xffff, 0xffff, 0xffff, 0xffff,
	0xffff, 0xffff, 0xffff, 0xffff, 0xffff, 0xffff, 0xffff, 0xffff, 0xffff, 0xffff, 0xffff, 0xffff,
	0xffff, 0x8c73, 0xffff, 0xffff, 0x894e, 0xffff, 0xffff, 0xffff, 0xffff, 0xffff, 0xffff, 0xffff,
	0xffff, 0xffff, 0xffff, 0xffff, 0xffff, 0xffff, 0x894f, 0x9278, 0xffff, 0xffff, 0xffff, 0xffff,
	0xffff, 0xffff, 0xffff, 0xffff, 0x91b6, 0xffff, 0xffff, 0xffff, 0xffff, 0x89d4, 0xffff, 0x9fd2,
	0xffff, 0xffff, 0xffff, 0xffff, 0xffff, 0xffff, 0xffff, 0xffff, 0x92a7, 0xffff, 0xffff, 0x95a2,
	0xffff, 0xffff, 0xffff, 0xffff, 0xffff, 0x926e, 0xffff, 0xffff, 0xffff, 0xffff, 0xffff, 0xffff,
	0xffff, 0xffff, 0xffff, 0xffff, 0xffff, 0xffff, 0xffff, 0xffff, 0xffff, 0xffff, 0xffff, 0xffff,
	0xffff, 0xffff, 0xffff, 0xffff, 0xffff, 0xffff, 0xffff, 0xffff, 0xffff, 0xffff, 0xffff, 0xffff,
	0xffff, 0xffff, 0xffff, 0xffff, 0xffff, 0xffff, 0xffff, 0xffff, 0x96ea, 0xffff, 0xffff, 0xffff,
	0xffff, 0xffff, 0xffff, 0xffff, 0xffff, 0xffff, 0xffff, 0xffff, 0xffff, 0xffff, 0xffff, 0xffff,
	0xffff, 0xffff, 0xffff, 0xffff, 0xffff, 0xffff, 0xffff, 0xffff, 0x926f, 0xffff, 0xffff, 0xffff,
	0xffff, 0xffff, 0xffff, 0xffff, 0xffff, 0xffff, 0xffff, 0xffff, 0xffff, 0xffff, 0xffff, 0xffff,
	0xffff, 0xffff, 0xffff, 0xffff, 0xffff, 0xffff, 0xffff, 0xffff, 0x92a3, 0xffff, 0xffff, 0xffff,
	0xffff, 0xffff, 0x8950, 0xffff, 0xffff, 0xfa57, 0xffff, 0xffff, 0xffff, 0xffff, 0x9866, 0xffff,
	0xffff, 0xffff, 0x8cf8, 0xffff, 0xffff, 0xffff, 0xffff, 0xffff, 0xffff, 0xffff, 0xffff, 0x89d6,
	0xffff, 0xffff, 0xffff, 0xffff, 0xffff, 0xffff, 0xffff, 0xffff, 0xffff, 0xffff, 0x98b2, 0xffff,
	0xffff, 0xffff, 0x92ab, 0xffff, 0xffff, 0xffff, 0xffff, 0xffff, 0xffff, 0xffff, 0xffff, 0xffff,
	0xffff, 0xffff, 0xffff, 0xffff, 0xffff, 0xffff, 0xffff, 0xffff, 0xffff, 0xffff, 0xffff, 0xffff,
	0xffff, 0xffff, 0x96de, 0x92ac, 0xffff, 0xffff, 0xffff, 0xffff, 0xffff, 0xffff, 0xffff, 0xffff,
	0xffff, 0xffff, 0x8c70, 0xffff, 0x9f6e, 0xffff, 0xffff, 0xffff, 0xffff, 0xffff, 0xffff, 0x8ef2,
	0xffff, 0xffff, 0xffff, 0x9f6c, 0x89d8, 0xffff, 0xffff, 0xffff, 0xffff, 0xfa59, 0xffff, 0xffff,
	0xffff, 0xffff, 0xffff, 0xffff, 0xffff, 0xffff, 0xffff, 0xffff, 0xffff, 0xffff, 0xffff, 0xffff,
	0xffff, 0xffff, 0xffff, 0xffff, 0xffff, 0xffff, 0xffff, 0xffff, 0xffff, 0xffff, 0xffff, 0xffff,
	0xffff, 0xffff, 0xffff, 0xffff, 0xffff, 0xffff, 0xffff, 0xffff, 0xffff, 0xffff, 0xffff, 0x92a8,
	0xffff, 0xffff, 0xffff, 0xffff, 0xffff, 0x9163, 0xffff, 0xffff, 0xffff, 0xffff, 0xffff, 0xffff,
	0x8c40, 0xffff, 0xffff, 0xffff, 0xffff, 0xffff, 0xffff, 0xffff, 0xffff, 0xffff, 0xffff, 0xffff,
	0xffff, 0xffff, 0xffff, 0xffff, 0xffff, 0xffff, 0xffff, 0xffff, 0xffff, 0xffff, 0xffff, 0xffff,
	0xffff, 0xffff, 0xffff, 0x9f73, 0xffff, 0x92ad, 0xffff, 0xffff, 0xffff, 0xffff, 0xffff, 0xffff,
	0xffff, 0xffff, 0xffff, 0xffff, 0xffff, 0xffff, 0xffff, 0x9be9, 0xffff, 0xffff, 0xffff, 0xffff,
	0xffff, 0x92a9, 0xffff, 0xffff, 0xffff, 0xffff, 0xffff, 0xffff, 0xffff, 0xffff, 0xffff, 0xffff,
	0xffff, 0xffff, 0xffff, 0xffff, 0xffff, 0xffff, 0xffff, 0xffff, 0xffff, 0xffff, 0x92aa, 0xffff,
	0xffff, 0xffff, 0xffff, 0xffff, 0xffff, 0x89d9, 0xffff, 0xffff, 0xffff, 0xffff, 0xffff, 0xffff,
	0xffff, 0xfd56, 0xffff, 0xffff, 0xffff, 0xffff, 0xffff, 0xffff, 0xffff, 0xffff, 0xffff, 0xffff,
	0xffff, 0xffff, 0xffff, 0xffff, 0xffff, 0xffff, 0xffff, 0xffff, 0xffff, 0xffff, 0xffff, 0x9fa8,
	0xffff, 0xffff, 0xffff, 0xffff, 0xffff, 0xffff, 0xffff, 0xffff, 0xffff, 0xffff, 0xffff, 0xffff,
	0xffff, 0xffff, 0xffff, 0xffff, 0xffff, 0xffff, 0xffff, 0xffff, 0xffff, 0x8c71, 0xffff, 0xffff,
	0xffff, 0xffff, 0xffff, 0xffff, 0xffff, 0xffff, 0xffff, 0xffff, 0xffff, 0xffff, 0xffff, 0xffff,
	0xffff, 0xffff, 0x92a1, 0xffff, 0xffff, 0x90e3, 0xffff, 0xffff, 0xffff, 0xffff, 0xffff, 0xffff,
	0xffff, 0xffff, 0xa0a6, 0xffff, 0xffff, 0xffff, 0xffff, 0xffff, 0x94ab, 0xffff, 0xfc72, 0xffff,
	0xffff, 0xffff, 0xffff, 0xffff, 0xffff, 0xffff, 0xffff, 0xffff, 0xffff, 0xffff, 0xffff, 0xffff,
	0xffff, 0xffff, 0xffff, 0xffff, 0xffff, 0x97c4, 0xffff, 0xffff, 0xffff, 0xffff, 0xffff, 0xffff,
	0xffff, 0x92ae, 0xfa67, 0xffff, 0xffff, 0xffff, 0xffff, 0xffff, 0xffff, 0xffff, 0xffff, 0xffff,
	0xffff, 0xffff, 0x92a2, 0xfa69, 0xffff, 0xffff, 0xffff, 0xffff, 0xffff, 0xffff, 0xffff, 0xffff,
	0xffff, 0xffff, 0xffff, 0xffff, 0xffff, 0xffff, 0xffff, 0xffff, 0xffff, 0xffff, 0xffff, 0xffff,
	0xffff, 0xffff, 0xffff, 0xffff, 0xffff, 0xffff, 0xffff, 0xffff, 0x9268, 0xffff, 0xffff, 0xffff,
	0xffff, 0xffff, 0xffff, 0xffff, 0xffff, 0xffff, 0xffff, 0xffff, 0xffff, 0xffff, 0xffff, 0xffff,
	0xffff, 0xffff, 0xffff, 0xffff, 0xffff, 0xffff, 0xffff, 0xffff, 0xffff, 0xffff, 0xffff, 0xffff,
	0xffff, 0xffff, 0xffff, 0xffff, 0xffff, 0xffff, 0xffff, 0xffff, 0xffff, 0xffff, 0xffff, 0xffff,
	0xffff, 0xffff, 0xffff, 0x8951, 0xffff, 0xffff, 0xffff, 0xffff, 0xffff, 0xffff, 0xffff, 0xffff,
	0xffff, 0xfa6f, 0xffff, 0xffff, 0xffff, 0xffff, 0xffff, 0xffff, 0xffff, 0xffff, 0xffff, 0xfa71,
	0xffff, 0xffff, 0xffff, 0xffff, 0xffff, 0xffff, 0xffff, 0xffff, 0xffff, 0x8952, 0xffff, 0xffff,
	0xffff, 0xffff, 0x945a, 0xffff, 0xffff, 0xffff, 0xffff, 0xffff, 0xffff, 0xffff, 0xffff, 0xc6c3,
	0xffff, 0xffff, 0xffff, 0x89dd, 0xffff, 0xc8a2, 0xffff, 0xffff, 0xffff, 0xffff, 0xffff, 0xffff,
	0xffff, 0xffff, 0xffff, 0xffff, 0xffff, 0xffff, 0xffff, 0xc6c4, 0xffff, 0xffff, 0xffff, 0x9e52,
	0xffff, 0x8953, 0xffff, 0xffff, 0xffff, 0xffff, 0xffff, 0xffff, 0xffff, 0xffff, 0xffff, 0xffff,
	0x9e55, 0x92ba, 0xffff, 0xffff, 0xc6c5, 0xffff, 0xffff, 0x8c5b, 0xffff, 0xffff, 0xffff, 0xfa7d,
	0xfaa8, 0x9a68, 0xfa47, 0xffff, 0xffff, 0xfa7e, 0xffff, 0xffff, 0xffff, 0xffff, 0xffff, 0xffff,
	0xffff, 0xffff, 0xffff, 0xffff, 0x92bb, 0xffff, 0xffff, 0xffff, 0xfdb6, 0xffff, 0xfaa2, 0xffff,
	0xffff, 0xffff, 0xffff, 0xffff, 0xfaa3, 0xffff, 0xfaa4, 0x9bb4, 0xfaa6, 0xffff, 0xffff, 0xffff,
	0xffff, 0xffff, 0xffff, 0xffff, 0x89df, 0xffff, 0xffff, 0xffff, 0xfddb, 0xffff, 0xffff, 0xfaa9,
	0xffff, 0x8954, 0xffff, 0xffff, 0xffff, 0xffff, 0xffff, 0xffff, 0xffff, 0xffff, 0xfaab, 0xffff,
	0xffff, 0xffff, 0xffff, 0xffff, 0xffff, 0xfc7a, 0xffff, 0xffff, 0xffff, 0xffff, 0xffff, 0xffff,
	0xffff, 0x89e0, 0xffff, 0x9f4f, 0xc87d, 0xffff, 0xffff, 0x89e1, 0xffff, 0xffff, 0xffff, 0xffff,
	0xffff, 0xfab0, 0xffff, 0xffff, 0xffff, 0xffff, 0xffff, 0xffff, 0xffff, 0xffff, 0xffff, 0xffff,
	0xffff, 0xffff, 0xffff, 0xffff, 0xffff, 0xffff, 0xffff, 0xffff, 0xffff, 0x9fcd, 0xa0e7, 0xffff,
	0xffff, 0xffff, 0xffff, 0xffff, 0xfab1, 0x89a6, 0xffff, 0xffff, 0xffff, 0xffff, 0xffff, 0xffff,
	0xffff, 0xffff, 0xffff, 0xffff, 0xffff, 0xffff, 0x9efa, 0xffff, 0xffff, 0xffff, 0xffff, 0xffff,
	0xffff, 0xffff, 0xfab2, 0xffff, 0xffff, 0xffff, 0xffff, 0xffff, 0xffff, 0xffff, 0xffff, 0xffff,
	0xffff, 0xffff, 0xffff, 0xffff, 0xffff, 0xffff, 0xffff, 0xffff, 0xffff, 0xffff, 0xffff, 0xffff,
	0xffff, 0xffff, 0xffff, 0xffff, 0xffff, 0xfab4, 0xffff, 0x92c4, 0xffff, 0xffff, 0xffff, 0xffff,
	0xffff, 0xffff, 0x9f6f, 0xffff, 0xffff, 0xffff, 0xffff, 0xffff, 0xffff, 0xffff, 0x8bb0, 0xffff,
	0xffff, 0xffff, 0xffff, 0xffff, 0xffff, 0xffff, 0xffff, 0xffff, 0xffff, 0x9fac, 0xffff, 0xffff,
	0xffff, 0xffff, 0xffff, 0x89e3, 0xffff, 0xffff, 0xffff, 0xffff, 0xffff, 0xffff, 0xffff, 0xffff,
	0xffff, 0xffff, 0xffff, 0xffff, 0xffff, 0xffff, 0xffff, 0xffff, 0xffff, 0xffff, 0xffff, 0xffff,
	0xffff, 0x9bd3, 0x89e4, 0xffff, 0xffff, 0xffff, 0xfab5, 0xffff, 0xffff, 0xffff, 0xffff, 0xffff,
	0x9fd5, 0xffff, 0xffff, 0xffff, 0xffff, 0xffff, 0xffff, 0x8955, 0xffff, 0xffff, 0x92c5, 0xffff,
	0xffff, 0xffff, 0x8956, 0xffff, 0xffff, 0xffff, 0xffff, 0xffff, 0xffff, 0xffff, 0xffff, 0xffff,
	0xffff, 0xffff, 0xffff, 0xfab3, 0xffff, 0xffff, 0xffff, 0xfab6, 0xffff, 0xffff, 0xffff, 0xffff,
	0xffff, 0xffff, 0xffff, 0xffff, 0xffff, 0xffff, 0xffff, 0xfab7, 0xffff, 0xffff, 0xffff, 0xffff,
	0xffff, 0xffff, 0x9edc, 0xffff, 0xffff, 0xffff, 0xfbc4, 0x9f71, 0xffff, 0xffff, 0xffff, 0xffff,
	0xffff, 0xffff, 0xffff, 0xffff, 0xffff, 0xffff, 0xffff, 0xffff, 0xffff, 0xffff, 0xfaba, 0x92c7,
	0xffff, 0xffff, 0xffff, 0xffff, 0xffff, 0xffff, 0xffff, 0xffff, 0xffff, 0xffff, 0xffff, 0xffff,
	0xffff, 0xffff, 0xffff, 0xffff, 0xffff, 0xffff, 0xffff, 0xffff, 0xffff, 0xffff, 0xffff, 0xc6c6,
	0x9a4c, 0xffff, 0xffff, 0xffff, 0xffff, 0xffff, 0xffff, 0xffff, 0xffff, 0xffff, 0xffff, 0xffff,
	0xffff, 0xffff, 0xffff, 0xffff, 0xffff, 0xffff, 0xffff, 0xffff, 0xffff, 0xffff, 0xffff, 0xffff,
	0xffff, 0xffff, 0xffff, 0xffff, 0xffff, 0xffff, 0xffff, 0xffff, 0xffff, 0xffff, 0xffff, 0x8c68,
	0xffff, 0xffff, 0x89e5, 0xffff, 0xffff, 0xffff, 0xffff, 0x9f7d, 0xffff, 0xffff, 0xffff, 0xffff,
	0xffff, 0xa0a9, 0xfac4, 0xffff, 0xffff, 0xffff, 0xffff, 0xc6c7, 0xffff, 0xffff, 0x8957, 0xffff,
	0xffff, 0xffff, 0xffff, 0xffff, 0xffff, 0xfaaa, 0xffff, 0xffff, 0xffff, 0xffff, 0xffff, 0xffff,
	0xffff, 0xffff, 0xffff, 0xffff, 0xffff, 0x8958, 0xffff, 0xffff, 0xffff, 0xffff, 0xffff, 0xffff,
	0xffff, 0xffff, 0xffff, 0xffff, 0xffff, 0xffff, 0xffff, 0xffff, 0x8be3, 0xffff, 0x8b61, 0xffff,
	0xffff, 0xffff, 0xffff, 0x9af1, 0xffff, 0xffff, 0x9eb7, 0xffff, 0xc6c8, 0xffff, 0xffff, 0xffff,
	0xfad1, 0xffff, 0xffff, 0xffff, 0xffff, 0xffff, 0xffff, 0xfad2, 0xffff, 0xffff, 0xffff, 0xffff,
	0xffff, 0xffff, 0xffff, 0xffff, 0x9eba, 0xfad4, 0xffff, 0xffff, 0xffff, 0xffff, 0xffff, 0xffff,
	0xffff, 0xffff, 0xffff, 0xffff, 0xffff, 0xffff, 0xffff, 0xffff, 0xffff, 0xffff, 0xffff, 0xffff,
	0xffff, 0xffff, 0xfad9, 0xffff, 0xffff, 0xffff, 0xffff, 0xffff, 0xffff, 0xffff, 0xffff, 0xffff,
	0xffff, 0xffff, 0xffff, 0xfadb, 0xffff, 0x9ce0, 0xffff, 0xffff, 0xffff, 0xfbf7, 0xffff, 0xfbfa,
	0x89e7, 0xa07a, 0xfadc, 0xffff, 0xffff, 0xfadd, 0xffff, 0x89e9, 0xffff, 0xffff, 0xffff, 0xffff,
	0xffff, 0xc6c9, 0xffff, 0xffff, 0xffff, 0xffff, 0xffff, 0xffff, 0xffff, 0xffff, 0xffff, 0xffff,
	0xfae2, 0x89eb, 0xffff, 0xffff, 0xfae3, 0xffff, 0xffff, 0xffff, 0xffff, 0xffff, 0xffff, 0x90c8,
	0xffff, 0xffff, 0xffff, 0x92da, 0x8959, 0x9cf5, 0xffff, 0xffff, 0xffff, 0xffff, 0xffff, 0x895a,
	0xfae7, 0x9fa2, 0xffff, 0xffff, 0xffff, 0xffff, 0xffff, 0xfaea, 0xffff, 0xffff, 0xffff, 0xffff,
	0xffff, 0xffff, 0xffff, 0xffff, 0xffff, 0xffff, 0xffff, 0xffff, 0xffff, 0xffff, 0xffff, 0xffff,
	0xffff, 0xffff, 0xffff, 0xffff, 0xffff, 0xfaed, 0x8fad, 0xffff, 0xffff, 0xffff, 0xffff, 0xffff,
	0xffff, 0xfb59, 0xfaef, 0x96ef, 0xffff, 0x9dec, 0xffff, 0xffff, 0xffff, 0x9dca, 0xffff, 0xffff,
	0xffff, 0xffff, 0xffff, 0xffff, 0xfd6d, 0xffff, 0x89ec, 0xffff, 0xffff, 0xffff, 0xffff, 0xffff,
	0xffff, 0xffff, 0xffff, 0xffff, 0xffff, 0xffff, 0xfb44, 0xffff, 0xffff, 0x9de2, 0xffff, 0x8c75,
	0xffff, 0xffff, 0xffff, 0xffff, 0xffff, 0xffff, 0xffff, 0xffff, 0xffff, 0xffff, 0xffff, 0xffff,
	0xffff, 0xffff, 0xffff, 0xffff, 0xffff, 0xffff, 0xffff, 0xffff, 0xffff, 0xffff, 0x9ec0, 0xffff,
	0x9e56, 0xffff, 0xffff, 0xffff, 0xffff, 0xffff, 0xffff, 0xffff, 0xffff, 0xffff, 0xffff, 0xffff,
	0xffff, 0xffff, 0xffff, 0xffff, 0xffff, 0xffff, 0xffff, 0xffff, 0xffff, 0xffff, 0xffff, 0xffff,
	0xffff, 0xffff, 0xffff, 0xffff, 0x9f79, 0x9ac7, 0xffff, 0xffff, 0xfaf4, 0xffff, 0xffff, 0xffff,
	0xffff, 0xffff, 0xffff, 0xffff, 0xffff, 0xffff, 0xffff, 0xffff, 0xffff, 0xffff, 0xffff, 0xffff,
	0xffff, 0xffff, 0xffff, 0xffff, 0xffff, 0xffff, 0xffff, 0xffff, 0x98a1, 0xffff, 0xffff, 0xffff,
	0xffff, 0xffff, 0xffff, 0xffff, 0xffff, 0xffff, 0xfaf8, 0xffff, 0xffff, 0xffff, 0x89f0, 0x9e47,
	0xffff, 0xffff, 0x9df7, 0xffff, 0xffff, 0xffff, 0xffff, 0x9fd3, 0xffff, 0x9aca, 0xffff, 0xffff,
	0xffff, 0xffff, 0x89f1, 0xfaf9, 0xffff, 0xffff, 0xffff, 0xffff, 0xffff, 0xffff, 0xffff, 0xffff,
	0xffff, 0xffff, 0xffff, 0xffff, 0xffff, 0x8e5a, 0xffff, 0x89f2, 0xffff, 0xffff, 0xffff, 0xffff,
	0x89f3, 0xffff, 0xffff, 0xffff, 0xffff, 0xffff, 0xffff, 0xffff, 0xffff, 0xffff, 0xffff, 0xffff,
	0xffff, 0xffff, 0xffff, 0xffff, 0xffff, 0xffff, 0x925d, 0x8b51, 0x92e0, 0xffff, 0xffff, 0x89f4,
	0xffff, 0xffff, 0xffff, 0xffff, 0xffff, 0xffff, 0xffff, 0xffff, 0xffff, 0x9fd4, 0xffff, 0xffff,
	0xffff, 0xffff, 0xffff, 0xffff, 0xffff, 0xffff, 0x8a79, 0xffff, 0xffff, 0xffff, 0xffff, 0xffff,
	0xffff, 0xffff, 0xffff, 0xffff, 0xffff, 0xffff, 0x89f5, 0x97a7, 0xffff, 0xffff, 0xffff, 0xffff,
	0xffff, 0xffff, 0xffff, 0xffff, 0xffff, 0xffff, 0x93ba, 0xffff, 0xffff, 0xffff, 0xffff, 0xffff,
	0x9e58, 0xffff, 0xffff, 0xffff, 0xffff, 0x89f6, 0xffff, 0xffff, 0xffff, 0xffff, 0xffff, 0x9e57,
	0xffff, 0xffff, 0xffff, 0xffff, 0x89f7, 0xffff, 0x8a41, 0xffff, 0xffff, 0x89f8, 0xffff, 0xffff,
	0xfaf1, 0xffff, 0xffff, 0xffff, 0xffff, 0xffff, 0xffff, 0xffff, 0xffff, 0xffff, 0xffff, 0xffff,
	0xffff, 0xffff, 0xffff, 0xffff, 0xffff, 0xffff, 0xffff, 0xffff, 0x89fa, 0xffff, 0xffff, 0xffff,
	0xffff, 0xffff, 0xffff, 0xffff, 0xfb42, 0xffff, 0xfabf, 0xffff, 0xffff, 0xffff, 0xffff, 0xffff,
	0xffff, 0xffff, 0xffff, 0xffff, 0xfba3, 0xffff, 0xffff, 0xffff, 0xffff, 0xffff, 0xffff, 0xffff,
	0xffff, 0xffff, 0xfaf7, 0xffff, 0xffff, 0xffff, 0xffff, 0xffff, 0xffff, 0xffff, 0xffff, 0xffff,
	0xffff, 0xffff, 0x9e4e, 0xffff, 0x94dc, 0xffff, 0xffff, 0xffff, 0xffff, 0xffff, 0x95da, 0x9df8,
	0x9f6a, 0xffff, 0xffff, 0xffff, 0xffff, 0xffff, 0x8ab7, 0xffff, 0xffff, 0xffff, 0xffff, 0xffff,
	0xffff, 0xffff, 0xffff, 0xffff, 0xffff, 0xffff, 0xffff, 0xfb46, 0xffff, 0xffff, 0xffff, 0xffff,
	0xffff, 0xffff, 0xffff, 0xffff, 0xffff, 0x8a46, 0xffff, 0xffff, 0xffff, 0xffff, 0xffff, 0xffff,
	0xffff, 0xffff, 0xffff, 0xffff, 0xffff, 0xffff, 0xffff, 0xffff, 0xffff, 0xffff, 0xffff, 0xffff,
	0xffff, 0xffff, 0xffff, 0xffff, 0xffff, 0xffff, 0xfb47, 0xffff, 0xffff, 0xffff, 0xffff, 0xffff,
	0xffff, 0x9148, 0xffff, 0xffff, 0xffff, 0x92de, 0xffff, 0xffff, 0xffff, 0xffff, 0x8b53, 0x9df6,
	0xffff, 0x9bda, 0xffff, 0xffff, 0xffff, 0xffff, 0x9d7e, 0xffff, 0xffff, 0xffff, 0xffff, 0xffff,
	0xffff, 0xffff, 0xffff, 0xffff, 0xffff, 0xffff, 0xffff, 0xffff, 0xffff, 0xffff, 0xffff, 0xffff,
	0xffff, 0xffff, 0xffff, 0xffff, 0x89fd, 0x99e4, 0xffff, 0xffff, 0xffff, 0xffff, 0xffff, 0x9e43,
	0xffff, 0xffff, 0xffff, 0xffff, 0xffff, 0xffff, 0xffff, 0xffff, 0xffff, 0xffff, 0xffff, 0x9de9,
	0xffff, 0x8f52, 0xffff, 0xffff, 0xffff, 0x9df5, 0x9df0, 0xffff, 0xffff, 0xffff, 0x99e7, 0xffff,
	0xffff, 0xffff, 0xffff, 0xffff, 0x8bbd, 0x9def, 0xffff, 0xffff, 0xffff, 0xffff, 0xffff, 0xffff,
	0xffff, 0xffff, 0xffff, 0xffff, 0xffff, 0x9fb7, 0xffff, 0xffff, 0xffff, 0xffff, 0xffff, 0xffff,
	0xffff, 0xffff, 0xffff, 0xffff, 0xffff, 0xffff, 0x9dd0, 0xffff, 0x9feb, 0x8da9, 0x9dcf, 0x98e1,
	0xffff, 0x9de5, 0xffff, 0xffff, 0xffff, 0xffff, 0xffff, 0xffff, 0xffff, 0x9dc8, 0xffff, 0xffff,
	0xffff, 0xffff, 0xffff, 0xffff, 0xffff, 0xffff, 0xffff, 0xfb4f, 0xffff, 0xffff, 0xffff, 0xffff,
	0xffff, 0xffff, 0xffff, 0xffff, 0xffff, 0xffff, 0xffff, 0x9deb, 0xffff, 0xffff, 0xffff, 0xffff,
	0xffff, 0xffff, 0xffff, 0xffff, 0xffff, 0xfb54, 0xffff, 0xfb55, 0x9aa2, 0xffff, 0x8ad6, 0xffff,
	0x9a5f, 0xffff, 0xffff, 0xffff, 0xffff, 0xffff, 0xffff, 0xffff, 0xffff, 0x9ef5, 0xffff, 0xffff,
	0xffff, 0x8fb7, 0xffff, 0xffff, 0xffff, 0xffff, 0xffff, 0xffff, 0xffff, 0xffff, 0xffff, 0xffff,
	0xffff, 0xffff, 0xffff, 0xffff, 0xffff, 0xffff, 0xffff, 0xffff, 0xffff, 0xffff, 0xffff, 0xffff,
	0xffff, 0xffff, 0x9ad2, 0x9e6a, 0x9ee8, 0xffff, 0xffff, 0xffff, 0xffff, 0xffff, 0xffff, 0xffff,
	0xffff, 0xffff, 0xffff, 0xffff, 0xffff, 0x8bbf, 0x91c2, 0x9d62, 0xffff, 0xffff, 0xffff, 0xffff,
	0xffff, 0xffff, 0x9260, 0xffff, 0xffff, 0xffff, 0xffff, 0xffff, 0xffff, 0xffff, 0xffff, 0xffff,
	0xffff, 0xffff, 0x925e, 0x91c1, 0xffff, 0x8ac5, 0xffff, 0xffff, 0x97a3, 0xffff, 0xffff, 0xffff,
	0xffff, 0xffff, 0xffff, 0xffff, 0xffff, 0xffff, 0xffff, 0x8b6c, 0xffff, 0x8d7e, 0xffff, 0xffff,
	0xffff, 0xffff, 0xffff, 0xffff, 0xffff, 0x9c54, 0xffff, 0xffff, 0xffff, 0xffff, 0xffff, 0x9dbd,
	0xffff, 0xffff, 0xffff, 0xffff, 0xffff, 0xffff, 0xffff, 0xffff, 0xffff, 0xffff, 0xffff, 0xffff,
	0xffff, 0xffff, 0xffff, 0xffff, 0xffff, 0xffff, 0xffff, 0xffff, 0xffff, 0xffff, 0x9cc5, 0xffff,
	0xffff, 0xffff, 0xffff, 0xffff, 0xffff, 0xffff, 0xffff, 0xffff, 0xffff, 0xffff, 0x895b, 0xffff,
	0xffff, 0xffff, 0xffff, 0xffff, 0xffff, 0xffff, 0xffff, 0xffff, 0xffff, 0xfb5c, 0xffff, 0xfb5b,
	0xffff, 0xfb57, 0xffff, 0xffff, 0xffff, 0xffff, 0xffff, 0xffff, 0xffff, 0xffff, 0xffff, 0x8765,
	0xffff, 0x98c7, 0xfb5a, 0xffff, 0xffff, 0xffff, 0xffff, 0xffff, 0xffff, 0xffff, 0xffff, 0xffff,
	0xffff, 0xffff, 0xffff, 0xffff, 0xffff, 0xffff, 0xffff, 0xffff, 0xffff, 0xffff, 0xffff, 0x9cee,
	0xffff, 0xffff, 0xffff, 0xffff, 0xffff, 0xffff, 0xffff, 0x92e2, 0xffff, 0xffff, 0xffff, 0xffff,
	0xffff, 0xffff, 0xffff, 0xffff, 0xffff, 0xffff, 0xffff, 0xffff, 0xffff, 0xffff, 0xffff, 0xffff,
	0xffff, 0xffff, 0xffff, 0xffff, 0x94a7, 0xffff, 0xffff, 0xffff, 0xffff, 0xffff, 0xffff, 0xffff,
	0xffff, 0xffff, 0xffff, 0x8ccc, 0xffff, 0x9bd4, 0xffff, 0xffff, 0xfb64, 0xfb76, 0xffff, 0xffff,
	0xfb60, 0xffff, 0xffff, 0xffff, 0xffff, 0xffff, 0xffff, 0xffff, 0xffff, 0xffff, 0xffff, 0xffff,
	0xffff, 0xffff, 0x99e5, 0xffff, 0xffff, 0x9ac2, 0xffff, 0xffff, 0xffff, 0x91fb, 0xffff, 0xffff,
	0xffff, 0xa073, 0xffff, 0xffff, 0xffff, 0xffff, 0xffff, 0xffff, 0xffff, 0x9f72, 0xffff, 0xffff,
	0xffff, 0xffff, 0xffff, 0xffff, 0xffff, 0xffff, 0xffff, 0xffff, 0xffff, 0xffff, 0xffff, 0xffff,
	0xffff, 0xffff, 0xffff, 0xffff, 0x9fcc, 0xffff, 0xffff, 0xffff, 0x98a5, 0x92e8, 0xffff, 0xffff,
	0xffff, 0xffff, 0xffff, 0xffff, 0xffff, 0xffff, 0x9bbc, 0xffff, 0x96f3, 0xffff, 0xffff, 0x92e7,
	0xffff, 0xffff, 0xfc67, 0xffff, 0xffff, 0xffff, 0xffff, 0xffff, 0xffff, 0xffff, 0xffff, 0xffff,
	0xffff, 0xffff, 0x8b7d, 0xffff, 0xffff, 0xffff, 0xffff, 0x9bf4, 0xffff, 0xffff, 0xffff, 0xffff,
	0xffff, 0x9ef7, 0xffff, 0xffff, 0x9ec1, 0xffff, 0xffff, 0xffff, 0xffff, 0xffff, 0xffff, 0xffff,
	0xffff, 0xffff, 0x996f, 0xffff, 0xffff, 0xffff, 0xffff, 0xffff, 0xffff, 0x96f1, 0xffff, 0xffff,
	0x8e41, 0xffff, 0xffff, 0xffff, 0xffff, 0xffff, 0x954a, 0xffff, 0xffff, 0xffff, 0x97e6, 0xffff,
	0xffff, 0xffff, 0xffff, 0xffff, 0xffff, 0xffff, 0xffff, 0xffff, 0xffff, 0xffff, 0xffff, 0xffff,
	0xffff, 0x96f5, 0xffff, 0xffff, 0xffff, 0xffff, 0xffff, 0x92e6, 0x9f42, 0xffff, 0xffff, 0xffff,
	0xffff, 0xffff, 0xffff, 0xffff, 0xfb67, 0xffff, 0xffff, 0xffff, 0xffff, 0xffff, 0xffff, 0xffff,
	0xffff, 0x99a9, 0xffff, 0xffff, 0xffff, 0xffff, 0xffff, 0xffff, 0xffff, 0xffff, 0xffff, 0xffff,
	0xffff, 0xffff, 0xffff, 0xffff, 0xfae6, 0xfb69, 0xffff, 0xffff, 0xffff, 0xffff, 0xffff, 0xffff,
	0xffff, 0xffff, 0xffff, 0xffff, 0xffff, 0xffff, 0xffff, 0xffff, 0x97e5, 0xffff, 0xffff, 0xffff,
	0xffff, 0xffff, 0xffff, 0xffff, 0xffff, 0xffff, 0xffff, 0xffff, 0xffff, 0xffff, 0xffff, 0xffff,
	0x967d, 0xffff, 0xffff, 0xffff, 0xfb6c, 0xffff, 0xffff, 0xffff, 0xffff, 0xffff, 0xffff, 0xffff,
	0xffff, 0xffff, 0xffff, 0xffff, 0xffff, 0xffff, 0xffff, 0xffff, 0xffff, 0xffff, 0xffff, 0xffff,
	0x99a2, 0xffff, 0xffff, 0xffff, 0xffff, 0xffff, 0x9abb, 0xffff, 0xffff, 0xffff, 0x9a65, 0xffff,
	0xffff, 0x944e, 0xffff, 0xffff, 0xffff, 0xffff, 0xffff, 0xffff, 0xffff, 0xffff, 0xffff, 0xffff,
	0xffff, 0xffff, 0xffff, 0xffff, 0xffff, 0xffff, 0xffff, 0xffff, 0xffff, 0xffff, 0xfb6e, 0xffff,
	0xffff, 0x99df, 0xffff, 0xffff, 0xffff, 0xffff, 0xffff, 0xffff, 0xffff, 0xffff, 0xffff, 0x98e3,
	0xffff, 0xffff, 0x9254, 0xffff, 0xffff, 0xffff, 0xffff, 0xffff, 0x967b, 0x8aaf, 0xffff, 0xffff,
	0xffff, 0xffff, 0xffff, 0xffff, 0xffff, 0xffff, 0xffff, 0xffff, 0xffff, 0xffff, 0xffff, 0xffff,
	0xffff, 0xffff, 0xffff, 0xffff, 0xffff, 0xffff, 0xffff, 0xffff, 0xffff, 0xffff, 0xffff, 0xffff,
	0xffff, 0xffff, 0xffff, 0xffff, 0x8c77, 0xffff, 0xffff, 0xffff, 0xffff, 0xffff, 0xffff, 0x8baf,
	0x9ebd, 0xffff, 0xffff, 0xffff, 0xffff, 0xffff, 0xffff, 0xffff, 0xffff, 0xffff, 0xffff, 0xffff,
	0xffff, 0x9ee6, 0xffff, 0xffff, 0xfb6f, 0xffff, 0xffff, 0xffff, 0xffff, 0xffff, 0x8ee1, 0xffff,
	0xffff, 0xffff, 0xffff, 0x9b7d, 0x9c7e, 0xffff, 0xffff, 0xffff, 0xffff, 0xf9d9, 0xffff, 0xffff,
	0xffff, 0xffff, 0xffff, 0xffff, 0xffff, 0xffff, 0xffff, 0xffff, 0xffff, 0xffff, 0xffff, 0xffff,
	0xffff, 0x92ea, 0xffff, 0xffff, 0xffff, 0xffff, 0x8c78, 0xffff, 0xffff, 0xffff, 0xffff, 0xffff,
	0xffff, 0xffff, 0xffff, 0xffff, 0xffff, 0xffff, 0xfb72, 0xffff, 0xffff, 0xffff, 0xfb71, 0xffff,
	0xffff, 0xffff, 0xffff, 0xffff, 0xffff, 0xffff, 0xffff, 0xffff, 0xffff, 0xffff, 0xffff, 0xffff,
	0xffff, 0xffff, 0x895c, 0xffff, 0x98f0, 0x96f2, 0xffff, 0xffff, 0xffff, 0xffff, 0xffff, 0xffff,
	0xffff, 0xfb74, 0x8bc1, 0xffff, 0x895d, 0x89de, 0xffff, 0x895e, 0xffff, 0xffff, 0xc6ca, 0xffff,
	0xffff, 0xffff, 0xffff, 0xffff, 0xffff, 0xfe42, 0xffff, 0xffff, 0xffff, 0xffff, 0xffff, 0xffff,
	0xffff, 0xffff, 0xffff, 0xffff, 0xffff, 0x8768, 0xffff, 0xfb7b, 0xffff, 0xffff, 0xffff, 0xffff,
	0xffff, 0xffff, 0xffff, 0xffff, 0xffff, 0xffff, 0xffff, 0xffff, 0xffff, 0xffff, 0xffff, 0xffff,
	0xffff, 0xffff, 0x895f, 0xffff, 0x8960, 0xffff, 0xffff, 0xffff, 0xffff, 0xffff, 0xffff, 0xffff,
	0xffff, 0xffff, 0xffff, 0xffff, 0xffff, 0xffff, 0xffff, 0xffff, 0xffff, 0xffff, 0xffff, 0xffff,
	0xffff, 0xffff, 0xffff, 0xffff, 0xffff, 0xffff, 0xffff, 0xffff, 0xffff, 0xffff, 0xffff, 0xffff,
	0xffff, 0xffff, 0xffff, 0xffff, 0xffff, 0xffff, 0xffff, 0xffff, 0xffff, 0xffff, 0xffff, 0xffff,
	0xffff, 0xffff, 0xffff, 0xffff, 0xffff, 0x9bcd, 0xffff, 0xffff, 0xffff, 0xffff, 0xffff, 0xffff,
	0xffff, 0xffff, 0xffff, 0xffff, 0xffff, 0xffff, 0xffff, 0xffff, 0xffff, 0x9dd3, 0xffff, 0xffff,
	0xffff, 0xffff, 0xffff, 0xffff, 0xffff, 0xffff, 0xffff, 0xffff, 0xffff, 0xffff, 0xffff, 0xffff,
	0xffff, 0xffff, 0xffff, 0xffff, 0xffff, 0x984c, 0xffff, 0xffff, 0xffff, 0xffff, 0xffff, 0xffff,
	0xffff, 0xffff, 0xffff, 0xffff, 0x9752, 0xffff, 0xffff, 0xffff, 0xffff, 0xffff, 0x95c3, 0xffff,
	0xffff, 0xffff, 0xffff, 0x9bb6, 0xffff, 0xffff, 0xffff, 0xffff, 0xffff, 0xffff, 0xffff, 0xffff,
	0xffff, 0xffff, 0xffff, 0xffff, 0x9ab9, 0xffff, 0xffff, 0xffff, 0x97b3, 0xffff, 0xffff, 0xffff,
	0xffff, 0xffff, 0xffff, 0x9f74, 0x92f1, 0xffff, 0xffff, 0xffff, 0xffff, 0xffff, 0xffff, 0x8cfa,
	0xffff, 0xffff, 0xffff, 0xffff, 0x97df, 0xffff, 0xffff, 0xffff, 0xffff, 0xfba6, 0xffff, 0xffff,
	0xffff, 0xffff, 0xffff, 0xffff, 0xffff, 0xffff, 0xffff, 0xffff, 0xffff, 0xffff, 0xffff, 0xffff,
	0xffff, 0xfbab, 0xffff, 0xffff, 0xffff, 0xffff, 0xffff, 0xffff, 0xffff, 0xffff, 0xffff, 0xffff,
	0xffff, 0xffff, 0xffff, 0xffff, 0xffff, 0xffff, 0xffff, 0x9877, 0xffff, 0xffff, 0xffff, 0x9854,
	0x95c5, 0xffff, 0xffff, 0xffff, 0xffff, 0xffff, 0xffff, 0xffff, 0x9d55, 0xfbb2, 0x957e, 0xffff,
	0xffff, 0xffff, 0xffff, 0xffff, 0xffff, 0xffff, 0xffff, 0x9742, 0xffff, 0x94e6, 0xffff, 0xffff,
	0xffff, 0xffff, 0x92f5, 0xffff, 0xffff, 0xffff, 0xffff, 0xffff, 0xffff, 0xffff, 0x8cc5, 0xffff,
	0xffff, 0xffff, 0xffff, 0xffff, 0xffff, 0x92fd, 0xffff, 0xffff, 0xfba2, 0xffff, 0xffff, 0x9c51,
	0xffff, 0xffff, 0x94e9, 0x985c, 0x92f0, 0xffff, 0xffff, 0xffff, 0xffff, 0xffff, 0xffff, 0xffff,
	0xffff, 0xffff, 0xffff, 0xffff, 0xffff, 0xffff, 0xffff, 0xffff, 0xffff, 0x944c, 0xffff, 0xffff,
	0xffff, 0xffff, 0xffff, 0xffff, 0xffff, 0x916b, 0xffff, 0xffff, 0xffff, 0xffff, 0xffff, 0xffff,
	0xffff, 0xffff, 0xffff, 0xffff, 0xffff, 0xffff, 0xffff, 0xffff, 0x8b78, 0xffff, 0xffff, 0xffff,
	0xffff, 0x94e2, 0xffff, 0xffff, 0xffff, 0xffff, 0xffff, 0xffff, 0xffff, 0x984f, 0xffff, 0xfbb5,
	0xffff, 0xffff, 0xffff, 0xffff, 0x9271, 0xffff, 0xffff, 0x9365, 0xffff, 0xffff, 0x985b, 0xffff,
	0xffff, 0x9850, 0xffff, 0xffff, 0xffff, 0xffff, 0xffff, 0xffff, 0xffff, 0x97bc, 0xffff, 0xffff,
	0xffff, 0xffff, 0x92f3, 0xffff, 0xffff, 0x9340, 0x984d, 0xffff, 0xffff, 0xffff, 0x9572, 0xffff,
	0xfdef, 0xffff, 0xffff, 0xffff, 0xffff, 0xffff, 0xffff, 0xffff, 0xffff, 0xfdc1, 0xffff, 0xffff,
	0xffff, 0xffff, 0xfbba, 0xffff, 0xffff, 0x92eb, 0xffff, 0xffff, 0xffff, 0xffff, 0xffff, 0xffff,
	0xfc73, 0x97b7, 0xffff, 0xffff, 0x876f, 0xffff, 0xffff, 0xffff, 0xffff, 0xffff, 0xffff, 0xfbb4,
	0xffff, 0xffff, 0xffff, 0xffff, 0xffff, 0xffff, 0xffff, 0xffff, 0xffff, 0xffff, 0xffff, 0xffff,
	0xffff, 0xffff, 0xffff, 0xffff, 0xffff, 0xffff, 0xffff, 0xffff, 0xffff, 0xffff, 0xffff, 0x90a7,
	0xffff, 0xffff, 0xffff, 0xffff, 0xffff, 0xffff, 0xffff, 0xffff, 0xffff, 0xffff, 0x9741, 0x92f4,
	0xffff, 0x8772, 0xffff, 0xfbbc, 0xffff, 0xffff, 0xffff, 0xffff, 0xffff, 0xffff, 0xffff, 0xffff,
	0xffff, 0xffff, 0xffff, 0xffff, 0xffff, 0xffff, 0xffff, 0xffff, 0x9577, 0xffff, 0xffff, 0xffff,
	0xffff, 0xffff, 0xffff, 0xffff, 0xffff, 0xffff, 0xffff, 0xffff, 0x9ee2, 0xffff, 0x8f78, 0xffff,
	0xffff, 0xffff, 0xffff, 0xffff, 0xffff, 0xffff, 0xf9dc, 0xffff, 0xffff, 0xffff, 0x9672, 0x9eb5,
	0xffff, 0xffff, 0xffff, 0x964b, 0xffff, 0xffff, 0xffff, 0x8cac, 0xffff, 0xffff, 0xffff, 0xffff,
	0xffff, 0xffff, 0xffff, 0xffff, 0xffff, 0xa0fa, 0xffff, 0xffff, 0xffff, 0xffff, 0xffff, 0xffff,
	0xffff, 0xffff, 0xffff, 0xffff, 0xffff, 0x9575, 0xffff, 0xffff, 0xffff, 0xffff, 0xffff, 0xffff,
	0xffff, 0xffff, 0xffff, 0xffff, 0xffff, 0xffff, 0xffff, 0xffff, 0xffff, 0xffff, 0xffff, 0xffff,
	0xffff, 0xffff, 0xffff, 0x90da, 0xffff, 0xffff, 0x9367, 0xffff, 0xfea4, 0xffff, 0xffff, 0xffff,
	0x90df, 0xffff, 0xffff, 0xffff, 0xffff, 0x9354, 0xffff, 0xffff, 0xffff, 0xffff, 0xffff, 0xffff,
	0xffff, 0xffff, 0xffff, 0xffff, 0xffff, 0xffff, 0xffff, 0xffff, 0xffff, 0xffff, 0xffff, 0xffff,
	0xffff, 0xffff, 0xffff, 0xffff, 0x8961, 0xffff, 0x8bb4, 0xffff, 0xffff, 0xffff, 0xffff, 0x9dc0,
	0xffff, 0xffff, 0xffff, 0xffff, 0xffff, 0xffff, 0x8e48, 0xffff, 0xfbc5, 0xffff, 0xffff, 0xffff,
	0xffff, 0xffff, 0xfbc7, 0xffff, 0xffff, 0xffff, 0xc6cb, 0xffff, 0xfa79, 0xffff, 0xffff, 0xffff,
	0xffff, 0xffff, 0xffff, 0xffff, 0xffff, 0xffff, 0xffff, 0xffff, 0xffff, 0xffff, 0x9e67, 0xffff,
	0xffff, 0xffff, 0xffff, 0xffff, 0x8cd9, 0xffff, 0xffff, 0xffff, 0xffff, 0xffff, 0xffff, 0xfbd2,
	0x8962, 0x8963, 0xffff, 0xffff, 0xffff, 0xffff, 0xffff, 0xffff, 0xffff, 0xffff, 0xffff, 0xffff,
	0xfc7d, 0xffff, 0xffff, 0xffff, 0xffff, 0xffff, 0xffff, 0xffff, 0xffff, 0xffff, 0xffff, 0xffff,
	0xffff, 0x8773, 0xffff, 0xffff, 0xffff, 0xffff, 0xffff, 0xffff, 0xffff, 0xffff, 0xffff, 0xffff,
	0xffff, 0x9f6b, 0xffff, 0xffff, 0xffff, 0xffff, 0xffff, 0xffff, 0xffff, 0xffff, 0xffff, 0xffff,
	0xffff, 0xffff, 0xffff, 0xffff, 0xffff, 0xffff, 0xffff, 0xfbcc, 0xffff, 0xfeae, 0xffff, 0xffff,
	0xffff, 0x876d, 0xffff, 0xffff, 0xffff, 0xffff, 0xffff, 0xffff, 0xffff, 0xffff, 0xffff, 0xffff,
	0xffff, 0xffff, 0xffff, 0xffff, 0xffff, 0xffff, 0xffff, 0xffff, 0xffff, 0xffff, 0xffff, 0xffff,
	0xffff, 0xfbd1, 0xffff, 0xffff, 0xffff, 0xffff, 0xffff, 0xffff, 0xffff, 0xffff, 0xffff, 0xffff,
	0xffff, 0xfb75, 0xfbd4, 0xffff, 0xffff, 0xffff, 0xffff, 0xffff, 0xffff, 0xffff, 0xffff, 0xffff,
	0xffff, 0xffff, 0xffff, 0xffff, 0xfbd6, 0xfbd8, 0xffff, 0xffff, 0xffff, 0xffff, 0xffff, 0xffff,
	0xffff, 0x8b5d, 0xffff, 0x934c, 0xffff, 0x9ae2, 0xffff, 0xffff, 0x8bc9, 0xffff, 0xffff, 0xffff,
	0xffff, 0xffff, 0xffff, 0xffff, 0xffff, 0xffff, 0xffff, 0xffff, 0xffff, 0xffff, 0xffff, 0xffff,
	0xffff, 0xffff, 0xffff, 0xffff, 0xffff, 0xffff, 0xffff, 0xffff, 0xffff, 0xffff, 0xffff, 0xffff,
	0xffff, 0xffff, 0xffff, 0xffff, 0xffff, 0xffff, 0xffff, 0xffff, 0xffff, 0xffff, 0xfbdb, 0x9fc9,
	0xffff, 0xffff, 0xffff, 0xffff, 0xffff, 0xffff, 0xffff, 0xffff, 0x9f44, 0xffff, 0xffff, 0xffff,
	0xffff, 0xffff, 0xffff, 0xffff, 0xffff, 0xffff, 0xffff, 0x98ed, 0xffff, 0xffff, 0xffff, 0xffff,
	0xffff, 0xffff, 0xffff, 0xffff, 0xffff, 0xffff, 0xffff, 0xffff, 0xffff, 0xffff, 0xffff, 0xffff,
	0xffff, 0xffff, 0xffff, 0xffff, 0xffff, 0xffff, 0xffff, 0xffff, 0xffff, 0x8ce9, 0xffff, 0xffff,
	0xffff, 0xffff, 0xffff, 0xffff, 0xffff, 0xffff, 0xffff, 0xffff, 0xffff, 0xffff, 0xfbdd, 0xffff,
	0xffff, 0xffff, 0xffff, 0xffff, 0xffff, 0xffff, 0xffff, 0xffff, 0xffff, 0xffff, 0xffff, 0xffff,
	0xffff, 0xffff, 0xffff, 0xffff, 0xffff, 0xffff, 0x8df2, 0x8964, 0xffff, 0xfdf2, 0xffff, 0x934d,
	0xffff, 0xffff, 0xffff, 0xffff, 0xffff, 0xffff, 0xffff, 0xffff, 0xffff, 0xffff, 0xffff, 0xffff,
	0xffff, 0xffff, 0xffff, 0xffff, 0xffff, 0xffff, 0xffff, 0xffff, 0xffff, 0xffff, 0xffff, 0xffff,
	0xffff, 0xffff, 0xffff, 0xfbe7, 0xffff, 0xffff, 0xffff, 0xffff, 0xffff, 0xffff, 0xa0f2, 0x9868,
	0xffff, 0xffff, 0xffff, 0xffff, 0xffff, 0xffff, 0xffff, 0xffff, 0xffff, 0xffff, 0xffff, 0xffff,
	0xffff, 0xffff, 0x9f58, 0xffff, 0xffff, 0xffff, 0x8ce6, 0xffff, 0xffff, 0xffff, 0xffff, 0xffff,
	0xffff, 0xffff, 0xffff, 0xffff, 0xffff, 0xffff, 0xffff, 0xffff, 0xffff, 0xffff, 0x8d73, 0xffff,
	0xffff, 0xffff, 0xfbde, 0xffff, 0xffff, 0xffff, 0xffff, 0xffff, 0xfbdf, 0xffff, 0xffff, 0xffff,
	0xffff, 0xffff, 0x8c48, 0xffff, 0xffff, 0xffff, 0xffff, 0xffff, 0xffff, 0x8774, 0xfbe3, 0xffff,
	0xffff, 0xffff, 0xffff, 0x8da8, 0xffff, 0xffff, 0xfbe4, 0xffff, 0xffff, 0xffff, 0xffff, 0xffff,
	0xffff, 0xffff, 0xffff, 0xffff, 0xffff, 0xffff, 0xffff, 0xffff, 0xffff, 0xffff, 0xffff, 0xffff,
	0xffff, 0xffff, 0x9c75, 0xffff, 0xffff, 0x9878, 0xffff, 0xffff, 0xffff, 0xffff, 0xffff, 0xffff,
	0xffff, 0xffff, 0xffff, 0xffff, 0xffff, 0xffff, 0xffff, 0xffff, 0x8d60, 0xffff, 0xffff, 0xffff,
	0xffff, 0xffff, 0xffff, 0xffff, 0xfbe5, 0xffff, 0x8d61, 0xffff, 0xffff, 0xffff, 0xffff, 0xffff,
	0xffff, 0xffff, 0xffff, 0xffff, 0xffff, 0xffff, 0xffff, 0xffff, 0x8d62, 0xa0a1, 0xffff, 0xffff,
	0xffff, 0x9c40, 0xffff, 0xffff, 0xffff, 0xffff, 0xffff, 0xffff, 0xffff, 0xffff, 0xffff, 0xffff,
	0xffff, 0xffff, 0xffff, 0xffff, 0xffff, 0xffff, 0xffff, 0xffff, 0xffff, 0xffff, 0x98ad, 0xffff,
	0xffff, 0xffff, 0x9eea, 0xffff, 0xffff, 0xffff, 0x8cec, 0xffff, 0xffff, 0x8cd4, 0xffff, 0xffff,
	0xffff, 0xffff, 0xffff, 0xffff, 0xffff, 0xffff, 0xffff, 0x9ceb, 0xffff, 0xffff, 0xffff, 0xffff,
	0xffff, 0xfbe0, 0xffff, 0xffff, 0x9f51, 0xffff, 0xffff, 0xffff, 0xffff, 0xffff, 0xffff, 0xffff,
	0xffff, 0xffff, 0xffff, 0xffff, 0xffff, 0xffff, 0xffff, 0xffff, 0xffff, 0xffff, 0xffff, 0xffff,
	0xffff, 0xffff, 0x8d65, 0xffff, 0xffff, 0xffff, 0xffff, 0xffff, 0xffff, 0x9cf1, 0xffff, 0xffff,
	0xffff, 0xffff, 0xffff, 0xffff, 0xffff, 0xffff, 0xffff, 0xffff, 0xfc58, 0xffff, 0xffff, 0x8d66,
	0xffff, 0xffff, 0xffff, 0xffff, 0xffff, 0xffff, 0xffff, 0x9654, 0xffff, 0xffff, 0xffff, 0xffff,
	0xffff, 0xffff, 0xffff, 0xffff, 0xffff, 0xffff, 0xffff, 0xffff, 0xffff, 0xffff, 0xffff, 0xffff,
	0xffff, 0xffff, 0xffff, 0xffff, 0xffff, 0xfbe8, 0xffff, 0xffff, 0xffff, 0xc6cc, 0xffff, 0xffff,
	0xffff, 0xffff, 0xffff, 0xffff, 0xffff, 0xffff, 0xffff, 0xffff, 0xffff, 0xffff, 0xffff, 0xffff,
	0xffff, 0xffff, 0xffff, 0xffff, 0xffff, 0xffff, 0xffff, 0xffff, 0xffff, 0xffff, 0xffff, 0x9fce,
	0xfbfc, 0xffff, 0x9ae4, 0xffff, 0xffff, 0xffff, 0xffff, 0xffff, 0xffff, 0x9f75, 0xffff, 0xffff,
	0xffff, 0xffff, 0xffff, 0xffff, 0xffff, 0xffff, 0xffff, 0xffff, 0xffff, 0xffff, 0xffff, 0xffff,
	0xffff, 0xffff, 0xffff, 0xffff, 0xffff, 0xffff, 0xffff, 0xffff, 0xffff, 0xffff, 0xffff, 0xffff,
	0xffff, 0xfbf1, 0xffff, 0xffff, 0xffff, 0xffff, 0xffff, 0xffff, 0xffff, 0xffff, 0xffff, 0xffff,
	0xffff, 0xffff, 0xffff, 0xffff, 0xffff, 0xffff, 0xffff, 0xffff, 0xffff, 0x8d69, 0xffff, 0xffff,
	0xffff, 0xffff, 0xffff, 0x934f, 0xffff, 0xffff, 0xffff, 0xffff, 0xffff, 0xffff, 0xffff, 0xffff,
	0xffff, 0xffff, 0xffff, 0xffff, 0xffff, 0xffff, 0xffff, 0xffff, 0xffff, 0xffff, 0xffff, 0xffff,
	0xffff, 0x934e, 0xffff, 0xffff, 0xffff, 0xffff, 0xffff, 0xffff, 0xffff, 0xffff, 0xffff, 0xffff,
	0xffff, 0xffff, 0xffff, 0xffff, 0xffff, 0xffff, 0xffff, 0xffff, 0xffff, 0xffff, 0xffff, 0xffff,
	0xffff, 0xffff, 0xffff, 0xffff, 0xffff, 0xfbf4, 0xffff, 0xffff, 0xffff, 0xffff, 0xc6ce, 0xffff,
	0xffff, 0xffff, 0xfbc3, 0xffff, 0xffff, 0x8965, 0xffff, 0xffff, 0xffff, 0xffff, 0xffff, 0xffff,
	0xffff, 0xffff, 0xffff, 0xffff, 0xffff, 0x8c7a, 0xffff, 0xffff, 0xffff, 0xffff, 0xffff, 0xffff,
	0x8c7b, 0xffff, 0xffff, 0xffff, 0xffff, 0xffff, 0xffff, 0xffff, 0xffff, 0xffff, 0xffff, 0xffff,
	0xffff, 0xffff, 0xffff, 0xffff, 0xffff, 0xffff, 0xffff, 0xffff, 0xffff, 0xffff, 0xffff, 0xffff,
	0xffff, 0xffff, 0xffff, 0xffff, 0xffff, 0xffff, 0xffff, 0xffff, 0xffff, 0xffff, 0xffff, 0xffff,
	0x8d6a, 0xffff, 0xffff, 0xffff, 0xffff, 0xffff, 0xffff, 0xffff, 0xffff, 0xffff, 0xffff, 0xffff,
	0xffff, 0xffff, 0xffff, 0xffff, 0x9353, 0xffff, 0xffff, 0x9dfb, 0xffff, 0xffff, 0xffff, 0xffff,
	0xffff, 0xffff, 0xffff, 0xffff, 0xffff, 0xffff, 0xffff, 0xffff, 0xffff, 0xffff, 0xffff, 0xffff,
	0xffff, 0xffff, 0xffff, 0xffff, 0xffff, 0xffff, 0xffff, 0xffff, 0xffff, 0xffff, 0xffff, 0xffff,
	0xffff, 0xffff, 0xffff, 0xffff, 0xffff, 0xffff, 0xffff, 0xfbfd, 0xffff, 0xffff, 0xffff, 0x9059,
	0xfc40, 0xffff, 0xfc41, 0xfc43, 0x9361, 0xfc46, 0x9362, 0xffff, 0xffff, 0xffff, 0xffff, 0xffff,
	0xffff, 0xffff, 0xffff, 0xffff, 0xffff, 0xffff, 0xffff, 0xffff, 0xffff, 0xffff, 0xffff, 0xffff,
	0xffff, 0xffff, 0xffff, 0xffff, 0xffff, 0x8d6b, 0xffff, 0xffff, 0xffff, 0xffff, 0xffff, 0xffff,
	0xffff, 0xffff, 0xffff, 0xffff, 0xffff, 0xffff, 0xffff, 0xffff, 0xffff, 0xffff, 0xffff, 0xffff,
	0xffff, 0xffff, 0xfc4c, 0x8cfe, 0xffff, 0xffff, 0xffff, 0xffff, 0xffff, 0xffff, 0xffff, 0xffff,
	0xffff, 0xffff, 0xffff, 0xffff, 0xffff, 0xffff, 0xffff, 0xffff, 0xffff, 0x95b8, 0xffff, 0xffff,
	0xc6d0, 0x8bca, 0xffff, 0xffff, 0xffff, 0xffff, 0xffff, 0xffff, 0xffff, 0xffff, 0xffff, 0xffff,
	0x987a, 0xffff, 0xffff, 0xffff, 0xffff, 0xc6d1, 0xffff, 0xfc51, 0xffff, 0xffff, 0xffff, 0xffff,
	0xffff, 0xffff, 0xffff, 0xffff, 0xffff, 0xffff, 0xffff, 0xffff, 0xffff, 0xffff, 0xfc54, 0xffff,
	0xffff, 0xffff, 0xffff, 0xffff, 0xffff, 0xffff, 0xffff, 0xfaaf, 0xffff, 0xffff, 0xffff, 0xffff,
	0xffff, 0xffff, 0xffff, 0x8d6c, 0xffff, 0xffff, 0xffff, 0xffff, 0xffff, 0xffff, 0xffff, 0xffff,
	0xffff, 0xffff, 0xffff, 0xffff, 0xffff, 0xffff, 0xffff, 0xffff, 0xffff, 0xffff, 0xffff, 0xffff,
	0xffff, 0xffff, 0xffff, 0xffff, 0xffff, 0xffff, 0xffff, 0xffff, 0xffff, 0xffff, 0xffff, 0xffff,
	0xfa61, 0xffff, 0xffff, 0xfc57, 0xffff, 0xffff, 0xffff, 0xffff, 0xffff, 0xffff, 0xffff, 0xffff,
	0xffff, 0x9b70, 0xffff, 0xffff, 0xffff, 0xffff, 0xffff, 0xffff, 0xffff, 0xffff, 0xa051, 0xffff,
	0xffff, 0xffff, 0xffff, 0xffff, 0xffff, 0xffff, 0x8c7c, 0xffff, 0x8bcb, 0xffff, 0xffff, 0xffff,
	0xffff, 0xffff, 0xffff, 0xffff, 0xffff, 0xffff, 0xffff, 0xffff, 0xffff, 0xffff, 0xffff, 0xffff,
	0xffff, 0xffff, 0xffff, 0xffff, 0xffff, 0xffff, 0xffff, 0x936e, 0xffff, 0xffff, 0xffff, 0xfcd5,
	0xfca9, 0xffff, 0xffff, 0xffff, 0xffff, 0xffff, 0xffff, 0xffff, 0xffff, 0xffff, 0xffff, 0xffff,
	0xffff, 0xffff, 0xfc61, 0xffff, 0xffff, 0xffff, 0xffff, 0xffff, 0xffff, 0xffff, 0xffff, 0xffff,
	0x8966, 0xffff, 0xffff, 0xffff, 0xffff, 0xffff, 0xffff, 0xffff, 0xffff, 0xffff, 0xffff, 0xffff,
	0xffff, 0xffff, 0xffff, 0xfacb, 0xffff, 0xffff, 0xffff, 0xffff, 0xffff, 0xffff, 0xffff, 0xf9da,
	0xffff, 0xffff, 0xffff, 0xffff, 0xffff, 0xffff, 0xffff, 0xffff, 0xffff, 0xffff, 0xffff, 0xffff,
	0xffff, 0xffff, 0xffff, 0xffff, 0xffff, 0xffff, 0xffff, 0xffff, 0xffff, 0xffff, 0xffff, 0xffff,
	0xffff, 0xffff, 0xffff, 0xffff, 0xffff, 0xffff, 0xffff, 0xffff, 0xffff, 0xffff, 0x937a, 0xffff,
	0xa0e0, 0xffff, 0xffff, 0xffff, 0xffff, 0xffff, 0xffff, 0x936b, 0xffff, 0xffff, 0xffff, 0xffff,
	0xffff, 0xffff, 0xffff, 0xffff, 0xffff, 0xffff, 0xffff, 0xffff, 0xffff, 0xffff, 0xffff, 0xffff,
	0xffff, 0xffff, 0xffff, 0xffff, 0xffff, 0xffff, 0xffff, 0xffff, 0xffff, 0xffff, 0xffff, 0xffff,
	0xffff, 0xffff, 0xffff, 0xfc6b, 0xffff, 0xffff, 0xffff, 0xffff, 0xffff, 0xa0dc, 0xffff, 0xffff,
	0x9468, 0xffff, 0xffff, 0xffff, 0xffff, 0xffff, 0xffff, 0xffff, 0xffff, 0xffff, 0xffff, 0xffff,
	0xfc6d, 0xffff, 0xffff, 0xffff, 0xffff, 0xffff, 0xffff, 0xffff, 0xffff, 0xffff, 0xffff, 0xffff,
	0xffff, 0xffff, 0xffff, 0xffff, 0xffff, 0xffff, 0xffff, 0xffff, 0xffff, 0xffff, 0xffff, 0xffff,
	0xffff, 0xffff, 0xffff, 0xffff, 0xffff, 0xffff, 0xffff, 0xffff, 0xffff, 0xffff, 0xffff, 0xffff,
	0x8d71, 0xffff, 0xffff, 0xffff, 0xffff, 0xffff, 0xffff, 0xfd64, 0xffff, 0xffff, 0xffff, 0xffff,
	0x99ba, 0xffff, 0xffff, 0xffff, 0x9ad0, 0x9a61, 0xa0e5, 0xffff, 0xffff, 0xffff, 0xffff, 0xffff,
	0xffff, 0xffff, 0xffff, 0xffff, 0xffff, 0xffff, 0xffff, 0xffff, 0xffff, 0xffff, 0xffff, 0xffff,
	0xffff, 0xffff, 0xa05b, 0x96ac, 0xffff, 0xffff, 0xffff, 0xffff, 0x9740, 0xffff, 0xffff, 0xffff,
	0xffff, 0xffff, 0xffff, 0xffff, 0xffff, 0xffff, 0xffff, 0xffff, 0xffff, 0x9ef1, 0xffff, 0xffff,
	0xffff, 0xffff, 0xffff, 0xffff, 0xffff, 0xffff, 0x8c4d, 0xffff, 0xffff, 0xffff, 0xffff, 0xffff,
	0xffff, 0xffff, 0xffff, 0xffff, 0xffff, 0xffff, 0xffff, 0xffff, 0x9f7e, 0xffff, 0xffff, 0xffff,
	0xffff, 0xffff, 0xffff, 0xffff, 0xffff, 0xffff, 0xffff, 0xffff, 0xffff, 0x8d72, 0xffff, 0xffff,
	0xffff, 0xffff, 0xfc76, 0xffff, 0xffff, 0xffff, 0xffff, 0xffff, 0xffff, 0xffff, 0xffff, 0xffff,
	0xffff, 0xffff, 0xffff, 0xffff, 0x96a9, 0xffff, 0xffff, 0xffff, 0xffff, 0xffff, 0xffff, 0xffff,
	0xffff, 0xa06e, 0xffff, 0xffff, 0xfcaa, 0xffff, 0xffff, 0xffff, 0xfbcd, 0xffff, 0xffff, 0xffff,
	0xfc74, 0xffff, 0xffff, 0xffff, 0xffff, 0xffff, 0xffff, 0xffff, 0xffff, 0xffff, 0xffff, 0xa074,
	0xffff, 0xffff, 0xffff, 0xffff, 0xffff, 0xffff, 0xffff, 0xffff, 0xffff, 0xffff, 0xffff, 0xffff,
	0xffff, 0xa071, 0xffff, 0xffff, 0xffff, 0xfc79, 0xffff, 0xffff, 0xffff, 0xffff, 0xffff, 0xfc7c,
	0xffff, 0xffff, 0xffff, 0xffff, 0xffff, 0xffff, 0xffff, 0xffff, 0xffff, 0xffff, 0xffff, 0xffff,
	0xffff, 0x9c50, 0xffff, 0xffff, 0x9379, 0x9378, 0xffff, 0xffff, 0xa0dd, 0xffff, 0xffff, 0xffff,
	0xffff, 0xffff, 0xffff, 0xffff, 0xffff, 0xffff, 0xffff, 0xffff, 0xffff, 0xffff, 0xffff, 0xffff,
	0xffff, 0xffff, 0xffff, 0xffff, 0xffff, 0xffff, 0xffff, 0xffff, 0xffff, 0xffff, 0xffff, 0x8d75,
	0xffff, 0x8d76, 0xffff, 0xffff, 0xffff, 0xffff, 0xffff, 0xffff, 0x9374, 0xffff, 0xffff, 0xffff,
	0xffff, 0xffff, 0xffff, 0xffff, 0xffff, 0xffff, 0xffff, 0xffff, 0xffff, 0xffff, 0xffff, 0x8d77,
	0xfca5, 0xffff, 0xffff, 0xfca2, 0xffff, 0xffff, 0xffff, 0xffff, 0xffff, 0xffff, 0x90c3, 0xffff,
	0xffff, 0xffff, 0xffff, 0xffff, 0xffff, 0xffff, 0xa079, 0x8d79, 0xffff, 0xffff, 0xffff, 0xffff,
	0xffff, 0xffff, 0xffff, 0xffff, 0xffff, 0xffff, 0x8bfc, 0xffff, 0xa076, 0xffff, 0xffff, 0xffff,
	0xffff, 0xffff, 0xffff, 0xffff, 0xffff, 0xffff, 0xffff, 0xffff, 0xffff, 0xffff, 0xffff, 0xffff,
	0xffff, 0xffff, 0xffff, 0x8bcd, 0xffff, 0xffff, 0xffff, 0xffff, 0xffff, 0xffff, 0xffff, 0xffff,
	0xffff, 0xffff, 0xffff, 0xffff, 0xffff, 0xffff, 0xffff, 0xffff, 0xffff, 0xffff, 0xffff, 0xffff,
	0xffff, 0xffff, 0xffff, 0xffff, 0xffff, 0xffff, 0xffff, 0x9f5a, 0xffff, 0xffff, 0xffff, 0xffff,
	0xffff, 0xffff, 0xffff, 0xffff, 0xffff, 0xffff, 0xffff, 0xffff, 0xffff, 0xffff, 0xffff, 0xffff,
	0xffff, 0xffff, 0xffff, 0xffff, 0xffff, 0xffff, 0xffff, 0xffff, 0xffff, 0x9ff4, 0xffff, 0xffff,
	0x9fba, 0xffff, 0xffff, 0xffff, 0xffff, 0xffff, 0xffff, 0xffff, 0xffff, 0xffff, 0xffff, 0x8d7a,
	0xffff, 0xffff, 0xffff, 0xffff, 0xffff, 0xffff, 0xffff, 0xffff, 0xffff, 0xffff, 0xffff, 0xffff,
	0x9e45, 0xffff, 0xffff, 0xffff, 0xffff, 0xffff, 0xffff, 0x93b0, 0xffff, 0xa075, 0xffff, 0xffff,
	0xffff, 0xffff, 0xffff, 0xffff, 0xffff, 0xffff, 0xffff, 0xffff, 0xffff, 0xffff, 0xffff, 0xffff,
	0xffff, 0xffff, 0xffff, 0xffff, 0xffff, 0xffff, 0xffff, 0xffff, 0xffff, 0xffff, 0xffff, 0xffff,
	0xffff, 0xffff, 0x9b46, 0xffff, 0xfcae, 0xffff, 0xffff, 0xffff, 0xffff, 0xffff, 0xffff, 0xffff,
	0xffff, 0xffff, 0xffff, 0xffff, 0xffff, 0xffff, 0xffff, 0xffff, 0xfcb0, 0xffff, 0xffff, 0xffff,
	0xffff, 0xffff, 0xffff, 0xffff, 0xffff, 0xffff, 0xfa51, 0xffff, 0xffff, 0xffff, 0xffff, 0xffff,
	0x8d7b, 0x8d7c, 0xffff, 0xffff, 0xffff, 0xffff, 0xffff, 0xffff, 0xffff, 0xffff, 0xffff, 0xffff,
	0xffff, 0xffff, 0xffff, 0xffff, 0xffff, 0xffff, 0xffff, 0xffff, 0xffff, 0xffff, 0xffff, 0x9ed6,
	0xffff, 0xffff, 0x93ac, 0xffff, 0xffff, 0xffff, 0x9f5b, 0xffff, 0x93a9, 0xffff, 0xffff, 0xffff,
	0xffff, 0xffff, 0xffff, 0xffff, 0xffff, 0xffff, 0xffff, 0xffff, 0xffff, 0xffff, 0xffff, 0xffff,
	0xffff, 0xffff, 0xffff, 0xffff, 0xffff, 0xffff, 0xffff, 0xffff, 0xffff, 0xffff, 0xffff, 0xffff,
	0xffff, 0xffff, 0xffff, 0xffff, 0xffff, 0xffff, 0xffff, 0xffff, 0xffff, 0xffff, 0xffff, 0xffff,
	0xffff, 0xffff, 0xffff, 0xffff, 0xffff, 0xa07c, 0xffff, 0xffff, 0xffff, 0xffff, 0xffff, 0xffff,
	0xffff, 0xfcb2, 0xffff, 0xffff, 0xffff, 0xffff, 0xffff, 0xffff, 0xffff, 0xffff, 0xffff, 0xffff,
	0xffff, 0xffff, 0x8ac1, 0xffff, 0xffff, 0xffff, 0xffff, 0xffff, 0x9fb4, 0xffff, 0xffff, 0xffff,
	0xffff, 0xffff, 0xffff, 0xffff, 0xffff, 0xffff, 0xffff, 0xffff, 0xfcac, 0xffff, 0xffff, 0xffff,
	0xffff, 0xffff, 0xffff, 0xffff, 0xffff, 0xffff, 0xffff, 0xffff, 0xffff, 0xffff, 0xffff, 0xffff,
	0xffff, 0xffff, 0xffff, 0xffff, 0xffff, 0xffff, 0xffff, 0xffff, 0xffff, 0xffff, 0xffff, 0xffff,
	0xffff, 0xffff, 0xffff, 0xffff, 0xffff, 0xffff, 0xffff, 0xffff, 0xffff, 0xffff, 0xffff, 0xffff,
	0xffff, 0xffff, 0xffff, 0xffff, 0xffff, 0xffff, 0x9e4c, 0xffff, 0xffff, 0xffff, 0xffff, 0xffff,
	0xffff, 0xffff, 0x8fc5, 0xffff, 0xffff, 0xffff, 0xffff, 0xffff, 0xffff, 0xffff, 0xffff, 0xffff,
	0xffff, 0xffff, 0xffff, 0xffff, 0xffff, 0xffff, 0x93ad, 0xffff, 0xffff, 0xffff, 0xffff, 0xffff,
	0xffff, 0xffff, 0xffff, 0xffff, 0xffff, 0xffff, 0xffff, 0x9dc3, 0xffff, 0xffff, 0xffff, 0x8da2,
	0xffff, 0xffff, 0xffff, 0x9d4a, 0xffff, 0xffff, 0xffff, 0xffff, 0xffff, 0xffff, 0xffff, 0xffff,
	0xffff, 0xffff, 0xffff, 0xffff, 0xffff, 0xffff, 0xffff, 0xffff, 0xffff, 0xfcb6, 0xffff, 0xffff,
	0x8da3, 0x9e4b, 0xffff, 0x9e4d, 0x8da4, 0xffff, 0xffff, 0xffff, 0xffff, 0xffff, 0xffff, 0xffff,
	0xffff, 0xffff, 0xffff, 0xffff, 0xffff, 0xffff, 0xffff, 0xffff, 0xffff, 0xffff, 0xffff, 0xffff,
	0xffff, 0xffff, 0xffff, 0xffff, 0xffff, 0xffff, 0xffff, 0xffff, 0xffff, 0xffff, 0xffff, 0xffff,
	0xffff, 0xffff, 0xffff, 0xffff, 0xffff, 0xffff, 0xffff, 0xffff, 0xffff, 0xffff, 0xffff, 0x8afd,
	0xffff, 0xffff, 0xffff, 0xffff, 0xffff, 0xfcb5, 0xffff, 0xfcc3, 0x93b2, 0xffff, 0xffff, 0xffff,
	0xffff, 0xffff, 0xffff, 0xffff, 0xffff, 0xffff, 0xffff, 0xffff, 0xffff, 0xffff, 0xffff, 0xffff,
	0xffff, 0xffff, 0xffff, 0xffff, 0xffff, 0xffff, 0xffff, 0xffff, 0xffff, 0xffff, 0xffff, 0xffff,
	0xffff, 0xffff, 0xffff, 0x8da5, 0xffff, 0xffff, 0xffff, 0xffff, 0xffff, 0xffff, 0xffff, 0xffff,
	0xffff, 0xffff, 0xffff, 0xffff, 0xffff, 0xffff, 0xffff, 0xffff, 0xffff, 0xffff, 0xffff, 0xffff,
	0xffff, 0xffff, 0x93a1, 0xffff, 0xffff, 0xffff, 0xffff, 0xffff, 0xffff, 0xffff, 0xffff, 0xffff,
	0xffff, 0x8ac6, 0xffff, 0xffff, 0xffff, 0xffff, 0xffff, 0xffff, 0xffff, 0xffff, 0xffff, 0xffff,
	0xffff, 0xffff, 0xffff, 0xffff, 0xffff, 0xffff, 0x8a5b, 0xffff, 0xffff, 0xffff, 0x894d, 0xffff,
	0xffff, 0xffff, 0xffff, 0xffff, 0xffff, 0xffff, 0xffff, 0xffff, 0xffff, 0xffff, 0xffff, 0xffff,
	0xffff, 0xffff, 0xffff, 0xffff, 0xffff, 0xffff, 0xffff, 0xffff, 0xffff, 0xffff, 0xffff, 0xffff,
	0xffff, 0xffff, 0xffff, 0xffff, 0xfed4, 0xffff, 0xffff, 0xffff, 0xffff, 0x8a78, 0xffff, 0x93ab,
	0xffff, 0xffff, 0xffff, 0xffff, 0xffff, 0xffff, 0xffff, 0xffff, 0xffff, 0x8da7, 0xffff, 0xffff,
	0xffff, 0xffff, 0xffff, 0xffff, 0xffff, 0xffff, 0xffff, 0xffff, 0xffff, 0xffff, 0xffff, 0xffff,
	0xffff, 0xffff, 0xffff, 0xffff, 0x9f45, 0xffff, 0xffff, 0xffff, 0xffff, 0xffff, 0xffff, 0xffff,
	0xffff, 0xffff, 0x8a56, 0xffff, 0xffff, 0xffff, 0xfcbf, 0xffff, 0xffff, 0xffff, 0xfcc0, 0xffff,
	0x8ee6, 0xffff, 0xffff, 0x8aa4, 0x8943, 0xffff, 0xffff, 0xffff, 0xffff, 0xffff, 0xffff, 0x93f3,
	0xffff, 0xffff, 0xffff, 0xffff, 0xffff, 0xffff, 0xffff, 0xffff, 0xffff, 0xffff, 0xffff, 0xffff,
	0xfcab, 0x9ea2, 0xffff, 0xffff, 0xffff, 0xffff, 0xffff, 0xffff, 0xffff, 0xffff, 0xffff, 0xffff,
	0xffff, 0xffff, 0xffff, 0xffff, 0xffff, 0xffff, 0x9dc7, 0xffff, 0xffff, 0xffff, 0xc6d2, 0x8bce,
	0xffff, 0xffff, 0xffff, 0xffff, 0xffff, 0xffff, 0xffff, 0xffff, 0xffff, 0xffff, 0xffff, 0xffff,
	0xffff, 0xffff, 0xffff, 0xffff, 0xffff, 0xffff, 0xffff, 0xffff, 0xffff, 0xffff, 0xffff, 0xfcc5,
	0xffff, 0xffff, 0xffff, 0xffff, 0xffff, 0xffff, 0xffff, 0xffff, 0xffff, 0xffff, 0xffff, 0xffff,
	0xffff, 0xffff, 0xffff, 0xffff, 0xffff, 0xfccb, 0xffff, 0xffff, 0xffff, 0xffff, 0xffff, 0xffff,
	0xffff, 0xffff, 0xffff, 0xffff, 0xffff, 0x93b3, 0xffff, 0xfcca, 0xffff, 0xffff, 0xffff, 0xffff,
	0xffff, 0xffff, 0xffff, 0xffff, 0xffff, 0xffff, 0xffff, 0xffff, 0xffff, 0xffff, 0xffff, 0xffff,
	0xffff, 0xffff, 0xffff, 0xffff, 0xffff, 0xffff, 0xffff, 0xfcc9, 0x8dac, 0xffff, 0xfbc6, 0x8967,
	0xffff, 0x8c7e, 0xffff, 0xffff, 0xffff, 0xffff, 0xffff, 0xffff, 0xffff, 0xffff, 0xffff, 0xffff,
	0xffff, 0xffff, 0xffff, 0xffff, 0xffff, 0xffff, 0xffff, 0xffff, 0xffff, 0xffff, 0xffff, 0xffff,
	0xffff, 0xffff, 0xffff, 0xffff, 0xffff, 0xffff, 0xffff, 0xffff, 0xffff, 0xffff, 0xffff, 0xffff,
	0xffff, 0xffff, 0xffff, 0xffff, 0xffff, 0xffff, 0xffff, 0xfccd, 0xffff, 0xffff, 0xffff, 0xffff,
	0xffff, 0xffff, 0xffff, 0xffff, 0x9cf3, 0xffff, 0xffff, 0xffff, 0xffff, 0xffff, 0xffff, 0xffff,
	0xffff, 0xffff, 0xffff, 0xffff, 0xffff, 0xffff, 0xffff, 0xffff, 0xffff, 0xffff, 0xffff, 0xfcd0,
	0xffff, 0xffff, 0x95bb, 0xffff, 0xffff, 0xffff, 0xffff, 0xffff, 0xffff, 0xffff, 0xffff, 0xffff,
	0xffff, 0xffff, 0xfcd3, 0xffff, 0xffff, 0xfcd4, 0xffff, 0xffff, 0xffff, 0xffff, 0xffff, 0xffff,
	0xffff, 0xffff, 0xffff, 0xffff, 0xffff, 0xffff, 0xffff, 0xffff, 0xffff, 0xffff, 0xffff, 0xffff,
	0xffff, 0xffff, 0xffff, 0xffff, 0xffff, 0xffff, 0xffff, 0xffff, 0xffff, 0x8dae, 0xfcd7, 0xffff,
	0xffff, 0xffff, 0xffff, 0xffff, 0x93db, 0xffff, 0xffff, 0xffff, 0xffff, 0xfe63, 0xffff, 0xffff,
	0xffff, 0xffff, 0xffff, 0xffff, 0xffff, 0xffff, 0xffff, 0xffff, 0xffff, 0xffff, 0x93d5, 0xffff,
	0xffff, 0xffff, 0xffff, 0xffff, 0xffff, 0xffff, 0xffff, 0xffff, 0xffff, 0xffff, 0xffff, 0xffff,
	0xffff, 0xffff, 0xffff, 0xffff, 0xffff, 0xffff, 0xfcda, 0xffff, 0xffff, 0xffff, 0x9b71, 0xffff,
	0xffff, 0xfcdd, 0xffff, 0x8764, 0xffff, 0xffff, 0xffff, 0xffff, 0xffff, 0x8daf, 0xffff, 0xffff,
	0xffff, 0xfaf2, 0xffff, 0xffff, 0xffff, 0xffff, 0xffff, 0xffff, 0xffff, 0xffff, 0xffff, 0xffff,
	0xffff, 0x93d8, 0xffff, 0xffff, 0xffff, 0xfcdf, 0xffff, 0xffff, 0xffff, 0x93d3, 0xffff, 0xffff,
	0xffff, 0xffff, 0xffff, 0xffff, 0xffff, 0xfce1, 0xffff, 0xffff, 0xffff, 0xffff, 0xffff, 0xffff,
	0xffff, 0xffff, 0xffff, 0x8e76, 0xffff, 0xffff, 0xffff, 0xffff, 0xffff, 0xffff, 0xffff, 0xfc62,
	0xffff, 0xffff, 0xffff, 0xffff, 0xffff, 0xffff, 0xffff, 0xffff, 0x93d1, 0xffff, 0xffff, 0xffff,
	0x8db1, 0xffff, 0xffff, 0xffff, 0xffff, 0xffff, 0xffff, 0xffff, 0x9859, 0xffff, 0xffff, 0xffff,
	0xffff, 0xffff, 0xffff, 0xffff, 0xffff, 0xffff, 0xfb52, 0xffff, 0xffff, 0xffff, 0xffff, 0xffff,
	0xffff, 0xffff, 0xffff, 0xfb53, 0xffff, 0xffff, 0xffff, 0xffff, 0xffff, 0xfb4d, 0xffff, 0xffff,
	0x9cbf, 0xffff, 0xffff, 0xffff, 0xffff, 0xffff, 0xffff, 0xffff, 0xffff, 0x9b72, 0xffff, 0xffff,
	0xffff, 0xffff, 0xffff, 0xffff, 0xffff, 0xffff, 0xffff, 0xffff, 0xffff, 0xffff, 0xffff, 0xfb50,
	0x93be, 0xffff, 0xffff, 0xffff, 0xffff, 0xffff, 0xffff, 0xffff, 0xffff, 0xffff, 0xffff, 0xffff,
	0xffff, 0xffff, 0xffff, 0xffff, 0xffff, 0xffff, 0xffff, 0xffff, 0xffff, 0xffff, 0xffff, 0xffff,
	0xffff, 0x8cdb, 0xffff, 0xffff, 0xffff, 0xffff, 0xffff, 0xffff, 0xffff, 0xffff, 0xffff, 0x9df1,
	0xfceb, 0xffff, 0xffff, 0xffff, 0xffff, 0xffff, 0xffff, 0xffff, 0xffff, 0xffff, 0xa0bb, 0xffff,
	0x9b7e, 0xffff, 0xffff, 0xffff, 0xffff, 0xffff, 0xffff, 0xffff, 0x8db3, 0xffff, 0xffff, 0x8c52,
	0xffff, 0xffff, 0xffff, 0xffff, 0x9ae8, 0xffff, 0xffff, 0xffff, 0xffff, 0xffff, 0xffff, 0x8edc,
	0xffff, 0xffff, 0xffff, 0xffff, 0xffff, 0xffff, 0xffff, 0xffff, 0xffff, 0xffff, 0xffff, 0xffff,
	0xffff, 0xffff, 0xffff, 0xffff, 0x9cf9, 0xffff, 0xffff, 0xffff, 0xffff, 0xffff, 0xffff, 0xffff,
	0xffff, 0xffff, 0xffff, 0xffff, 0xffff, 0xffff, 0xfa50, 0xffff, 0xffff, 0xffff, 0xffff, 0xffff,
	0xffff, 0xffff, 0xffff, 0xffff, 0xffff, 0xffff, 0xffff, 0xffff, 0xffff, 0xffff, 0xffff, 0xffff,
	0xffff, 0xffff, 0xffff, 0xffff, 0xffff, 0xffff, 0xffff, 0xffff, 0xffff, 0xffff, 0xffff, 0x98e7,
	0xfcf3, 0xffff, 0xffff, 0xffff, 0xffff, 0xfcf2, 0xffff, 0xffff, 0xffff, 0x8cca, 0xffff, 0xffff,
	0x8775, 0xffff, 0xffff, 0xffff, 0xffff, 0xffff, 0xffff, 0xffff, 0xffff, 0xffff, 0xffff, 0xffff,
	0xffff, 0xffff, 0xffff, 0xffff, 0xffff, 0xffff, 0xffff, 0xffff, 0xffff, 0xffff, 0xffff, 0xffff,
	0xffff, 0xffff, 0xffff, 0xffff, 0xffff, 0xffff, 0xffff, 0xffff, 0xffff, 0x93e5, 0xffff, 0xffff,
	0xffff, 0xffff, 0xffff, 0xffff, 0xffff, 0xffff, 0xffff, 0xffff, 0xffff, 0xffff, 0xffff, 0xffff,
	0xffff, 0xffff, 0x9a59, 0xffff, 0xffff, 0xffff, 0x8db5, 0xffff, 0xffff, 0xffff, 0xffff, 0xffff,
	0xffff, 0xffff, 0xfd4d, 0xffff, 0xffff, 0xffff, 0xffff, 0xfd5e, 0xffff, 0xffff, 0xffff, 0xffff,
	0xffff, 0xffff, 0xffff, 0xffff, 0xffff, 0xffff, 0xffff, 0xffff, 0xffff, 0x8f7d, 0xffff, 0xffff,
	0xffff, 0xffff, 0xffff, 0xffff, 0xffff, 0xffff, 0xffff, 0xffff, 0xffff, 0xffff, 0xffff, 0xffff,
	0xffff, 0xffff, 0xffff, 0xffff, 0xffff, 0xffff, 0xffff, 0xffff, 0x9547, 0xfcf6, 0xffff, 0xffff,
	0xffff, 0xffff, 0xffff, 0xffff, 0xffff, 0xffff, 0xffff, 0xffff, 0xffff, 0xffff, 0xffff, 0xffff,
	0xffff, 0xffff, 0xffff, 0xffff, 0xffff, 0xffff, 0xffff, 0xffff, 0xffff, 0xffff, 0xffff, 0xffff,
	0xffff, 0xffff, 0xffff, 0xffff, 0xffff, 0xffff, 0xffff, 0x9250, 0xffff, 0xffff, 0xffff, 0xffff,
	0x8968, 0x8db6, 0xfcfb, 0xa07d, 0x98fc, 0x8969, 0xffff, 0xffff, 0xffff, 0xffff, 0xffff, 0xffff,
	0xffff, 0xffff, 0xfe4f, 0xffff, 0xffff, 0x9256, 0xffff, 0xffff, 0xffff, 0xffff, 0xffff, 0xffff,
	0xffff, 0xffff, 0xffff, 0xffff, 0xfac9, 0xffff, 0xffff, 0x93e8, 0xffff, 0xffff, 0xffff, 0xfcf8,
	0xffff, 0xffff, 0xffff, 0xffff, 0xffff, 0xffff, 0xffff, 0xffff, 0xffff, 0xffff, 0xffff, 0xffff,
	0xffff, 0xffff, 0xffff, 0xffff, 0xffff, 0xffff, 0xffff, 0x9ce3, 0xfda9, 0xffff, 0xffff, 0xffff,
	0xffff, 0xffff, 0xffff, 0xfc44, 0xffff, 0xffff, 0xffff, 0xffff, 0xffff, 0xffff, 0xffff, 0xffff,
	0x9640, 0xffff, 0xffff, 0x8db8, 0xffff, 0xffff, 0xffff, 0xffff, 0xffff, 0xffff, 0xffff, 0xffff,
	0xffff, 0xffff, 0x9b4a, 0x8fb9, 0xffff, 0xffff, 0xffff, 0xffff, 0xffff, 0xffff, 0xfcfe, 0xffff,
	0xffff, 0xffff, 0xffff, 0xffff, 0xffff, 0xffff, 0x896a, 0xffff, 0xffff, 0xffff, 0xffff, 0xffff,
	0xffff, 0xffff, 0xffff, 0xffff, 0xffff, 0xffff, 0xffff, 0xffff, 0xffff, 0xffff, 0xffff, 0xffff,
	0xffff, 0xffff, 0xffff, 0xffff, 0xffff, 0xffff, 0xffff, 0xffff, 0xffff, 0xffff, 0xffff, 0xffff,
	0xffff, 0x8db9, 0xffff, 0xffff, 0xffff, 0x917e, 0xffff, 0xffff, 0xffff, 0xffff, 0xffff, 0xffff,
	0xffff, 0xffff, 0xffff, 0xffff, 0xffff, 0xffff, 0xffff, 0xffff, 0xffff, 0x93f4, 0xffff, 0xffff,
	0xffff, 0xffff, 0xffff, 0xffff, 0xffff, 0xffff, 0xffff, 0xffff, 0xffff, 0xffff, 0xffff, 0xfb7c,
	0xffff, 0xffff, 0xffff, 0xffff, 0xffff, 0xffff, 0xffff, 0xffff, 0xffff, 0xffff, 0xffff, 0xffff,
	0xffff, 0xffff, 0xffff, 0x93e7, 0xffff, 0xffff, 0x97ef, 0xffff, 0xffff, 0xffff, 0xfe4a, 0xffff,
	0xffff, 0xffff, 0xffff, 0xffff, 0xfd45, 0xffff, 0x96a5, 0xffff, 0xffff, 0xffff, 0xffff, 0xfee0,
	0xfd48, 0xfd47, 0xfef2, 0xfe6a, 0xffff, 0xffff, 0xffff, 0xffff, 0xffff, 0x8dbd, 0xffff, 0xffff,
	0xffff, 0xffff, 0xffff, 0xffff, 0xffff, 0xffff, 0xffff, 0xffff, 0xffff, 0xffff, 0xffff, 0xffff,
	0x9ba1, 0x8ca2, 0x9ab7, 0x8efc, 0xffff, 0xffff, 0xffff, 0xffff, 0xffff, 0xffff, 0xffff, 0xffff,
	0xffff, 0xffff, 0xffff, 0xffff, 0xffff, 0xffff, 0xffff, 0xffff, 0x9fa1, 0xffff, 0xffff, 0xffff,
	0xffff, 0xffff, 0xffff, 0xffff, 0xffff, 0xffff, 0xfd51, 0xffff, 0xffff, 0xffff, 0xffff, 0xffff,
	0xffff, 0xffff, 0xfaad, 0xffff, 0xffff, 0xffff, 0xffff, 0x8dbe, 0xffff, 0xffff, 0x89a4, 0xffff,
	0xffff, 0xffff, 0xffff, 0xffff, 0xffff, 0xffff, 0xffff, 0xffff, 0xffff, 0xffff, 0xffff, 0xffff,
	0xffff, 0x9ad9, 0xffff, 0xffff, 0xffff, 0xffff, 0xffff, 0xffff, 0xffff, 0xffff, 0xffff, 0xffff,
	0xffff, 0xfd4e, 0xffff, 0xffff, 0x8dc0, 0xffff, 0xffff, 0x97f0, 0xffff, 0xffff, 0xffff, 0xffff,
	0xffff, 0xffff, 0xffff, 0xffff, 0xffff, 0xffff, 0x93b4, 0xfd44, 0xffff, 0xffff, 0xffff, 0xffff,
	0xffff, 0xffff, 0xffff, 0xffff, 0xffff, 0xffff, 0xffff, 0xffff, 0x9fa7, 0xffff, 0xffff, 0xffff,
	0xffff, 0x8dc2, 0xffff, 0xffff, 0xffff, 0xffff, 0x99b6, 0xffff, 0xffff, 0xffff, 0xffff, 0xffff,
	0xffff, 0xffff, 0xffff, 0xffff, 0xffff, 0xffff, 0xffff, 0xffff, 0xfd52, 0xffff, 0xffff, 0xffff,
	0xffff, 0xffff, 0xffff, 0x8dc1, 0xffff, 0xffff, 0x8e46, 0xffff, 0xffff, 0xffff, 0xffff, 0xffff,
	0xffff, 0xffff, 0xffff, 0xffff, 0xffff, 0xffff, 0xffff, 0xffff, 0xffff, 0xffff, 0xa0d1, 0xffff,
	0xffff, 0xffff, 0xffff, 0xffff, 0xffff, 0xffff, 0xffff, 0xffff, 0xffff, 0xffff, 0xffff, 0xffff,
	0x9fca, 0xffff, 0xffff, 0xffff, 0xffff, 0xffff, 0xffff, 0xffff, 0xffff, 0xffff, 0xffff, 0xffff,
	0xffff, 0xffff, 0xffff, 0xffff, 0xffff, 0x92cf, 0xffff, 0xffff, 0xffff, 0x9cf4, 0x8dc4, 0xffff,
	0xffff, 0xffff, 0xffff, 0xffff, 0xffff, 0xffff, 0xffff, 0xffff, 0xffff, 0xfd41, 0xffff, 0xffff,
	0xffff, 0xffff, 0xffff, 0xffff, 0xffff, 0x9b4c, 0xffff, 0xffff, 0xffff, 0xffff, 0xffff, 0xffff,
	0xffff, 0xffff, 0xffff, 0xffff, 0xffff, 0xffff, 0xffff, 0xffff, 0xffff, 0xfd57, 0xfcef, 0x9cde,
	0xffff, 0xffff, 0xffff, 0xffff, 0xffff, 0xffff, 0xffff, 0xfd42, 0x986c, 0xffff, 0xffff, 0xffff,
	0xffff, 0xffff, 0xffff, 0xffff, 0xffff, 0xffff, 0xffff, 0xffff, 0xffff, 0xffff, 0x97f9, 0xffff,
	0x9558, 0xffff, 0xffff, 0xffff, 0xffff, 0xffff, 0xffff, 0xffff, 0xffff, 0xffff, 0xffff, 0xffff,
	0xffff, 0xffff, 0xffff, 0x985e, 0xfe7b, 0x94cd, 0xffff, 0xffff, 0xffff, 0xffff, 0xffff, 0x93ee,
	0xffff, 0xffff, 0xffff, 0xffff, 0xffff, 0xffff, 0xffff, 0xffff, 0xffff, 0xffff, 0xffff, 0xffff,
	0xffff, 0xffff, 0xffff, 0x8ca3, 0xffff, 0xfd5a, 0xffff, 0xffff, 0xffff, 0xffff, 0xffff, 0xffff,
	0x93f5, 0xffff, 0xffff, 0xffff, 0xffff, 0xffff, 0x93ef, 0x8eea, 0xffff, 0xffff, 0xffff, 0x8f5b,
	0xffff, 0xffff, 0xffff, 0xffff, 0xffff, 0xffff, 0xffff, 0xffff, 0xffff, 0xffff, 0xffff, 0x8c5e,
	0xffff, 0x8dc6, 0xffff, 0xffff, 0xffff, 0xffff, 0xffff, 0xffff, 0xffff, 0xffff, 0xffff, 0xffff,
	0xffff, 0x8dc8, 0xffff, 0xffff, 0x8dc7, 0xffff, 0xffff, 0xffff, 0xffff, 0xffff, 0x93f7, 0xffff,
	0xffff, 0xffff, 0xffff, 0xffff, 0xffff, 0xffff, 0x8dc9, 0xffff, 0xffff, 0xffff, 0xffff, 0xffff,
	0xffff, 0xffff, 0xfbf2, 0xffff, 0xffff, 0xffff, 0xffff, 0x9670, 0xffff, 0xffff, 0xffff, 0xffff,
	0xffff, 0xffff, 0xffff, 0xffff, 0xffff, 0x8dcb, 0xffff, 0xffff, 0xffff, 0xfd5c, 0xffff, 0xffff,
	0xffff, 0xffff, 0xffff, 0xffff, 0xffff, 0xffff, 0xffff, 0x8f65, 0xffff, 0xffff, 0xffff, 0x8dcd,
	0xffff, 0xffff, 0xffff, 0xffff, 0xffff, 0x9da8, 0x94f9, 0xffff, 0xffff, 0x8dce, 0xffff, 0xffff,
	0xffff, 0xffff, 0xffff, 0xffff, 0xffff, 0xffff, 0x93ea, 0xffff, 0xffff, 0xffff, 0xffff, 0xffff,
	0xffff, 0xffff, 0xffff, 0xffff, 0xfd5f, 0x93f0, 0x9fb6, 0xffff, 0xffff, 0xffff, 0xffff, 0xffff,
	0xffff, 0xffff, 0xffff, 0xffff, 0x8dcf, 0xffff, 0xffff, 0xffff, 0x9763, 0xffff, 0xffff, 0xffff,
	0xffff, 0xffff, 0xffff, 0xffff, 0xffff, 0xffff, 0xffff, 0xffff, 0xffff, 0xffff, 0xffff, 0xffff,
	0xffff, 0xffff, 0xffff, 0xffff, 0xffff, 0xffff, 0xffff, 0xffff, 0xffff, 0xffff, 0xffff, 0xffff,
	0xffff, 0xffff, 0x8dd0, 0x93f1, 0xffff, 0xffff, 0xffff, 0xffff, 0xffff, 0xffff, 0xffff, 0xffff,
	0xffff, 0xffff, 0xffff, 0xffff, 0xffff, 0xffff, 0xffff, 0xffff, 0xffff, 0xffff, 0xffff, 0xffff,
	0xffff, 0xffff, 0xffff, 0xfd62, 0xffff, 0xffff, 0xffff, 0xffff, 0xffff, 0xffff, 0xffff, 0xffff,
	0xffff, 0xffff, 0xffff, 0xffff, 0xffff, 0xffff, 0xffff, 0xffff, 0xffff, 0xffff, 0xffff, 0xffff,
	0xffff, 0xffff, 0xffff, 0xfd65, 0xffff, 0xffff, 0xffff, 0xffff, 0xffff, 0xffff, 0xffff, 0xffff,
	0xffff, 0xffff, 0xffff, 0xffff, 0xffff, 0xffff, 0xffff, 0xffff, 0xffff, 0xffff, 0xffff, 0xffff,
	0xffff, 0xffff, 0xffff, 0xffff, 0xffff, 0xffff, 0xffff, 0xffff, 0x9fdb, 0xffff, 0xffff, 0xffff,
	0xffff, 0x93f8, 0xffff, 0xffff, 0xffff, 0xffff, 0xffff, 0xffff, 0xffff, 0xffff, 0xffff, 0xffff,
	0xffff, 0xffff, 0xffff, 0xffff, 0xffff, 0xffff, 0xffff, 0xffff, 0xffff, 0xffff, 0xffff, 0xffff,
	0xffff, 0x8bf7, 0xffff, 0xffff, 0xffff, 0xffff, 0xfd66, 0xffff, 0xffff, 0xffff, 0xffff, 0xffff,
	0x8bcf, 0xffff, 0xffff, 0xffff, 0xffff, 0xffff, 0xffff, 0x8dd1, 0xffff, 0xffff, 0xffff, 0xffff,
	0xffff, 0xffff, 0xffff, 0xffff, 0xffff, 0xffff, 0xffff, 0xffff, 0xffff, 0xffff, 0xffff, 0xffff,
	0xffff, 0xffff, 0xffff, 0xffff, 0xffff, 0xffff, 0xffff, 0xffff, 0xffff, 0xffff, 0xffff, 0xffff,
	0xffff, 0xffff, 0xffff, 0xffff, 0xffff, 0xffff, 0xffff, 0xffff, 0xffff, 0xffff, 0xffff, 0xffff,
	0xffff, 0xffff, 0xffff, 0xffff, 0xffff, 0xffff, 0xffff, 0xffff, 0xffff, 0xffff, 0xffff, 0xffff,
	0xffff, 0xffff, 0xffff, 0xffff, 0xffff, 0xffff, 0xffff, 0xffff, 0xffff, 0xffff, 0xffff, 0x8dd2,
	0xffff, 0xffff, 0xffff, 0xffff, 0xffff, 0xffff, 0xffff, 0xffff, 0xffff, 0xffff, 0xffff, 0xffff,
	0xffff, 0xffff, 0xffff, 0xffff, 0xffff, 0xffff, 0xffff, 0xffff, 0xffff, 0xffff, 0xffff, 0xffff,
	0xffff, 0xffff, 0xfd71, 0xffff, 0xffff, 0xffff, 0xffff, 0xfd6f, 0xffff, 0xffff, 0xffff, 0xffff,
	0xffff, 0xffff, 0xffff, 0xffff, 0x8dd3, 0xffff, 0xffff, 0xffff, 0xffff, 0xffff, 0xffff, 0xffff,
	0xffff, 0xffff, 0xffff, 0xffff, 0xffff, 0xffff, 0xffff, 0xffff, 0x9fe7, 0x90bd, 0xffff, 0xffff,
	0xffff, 0xffff, 0xffff, 0xffff, 0xffff, 0xffff, 0xffff, 0xffff, 0xffff, 0xffff, 0xffff, 0xffff,
	0xffff, 0xffff, 0xffff, 0xffff, 0xffff, 0xffff, 0x9fd0, 0xffff, 0xffff, 0xffff, 0x8bd0, 0xffff,
	0xfd72, 0xffff, 0x9cae, 0x8bd1, 0xffff, 0xffff, 0x8adb, 0xffff, 0xffff, 0xffff, 0xffff, 0xffff,
	0xffff, 0xffff, 0xffff, 0xffff, 0xffff, 0xffff, 0xfae4, 0xffff, 0xffff, 0xffff, 0xffff, 0xffff,
	0xffff, 0xffff, 0xffff, 0xffff, 0xffff, 0xffff, 0xffff, 0xffff, 0xffff, 0x95ce, 0xffff, 0xfd76,
	0xffff, 0xffff, 0xffff, 0xffff, 0xffff, 0xffff, 0xffff, 0xffff, 0xffff, 0xffff, 0xffff, 0xffff,
	0xffff, 0xffff, 0xffff, 0xffff, 0xffff, 0xffff, 0xffff, 0xfb62, 0xffff, 0xffff, 0xffff, 0xffff,
	0xffff, 0xffff, 0x8dd4, 0xffff, 0xffff, 0xffff, 0xfd78, 0xffff, 0xffff, 0xffff, 0xffff, 0xffff,
	0x8ee3, 0xffff, 0xffff, 0xffff, 0xffff, 0xffff, 0xffff, 0xffff, 0xffff, 0xffff, 0xffff, 0xffff,
	0xffff, 0xffff, 0xffff, 0xffff, 0xffff, 0xffff, 0xffff, 0xffff, 0xffff, 0xffff, 0xffff, 0xffff,
	0xffff, 0xffff, 0xffff, 0xffff, 0xffff, 0xffff, 0xffff, 0xffff, 0x9076, 0xffff, 0xffff, 0x98c6,
	0xffff, 0xffff, 0xffff, 0xffff, 0xffff, 0xffff, 0xffff, 0x8dd5, 0xffff, 0xffff, 0xffff, 0xffff,
	0x97d1, 0xffff, 0xffff, 0x9eb6, 0xffff, 0xffff, 0xffff, 0xffff, 0xffff, 0xffff, 0xffff, 0xffff,
	0xffff, 0xffff, 0xffff, 0xffff, 0xffff, 0xffff, 0xffff, 0xffff, 0xffff, 0xffff, 0xffff, 0xffff,
	0xffff, 0xffff, 0xffff, 0xffff, 0xfac7, 0xffff, 0xffff, 0xa042, 0xffff, 0xffff, 0xffff, 0xffff,
	0xffff, 0xffff, 0xffff, 0xffff, 0xffff, 0xffff, 0xffff, 0xffff, 0xffff, 0xffff, 0xffff, 0xffff,
	0x9873, 0xffff, 0xffff, 0xffff, 0xffff, 0xffff, 0xffff, 0xffff, 0xffff, 0xffff, 0xffff, 0x9ffc,
	0xffff, 0xffff, 0xffff, 0xffff, 0xffff, 0xffff, 0xffff, 0xffff, 0xffff, 0xffff, 0xffff, 0xffff,
	0xffff, 0xffff, 0xffff, 0xffff, 0xffff, 0xffff, 0xffff, 0xffff, 0x8ca5, 0x8dd7, 0xffff, 0xffff,
	0x92fb, 0x8dd8, 0xffff, 0xffff, 0xffff, 0xffff, 0xffff, 0xffff, 0xffff, 0xffff, 0xffff, 0xffff,
	0xffff, 0xffff, 0xffff, 0xffff, 0xffff, 0xffff, 0xffff, 0xffff, 0xffff, 0xffff, 0xffff, 0xffff,
	0xffff, 0xffff, 0xffff, 0xffff, 0xffff, 0xffff, 0xffff, 0x944f, 0xffff, 0x8dd9, 0xffff, 0xffff,
	0xffff, 0xffff, 0xffff, 0xffff, 0xffff, 0xffff, 0xffff, 0xffff, 0xffff, 0xffff, 0xffff, 0xffff,
	0xffff, 0xffff, 0xffff, 0xffff, 0xffff, 0xffff, 0xffff, 0xffff, 0xffff, 0xffff, 0xffff, 0xffff,
	0xffff, 0xffff, 0xffff, 0xffff, 0xffff, 0xffff, 0xffff, 0xffff, 0xffff, 0xffff, 0xffff, 0xffff,
	0xffff, 0x896b, 0xffff, 0xffff, 0xffff, 0xffff, 0xffff, 0xffff, 0xffff, 0xffff, 0x97ce, 0xffff,
	0xffff, 0xffff, 0xfaf3, 0xfdae, 0xffff, 0xffff, 0xffff, 0xffff, 0xffff, 0xffff, 0xffff, 0xffff,
	0xffff, 0xffff, 0xffff, 0xffff, 0xffff, 0xffff, 0xffff, 0xffff, 0xffff, 0xffff, 0xffff, 0xffff,
	0xfbaf, 0x92b7, 0xffff, 0xffff, 0xffff, 0xffff, 0xffff, 0xffff, 0xffff, 0xffff, 0xffff, 0xffff,
	0xffff, 0xffff, 0xffff, 0xffff, 0x8dda, 0xffff, 0xffff, 0xffff, 0xffff, 0xffff, 0xffff, 0xffff,
	0xffff, 0xffff, 0xffff, 0xffff, 0xffff, 0xffff, 0x9c5a, 0xffff, 0xffff, 0xffff, 0xffff, 0xffff,
	0xffff, 0xfdad, 0xffff, 0xffff, 0xffff, 0xffff, 0xffff, 0xffff, 0xffff, 0xffff, 0xffff, 0xffff,
	0xffff, 0xffff, 0xffff, 0x8ddc, 0x9444, 0xffff, 0xffff, 0xffff, 0xffff, 0xffff, 0xffff, 0xffff,
	0xffff, 0xffff, 0xffff, 0xffff, 0x8ddd, 0xffff, 0xffff, 0xffff, 0xffff, 0xffff, 0xffff, 0xffff,
	0xa0d6, 0xffff, 0xffff, 0xffff, 0xffff, 0xffff, 0xffff, 0xffff, 0xffff, 0xffff, 0xffff, 0xffff,
	0xffff, 0xffff, 0xffff, 0xffff, 0xffff, 0xffff, 0xffff, 0xffff, 0xffff, 0xffff, 0xffff, 0xffff,
	0xffff, 0xffff, 0xffff, 0xffff, 0xffff, 0xffff, 0xffff, 0xffff, 0xffff, 0xffff, 0xffff, 0xffff,
	0xffff, 0xffff, 0xffff, 0xffff, 0xffff, 0xffff, 0xffff, 0xffff, 0xffff, 0xffff, 0xffff, 0xffff,
	0xffff, 0xffff, 0xffff, 0xffff, 0xffff, 0xffff, 0xffff, 0xffff, 0xffff, 0xffff, 0xffff, 0xffff,
	0xffff, 0xffff, 0xffff, 0xffff, 0xffff, 0xffff, 0xffff, 0xffff, 0xffff, 0x8c41, 0x97d5, 0xffff,
	0x944a, 0xffff, 0xffff, 0xffff, 0xffff, 0xffff, 0x944d, 0xffff, 0xffff, 0xffff, 0xffff, 0x97cb,
	0xffff, 0xffff, 0xffff, 0xffff, 0xffff, 0x8dde, 0xffff, 0xffff, 0x8ddf, 0xffff, 0xffff, 0xffff,
	0xffff, 0xffff, 0xffff, 0xffff, 0xffff, 0xffff, 0xffff, 0xffff, 0xffff, 0xffff, 0xffff, 0xffff,
	0xffff, 0x8de0, 0xfef9, 0xffff, 0xffff, 0xffff, 0xffff, 0xffff, 0xffff, 0xffff, 0xffff, 0xffff,
	0xffff, 0xffff, 0xffff, 0xffff, 0xffff, 0xffff, 0xffff, 0xffff, 0xffff, 0xffff, 0xffff, 0xffff,
	0xffff, 0xffff, 0xffff, 0xffff, 0xffff, 0xffff, 0xffff, 0xffff, 0xffff, 0xffff, 0xffff, 0xffff,
	0xffff, 0xffff, 0xffff, 0xfdc0, 0xfcf9, 0xffff, 0xffff, 0xffff, 0xffff, 0xffff, 0xffff, 0x8cdd,
	0xffff, 0xfb7e, 0xffff, 0xffff, 0xffff, 0xffff, 0xffff, 0xffff, 0xffff, 0xffff, 0xffff, 0xffff,
	0xffff, 0xffff, 0xffff, 0xffff, 0xffff, 0xffff, 0xffff, 0xffff, 0xffff, 0xffff, 0xffff, 0xffff,
	0xffff, 0xffff, 0xffff, 0xffff, 0xffff, 0xffff, 0x92b3, 0xffff, 0xffff, 0xffff, 0xffff, 0xffff,
	0xfdaf, 0xffff, 0xffff, 0xffff, 0xffff, 0xffff, 0xffff, 0xffff, 0xffff, 0xffff, 0x8de1, 0xffff,
	0xffff, 0xffff, 0xffff, 0x95d3, 0xffff, 0xffff, 0xffff, 0xffff, 0xffff, 0xffff, 0xffff, 0xffff,
	0xffff, 0xffff, 0xffff, 0xffff, 0xffff, 0xffff, 0x89c1, 0xffff, 0xffff, 0xffff, 0xffff, 0xffff,
	0xffff, 0xffff, 0xffff, 0xffff, 0xffff, 0xffff, 0xffff, 0xffff, 0xffff, 0xffff, 0xffff, 0xffff,
	0xffff, 0xffff, 0xffff, 0xffff, 0xffff, 0xffff, 0xffff, 0xffff, 0xffff, 0xfd68, 0xffff, 0xffff,
	0x9cb7, 0xffff, 0xffff, 0x8de3, 0xffff, 0xffff, 0xffff, 0xffff, 0xffff, 0xffff, 0xffff, 0xffff,
	0xffff, 0xffff, 0xffff, 0xffff, 0xffff, 0xffff, 0xffff, 0xffff, 0xffff, 0xffff, 0xffff, 0xffff,
	0xffff, 0xffff, 0xffff, 0xffff, 0xffff, 0xffff, 0xffff, 0xffff, 0xffff, 0xfac0, 0x8de5, 0xfa64,
	0xffff, 0x8947, 0xffff, 0xffff, 0xffff, 0xffff, 0x8de4, 0xffff, 0xffff, 0xffff, 0xffff, 0xffff,
	0x8de7, 0x8de8, 0xffff, 0xffff, 0xffff, 0xffff, 0xffff, 0xffff, 0xffff, 0xffff, 0xffff, 0xffff,
	0xffff, 0xffff, 0xffff, 0xffff, 0xffff, 0xffff, 0xfdc7, 0xfdb0, 0xffff, 0xffff, 0xffff, 0xffff,
	0xffff, 0xffff, 0x9445, 0x97d6, 0xffff, 0xffff, 0xffff, 0xffff, 0xffff, 0xffff, 0xffff, 0xffff,
	0xffff, 0xfcc6, 0x9844, 0xffff, 0xffff, 0xffff, 0xffff, 0xffff, 0xffff, 0xffff, 0xffff, 0xffff,
	0xffff, 0xffff, 0xffff, 0x8de9, 0xffff, 0xffff, 0xffff, 0xffff, 0xffff, 0xffff, 0xffff, 0xffff,
	0xffff, 0xffff, 0xffff, 0xffff, 0xffff, 0xffff, 0xffff, 0x8dea, 0xffff, 0xffff, 0xffff, 0xffff,
	0xffff, 0xffff, 0xffff, 0xffff, 0xfe50, 0xffff, 0xffff, 0xffff, 0xffff, 0xffff, 0xffff, 0xfdcc,
	0xffff, 0xffff, 0xffff, 0xffff, 0xffff, 0xffff, 0xffff, 0xffff, 0xffff, 0xffff, 0xffff, 0xffff,
	0xffff, 0xffff, 0xffff, 0xffff, 0xffff, 0x9da7, 0xffff, 0xffff, 0xffff, 0xffff, 0xffff, 0xfdcd,
	0xffff, 0xffff, 0xffff, 0xffff, 0xffff, 0xffff, 0xffff, 0xffff, 0xffff, 0xffff, 0xffff, 0xffff,
	0xffff, 0xffff, 0xffff, 0xffff, 0xffff, 0xffff, 0xffff, 0xffff, 0xffff, 0xffff, 0xffff, 0xfdcf,
	0xffff, 0xffff, 0xffff, 0xffff, 0x95d2, 0xffff, 0xffff, 0xffff, 0xffff, 0xffff, 0xffff, 0xffff,
	0x8ded, 0xffff, 0xffff, 0xffff, 0xffff, 0xffff, 0xffff, 0xffff, 0xffff, 0xfcba, 0xffff, 0xffff,
	0xffff, 0xffff, 0xffff, 0xffff, 0xffff, 0xffff, 0xffff, 0xffff, 0xffff, 0xffff, 0xffff, 0xffff,
	0xffff, 0xffff, 0xffff, 0xffff, 0xfdc5, 0xffff, 0xfdd2, 0xffff, 0xffff, 0xffff, 0xffff, 0xffff,
	0xffff, 0xffff, 0xffff, 0xffff, 0xffff, 0xffff, 0xffff, 0xffff, 0xffff, 0xffff, 0xffff, 0xffff,
	0xffff, 0xffff, 0xffff, 0xffff, 0x9cdc, 0xffff, 0xffff, 0xffff, 0xffff, 0xffff, 0x95cf, 0xffff,
	0xffff, 0x8dee, 0xffff, 0xffff, 0xffff, 0xffff, 0xffff, 0xffff, 0xffff, 0xffff, 0xffff, 0xffff,
	0xffff, 0xffff, 0xffff, 0xffff, 0xffff, 0xffff, 0xffff, 0xffff, 0xffff, 0xffff, 0xfdd4, 0xffff,
	0xffff, 0xffff, 0xffff, 0xffff, 0x96ec, 0x96eb, 0xffff, 0xffff, 0xffff, 0xffff, 0xffff, 0xffff,
	0xffff, 0xffff, 0xffff, 0xffff, 0xffff, 0xffff, 0xffff, 0xffff, 0xffff, 0xffff, 0xffff, 0xffff,
	0xffff, 0xffff, 0xffff, 0xffff, 0xffff, 0xffff, 0xffff, 0xffff, 0xffff, 0x90b6, 0xffff, 0xfdc3,
	0x98ab, 0xffff, 0xffff, 0xffff, 0xffff, 0xffff, 0xffff, 0xffff, 0xffff, 0xffff, 0xffff, 0xffff,
	0xffff, 0xffff, 0xffff, 0xffff, 0xffff, 0xffff, 0xffff, 0xffff, 0xffff, 0xffff, 0xffff, 0xffff,
	0xffff, 0xffff, 0xffff, 0x96ee, 0xffff, 0xffff, 0xffff, 0xffff, 0xffff, 0xffff, 0xffff, 0xffff,
	0xffff, 0xffff, 0xffff, 0xffff, 0xffff, 0x8df4, 0xffff, 0xffff, 0xffff, 0xffff, 0xffff, 0xffff,
	0xffff, 0xffff, 0xffff, 0xffff, 0xffff, 0xffff, 0xffff, 0xffff, 0xffff, 0xffff, 0xffff, 0xffff,
	0xffff, 0xffff, 0xffff, 0xffff, 0xffff, 0xffff, 0xffff, 0xffff, 0xffff, 0xffff, 0xffff, 0xffff,
	0xfde0, 0xffff, 0x8c67, 0xffff, 0xffff, 0x8df6, 0xffff, 0xffff, 0xffff, 0x8df7, 0xffff, 0xffff,
	0xffff, 0xffff, 0xffff, 0xffff, 0xffff, 0x8ffa, 0xffff, 0xffff, 0xffff, 0xffff, 0xffff, 0xffff,
	0xffff, 0xffff, 0xffff, 0xffff, 0x97d0, 0xffff, 0xffff, 0xffff, 0xffff, 0x8bd2, 0xffff, 0xffff,
	0x8df8, 0xffff, 0xffff, 0xffff, 0xffff, 0xffff, 0x90d9, 0xffff, 0x8c47, 0xffff, 0xfaf0, 0xffff,
	0xffff, 0xffff, 0xffff, 0xfde1, 0x8df9, 0xffff, 0xfde3, 0xffff, 0xffff, 0xffff, 0xffff, 0xffff,
	0xffff, 0xffff, 0x8dfa, 0xffff, 0xfb63, 0xffff, 0xffff, 0xffff, 0x90a6, 0xffff, 0xffff, 0xffff,
	0xffff, 0xffff, 0xffff, 0xffff, 0xffff, 0xffff, 0xffff, 0xffff, 0xffff, 0xffff, 0xffff, 0xffff,
	0xffff, 0x9970, 0xffff, 0xffff, 0x91eb, 0xffff, 0x9770, 0x986f, 0xfde2, 0xffff, 0xffff, 0xffff,
	0xffff, 0xffff, 0xffff, 0xffff, 0xffff, 0xffff, 0xffff, 0xffff, 0xffff, 0xffff, 0xffff, 0xffff,
	0xffff, 0xffff, 0x98f2, 0xffff, 0x9afc, 0x896c, 0xfdfd, 0xffff, 0xffff, 0x995e, 0xffff, 0xffff,
	0xffff, 0x95bd, 0xffff, 0xffff, 0xffff, 0xffff, 0xffff, 0xffff, 0xffff, 0xfde4, 0xffff, 0xffff,
	0xffff, 0x91e6, 0xffff, 0xffff, 0xffff, 0xffff, 0xfde5, 0xfde6, 0xffff, 0xffff, 0xffff, 0xffff,
	0xffff, 0xffff, 0xffff, 0xffff, 0xfde7, 0xffff, 0xffff, 0xffff, 0xffff, 0xffff, 0xffff, 0xffff,
	0xffff, 0xffff, 0xffff, 0xffff, 0xffff, 0xffff, 0xffff, 0xffff, 0xffff, 0xffff, 0x9454, 0xffff,
	0xffff, 0xffff, 0x99b8, 0xffff, 0xffff, 0xffff, 0xffff, 0xffff, 0xffff, 0xffff, 0xffff, 0x97e9,
	0x9346, 0xffff, 0xffff, 0xffff, 0xffff, 0xffff, 0xffff, 0xffff, 0xffff, 0xffff, 0xffff, 0xffff,
	0xffff, 0xffff, 0xffff, 0xffff, 0xffff, 0xffff, 0xffff, 0xffff, 0xffff, 0xffff, 0xffff, 0xffff,
	0x9863, 0xffff, 0xffff, 0xffff, 0xffff, 0xffff, 0xffff, 0xffff, 0xffff, 0xffff, 0xffff, 0xffff,
	0x95bc, 0xffff, 0xfded, 0xfdf7, 0xffff, 0xffff, 0xffff, 0xffff, 0xffff, 0xffff, 0x9870, 0x96f6,
	0x8ea9, 0xffff, 0xffff, 0xffff, 0xffff, 0xffff, 0x9451, 0xffff, 0xffff, 0x8e43, 0xffff, 0x8b5a,
	0xffff, 0xffff, 0xffff, 0xffff, 0xfdee, 0xffff, 0xffff, 0xffff, 0xffff, 0xfdf0, 0xffff, 0xffff,
	0xffff, 0xffff, 0xfdf4, 0xffff, 0x9bf5, 0xffff, 0xffff, 0xffff, 0xffff, 0xffff, 0x8cee, 0xffff,
	0xffff, 0xffff, 0xffff, 0xffff, 0xffff, 0xffff, 0xffff, 0xffff, 0xffff, 0xffff, 0xffff, 0xffff,
	0xffff, 0xffff, 0xffff, 0xffff, 0xffff, 0xffff, 0x977e, 0xffff, 0xffff, 0xffff, 0xffff, 0xffff,
	0x9bd5, 0xffff, 0x9ac3, 0xffff, 0x97c8, 0xa0db, 0x91d0, 0xffff, 0xffff, 0x9fe4, 0xffff, 0x8fdd,
	0xffff, 0x91e9, 0xffff, 0xffff, 0xffff, 0xffff, 0xffff, 0xffff, 0xffff, 0xffff, 0xffff, 0x98e0,
	0xffff, 0xffff, 0xffff, 0x92ca, 0xffff, 0x9857, 0xffff, 0xffff, 0x8c51, 0xffff, 0xffff, 0xffff,
	0xffff, 0xfdeb, 0xffff, 0x9b49, 0xffff, 0xffff, 0xffff, 0xffff, 0xffff, 0xffff, 0xffff, 0xffff,
	0xffff, 0x9d76, 0x9eaf, 0xffff, 0xffff, 0xffff, 0xffff, 0xffff, 0xffff, 0xffff, 0xffff, 0xffff,
	0x9ccc, 0xffff, 0xffff, 0xffff, 0xffff, 0xffff, 0xffff, 0xfdea, 0xffff, 0xffff, 0x8df1, 0xffff,
	0xffff, 0xfdfb, 0xffff, 0xffff, 0xffff, 0xffff, 0xffff, 0xffff, 0xffff, 0xffff, 0xffff, 0xffff,
	0xffff, 0xffff, 0xffff, 0xffff, 0xffff, 0xffff, 0xffff, 0xffff, 0xffff, 0xffff, 0xffff, 0xffff,
	0x8e53, 0xffff, 0xffff, 0xffff, 0xffff, 0xffff, 0xffff, 0xffff, 0xffff, 0xffff, 0xffff, 0xffff,
	0xfacf, 0xffff, 0xffff, 0xffff, 0xffff, 0xffff, 0xffff, 0xffff, 0xffff, 0xffff, 0xffff, 0xffff,
	0xffff, 0xffff, 0x96f9, 0xffff, 0xffff, 0xffff, 0xffff, 0xffff, 0xffff, 0xffff, 0xffff, 0xffff,
	0x98bf, 0x9e49, 0x8ca7, 0xffff, 0xffff, 0xffff, 0xffff, 0xffff, 0xffff, 0xffff, 0xffff, 0x9bca,
	0xffff, 0xffff, 0xffff, 0xffff, 0xfdfe, 0x92dc, 0xffff, 0xffff, 0xffff, 0xffff, 0xffff, 0xfe41,
	0x91cc, 0x91e2, 0xffff, 0xffff, 0xffff, 0xffff, 0xffff, 0xffff, 0xffff, 0xffff, 0xffff, 0xffff,
	0xffff, 0xffff, 0xfe44, 0x875f, 0xffff, 0xffff, 0xffff, 0xffff, 0xffff, 0x8bd3, 0xffff, 0xffff,
	0xfe47, 0xffff, 0xffff, 0xffff, 0xffff, 0xffff, 0xffff, 0xffff, 0xffff, 0xffff, 0xffff, 0xffff,
	0xffff, 0xffff, 0xffff, 0xffff, 0xffff, 0xffff, 0xfe48, 0xffff, 0xffff, 0xffff, 0xffff, 0xffff,
	0xffff, 0xffff, 0xffff, 0xffff, 0xffff, 0xffff, 0xffff, 0xffff, 0xffff, 0xffff, 0x9455, 0xffff,
	0xffff, 0xffff, 0xffff, 0xfe4b, 0xffff, 0xfe4c, 0xffff, 0xffff, 0xffff, 0xffff, 0x8dbf, 0xffff,
	0xffff, 0xffff, 0xffff, 0xffff, 0xffff, 0xffff, 0xffff, 0xffff, 0x9e78, 0xffff, 0xffff, 0xffff,
	0xffff, 0xffff, 0xffff, 0xffff, 0xffff, 0xffff, 0xffff, 0xffff, 0xffff, 0xffff, 0xffff, 0xffff,
	0xffff, 0xffff, 0xffff, 0xffff, 0xffff, 0xffff, 0xffff, 0xffff, 0xffff, 0xffff, 0xffff, 0xffff,
	0xfe51, 0xffff, 0xffff, 0xffff, 0xffff, 0x9456, 0xffff, 0xffff, 0xffff, 0xffff, 0xffff, 0xffff,
	0xffff, 0x9d61, 0xffff, 0xffff, 0xffff, 0xffff, 0x9457, 0xffff, 0xffff, 0xffff, 0xffff, 0xffff,
	0xffff, 0xffff, 0xffff, 0xffff, 0xffff, 0x9966, 0xffff, 0xffff, 0xffff, 0xffff, 0xffff, 0xffff,
	0xffff, 0xffff, 0xffff, 0xffff, 0xffff, 0xffff, 0xffff, 0x8bd5, 0xffff, 0xffff, 0xffff, 0xffff,
	0xa069, 0xffff, 0xffff, 0xffff, 0xffff, 0xffff, 0xffff, 0xffff, 0xffff, 0xffff, 0xffff, 0xffff,
	0xffff, 0xffff, 0xffff, 0xffff, 0xffff, 0xffff, 0xffff, 0xffff, 0xffff, 0xffff, 0xffff, 0xffff,
	0xffff, 0xffff, 0xffff, 0x98b4, 0xffff, 0xffff, 0xffff, 0xffff, 0xffff, 0xffff, 0xffff, 0xffff,
	0xffff, 0xffff, 0xffff, 0xffff, 0xffff, 0xffff, 0xffff, 0xffff, 0xffff, 0xffff, 0xffff, 0xffff,
	0xa049, 0xa04c, 0xffff, 0x9e65, 0xffff, 0xffff, 0xffff, 0xffff, 0xffff, 0xffff, 0xffff, 0xffff,
	0xffff, 0xffff, 0xffff, 0x98b5, 0xffff, 0xffff, 0xffff, 0xffff, 0xffff, 0xffff, 0xffff, 0xffff,
	0xffff, 0xffff, 0xffff, 0xffff, 0xffff, 0xffff, 0xffff, 0xffff, 0xffff, 0xffff, 0xffff, 0xffff,
	0xffff, 0xffff, 0xffff, 0xfe58, 0xffff, 0x9975, 0xfe53, 0xa065, 0xffff, 0xfe59, 0xffff, 0xffff,
	0xffff, 0xffff, 0xffff, 0xffff, 0xffff, 0xffff, 0xffff, 0x98b7, 0x98b8, 0xffff, 0xffff, 0xffff,
	0xffff, 0xffff, 0xffff, 0xffff, 0x98ba, 0xffff, 0xffff, 0xffff, 0xffff, 0xffff, 0xffff, 0x98bb,
	0xffff, 0xffff, 0xffff, 0xffff, 0xffff, 0xffff, 0x9fbc, 0xffff, 0xffff, 0xffff, 0xffff, 0xffff,
	0xffff, 0xffff, 0xffff, 0xffff, 0xffff, 0xffff, 0xffff, 0xffff, 0xffff, 0xffff, 0xffff, 0xffff,
	0xffff, 0xffff, 0xffff, 0xffff, 0xffff, 0xffff, 0xffff, 0xffff, 0xffff, 0xffff, 0xffff, 0xffff,
	0xffff, 0xffff, 0xffff, 0xffff, 0xa04a, 0xffff, 0xffff, 0x9ec7, 0xffff, 0xffff, 0xffff, 0xffff,
	0xffff, 0xffff, 0xffff, 0xffff, 0xffff, 0xffff, 0xffff, 0xffff, 0xffff, 0xffff, 0xffff, 0xffff,
	0xffff, 0xffff, 0xffff, 0xffff, 0xffff, 0xffff, 0xffff, 0x8ca9, 0xffff, 0xffff, 0x98ae, 0xffff,
	0xffff, 0xffff, 0xffff, 0xffff, 0xffff, 0xffff, 0xffff, 0x92d6, 0xffff, 0xffff, 0xffff, 0xfae1,
	0xffff, 0x91d4, 0xffff, 0xffff, 0xffff, 0xffff, 0xffff, 0xffff, 0xffff, 0xffff, 0xfade, 0xffff,
	0xffff, 0xfe5b, 0xffff, 0xffff, 0xffff, 0xffff, 0xffff, 0xffff, 0xffff, 0xffff, 0xffff, 0xffff,
	0xffff, 0xffff, 0xffff, 0xffff, 0xffff, 0x8c53, 0xffff, 0xffff, 0xffff, 0xffff, 0xffff, 0xffff,
	0xffff, 0xffff, 0xffff, 0xffff, 0xffff, 0xffff, 0xffff, 0xffff, 0xfe5e, 0xffff, 0xffff, 0xffff,
	0xffff, 0xfbd7, 0xfe5a, 0x94c5, 0xffff, 0xffff, 0xffff, 0xffff, 0xfaca, 0xffff, 0xffff, 0xffff,
	0xffff, 0xffff, 0xffff, 0xffff, 0xffff, 0xffff, 0xffff, 0xffff, 0x98c1, 0x975c, 0xffff, 0xfe74,
	0xffff, 0x9773, 0xffff, 0xffff, 0xffff, 0xffff, 0xffff, 0xffff, 0xffff, 0xffff, 0xfa46, 0xffff,
	0xffff, 0xffff, 0x9764, 0xffff, 0xffff, 0xffff, 0xfe68, 0xffff, 0x964e, 0xffff, 0x9765, 0x8c5a,
	0xffff, 0xffff, 0xffff, 0xffff, 0xffff, 0xffff, 0xffff, 0xffff, 0xffff, 0xffff, 0xffff, 0xffff,
	0xffff, 0xffff, 0x89a1, 0x95fa, 0xffff, 0x92d4, 0xfe69, 0xffff, 0xfb45, 0xffff, 0x98c8, 0xffff,
	0xffff, 0x90ef, 0xffff, 0x98c9, 0x98ca, 0xffff, 0xffff, 0xffff, 0xffff, 0xffff, 0xffff, 0xffff,
	0xffff, 0xffff, 0xffff, 0xffff, 0xffff, 0xffff, 0xffff, 0xffff, 0xffff, 0xffff, 0xffff, 0xffff,
	0xffff, 0xffff, 0xffff, 0xffff, 0x946d, 0x94b7, 0xfe6c, 0xffff, 0xffff, 0x946b, 0xffff, 0xffff,
	0xffff, 0xffff, 0xffff, 0xffff, 0x92fc, 0xffff, 0x95eb, 0xffff, 0xfe73, 0x976e, 0xfe5f, 0xffff,
	0xffff, 0xffff, 0xffff, 0xffff, 0xffff, 0xffff, 0xffff, 0xffff, 0xfdbd, 0xffff, 0xffff, 0x92d5,
	0xffff, 0xffff, 0xffff, 0xffff, 0xffff, 0xffff, 0xfeb9, 0xffff, 0xffff, 0xfe71, 0x8778, 0xffff,
	0xffff, 0xffff, 0xfbbb, 0xffff, 0xffff, 0x947a, 0xffff, 0xffff, 0x95fb, 0xfe77, 0xffff, 0xffff,
	0xffff, 0xffff, 0xffff, 0xffff, 0xffff, 0xfe79, 0xffff, 0xfe75, 0xffff, 0xffff, 0xffff, 0x945d,
	0xffff, 0xffff, 0xffff, 0xffff, 0xffff, 0xffff, 0xffff, 0xfe7c, 0xffff, 0xffff, 0xffff, 0xffff,
	0xffff, 0xffff, 0xffff, 0xffff, 0xffff, 0x9344, 0x8ea6, 0xffff, 0xffff, 0xffff, 0xffff, 0xffff,
	0xffff, 0xffff, 0xffff, 0xffff, 0xffff, 0xffff, 0x92d3, 0xffff, 0x94b8, 0xffff, 0x8779, 0xffff,
	0xffff, 0xffff, 0xffff, 0xffff, 0xffff, 0xfc71, 0xffff, 0xffff, 0xffff, 0xffff, 0xffff, 0xffff,
	0xffff, 0xffff, 0xffff, 0xffff, 0xffff, 0xffff, 0xffff, 0xffff, 0xffff, 0x975e, 0xffff, 0xffff,
	0xffff, 0xffff, 0x8cad, 0xffff, 0xffff, 0xffff, 0xffff, 0xffff, 0xffff, 0xffff, 0xffff, 0xffff,
	0xffff, 0xffff, 0xffff, 0xffff, 0xffff, 0xfea7, 0xffff, 0xffff, 0xffff, 0x946a, 0xffff, 0xffff,
	0xffff, 0x93e3, 0xffff, 0xffff, 0x98cf, 0xffff, 0xffff, 0xffff, 0xffff, 0xffff, 0xffff, 0xffff,
	0xffff, 0xffff, 0xffff, 0xffff, 0xffff, 0xffff, 0xffff, 0xffff, 0xffff, 0xffff, 0xffff, 0xffff,
	0xa0d9, 0xffff, 0xffff, 0xffff, 0xffff, 0xffff, 0xffff, 0xffff, 0xffff, 0xa0bf, 0xa04d, 0xa0b8,
	0xffff, 0xffff, 0xffff, 0xffff, 0xffff, 0xa0ce, 0xa0b7, 0xffff, 0xffff, 0xffff, 0xffff, 0xffff,
	0xffff, 0xffff, 0xffff, 0xfea9, 0xffff, 0xffff, 0xffff, 0xffff, 0xffff, 0xffff, 0xffff, 0xffff,
	0xffff, 0xffff, 0x89c3, 0xffff, 0xffff, 0xffff, 0xffff, 0xfeab, 0xffff, 0xffff, 0xffff, 0xffff,
	0xffff, 0xffff, 0xffff, 0xffff, 0xffff, 0xffff, 0xffff, 0xffff, 0xffff, 0xffff, 0xffff, 0xffff,
	0xffff, 0xffff, 0xffff, 0xffff, 0xffff, 0x9df4, 0x896d, 0xffff, 0xffff, 0xffff, 0xffff, 0xffff,
	0x9c7b, 0xffff, 0xffff, 0xffff, 0xffff, 0xffff, 0xffff, 0x98d2, 0xffff, 0xffff, 0xffff, 0x9fa9,
	0xffff, 0xffff, 0xffff, 0xfeb2, 0xffff, 0xffff, 0xfeb1, 0xffff, 0xffff, 0xffff, 0x97d9, 0xffff,
	0xa0c4, 0xffff, 0x9476, 0xffff, 0xffff, 0xffff, 0xffff, 0xffff, 0xffff, 0xffff, 0xffff, 0xffff,
	0xffff, 0x9978, 0xffff, 0xffff, 0xffff, 0xffff, 0xffff, 0xffff, 0xfeb3, 0xffff, 0xffff, 0xffff,
	0xffff, 0xffff, 0x98d3, 0xfeb4, 0xffff, 0xffff, 0xffff, 0x98d4, 0xffff, 0xffff, 0xffff, 0xffff,
	0xffff, 0xffff, 0xffff, 0x9fb9, 0xffff, 0xffff, 0xffff, 0xffff, 0xffff, 0xffff, 0xffff, 0xffff,
	0x9471, 0xffff, 0xffff, 0xffff, 0xffff, 0xffff, 0xffff, 0xffff, 0xffff, 0xffff, 0x98d5, 0xfeb8,
	0xffff, 0xffff, 0xffff, 0xc6d4, 0xffff, 0xffff, 0xffff, 0xffff, 0xffff, 0xffff, 0xffff, 0xffff,
	0xffff, 0xffff, 0xffff, 0xfeba, 0xffff, 0xffff, 0xffff, 0xffff, 0xffff, 0xffff, 0xffff, 0xffff,
	0xffff, 0xffff, 0xffff, 0xffff, 0xffff, 0xffff, 0xffff, 0xffff, 0xffff, 0xffff, 0x9e5c, 0xffff,
	0xffff, 0xfebb, 0xffff, 0xffff, 0xffff, 0xffff, 0xffff, 0xffff, 0xffff, 0xffff, 0xffff, 0xffff,
	0xffff, 0xffff, 0xffff, 0xffff, 0xa044, 0xffff, 0xffff, 0xffff, 0xffff, 0x98d7, 0xffff, 0xffff,
	0xffff, 0xffff, 0xffff, 0xffff, 0xffff, 0xffff, 0xffff, 0xffff, 0xffff, 0xffff, 0xffff, 0xffff,
	0xffff, 0xffff, 0xffff, 0xffff, 0xffff, 0x98d8, 0xfebc, 0xffff, 0xffff, 0xffff, 0xffff, 0x9ffe,
	0xffff, 0xffff, 0xffff, 0xffff, 0xffff, 0xffff, 0xffff, 0xffff, 0xffff, 0xffff, 0xffff, 0xffff,
	0xffff, 0xffff, 0xffff, 0xffff, 0xffff, 0xffff, 0xffff, 0xffff, 0xffff, 0xffff, 0xffff, 0xffff,
	0xffff, 0xffff, 0xffff, 0xffff, 0xffff, 0xffff, 0xffff, 0xffff, 0xffff, 0xffff, 0xffff, 0xffff,
	0xfebd, 0xffff, 0xffff, 0xffff, 0xffff, 0xffff, 0xffff, 0xffff, 0xffff, 0xffff, 0xffff, 0xffff,
	0xffff, 0xffff, 0xffff, 0x9ddd, 0xffff, 0xffff, 0xffff, 0xffff, 0x9ee1, 0xffff, 0xffff, 0xffff,
	0xffff, 0xffff, 0xffff, 0xffff, 0xffff, 0xffff, 0xffff, 0xffff, 0xffff, 0x98da, 0x9ddf, 0xfebf,
	0xffff, 0xfebe, 0xffff, 0xffff, 0x9eeb, 0xffff, 0xffff, 0xffff, 0xffff, 0xffff, 0xffff, 0xffff,
	0xffff, 0xffff, 0xffff, 0xffff, 0xffff, 0xffff, 0xffff, 0xffff, 0xffff, 0xffff, 0x9e59, 0xa05c,
	0xffff, 0xffff, 0xffff, 0xffff, 0xffff, 0xffff, 0xffff, 0xfec0, 0xffff, 0xffff, 0xffff, 0x9477,
	0x98dc, 0xffff, 0xfec1, 0xffff, 0xffff, 0xffff, 0x98de, 0xffff, 0xffff, 0xffff, 0xffff, 0xffff,
	0xffff, 0xffff, 0xffff, 0xffff, 0xffff, 0xffff, 0xffff, 0xffff, 0xffff, 0xffff, 0xffff, 0xffff,
	0xffff, 0xffff, 0xffff, 0xffff, 0xfec3, 0xffff, 0xffff, 0xffff, 0xffff, 0xffff, 0xffff, 0xffff,
	0xffff, 0xffff, 0xffff, 0xffff, 0xffff, 0xffff, 0xffff, 0xffff, 0xffff, 0xfec8, 0xffff, 0xffff,
	0xffff, 0xfec9, 0xffff, 0xffff, 0xffff, 0xffff, 0xffff, 0xffff, 0xffff, 0xffff, 0xffff, 0xffff,
	0xffff, 0xffff, 0xffff, 0xffff, 0xffff, 0xffff, 0xffff, 0xfeca, 0xffff, 0xffff, 0xffff, 0xffff,
	0xffff, 0xffff, 0xffff, 0xffff, 0xffff, 0xffff, 0xffff, 0xffff, 0xffff, 0xffff, 0xffff, 0xffff,
	0xffff, 0xffff, 0xffff, 0xffff, 0xfecb, 0xffff, 0xffff, 0xffff, 0xffff, 0xffff, 0xffff, 0xffff,
	0xffff, 0xffff, 0x9fc2, 0xffff, 0xffff, 0x8c6b, 0x98c4, 0xffff, 0x94b0, 0x94b1, 0xffff, 0xffff,
	0xffff, 0xffff, 0xffff, 0xffff, 0xffff, 0xffff, 0xffff, 0xffff, 0xffff, 0xffff, 0xffff, 0xffff,
	0xfed1, 0xffff, 0xffff, 0xffff, 0xffff, 0xffff, 0xa0c1, 0xffff, 0xfed2, 0xffff, 0xffff, 0xffff,
	0xffff, 0xa0cd, 0xffff, 0xffff, 0xffff, 0xffff, 0xffff, 0xffff, 0xffff, 0xffff, 0xffff, 0xffff,
	0xffff, 0xffff, 0xffff, 0xffff, 0xffff, 0xffff, 0xffff, 0xffff, 0xffff, 0xffff, 0xfed3, 0xffff,
	0xffff, 0x98e5, 0xffff, 0xffff, 0xffff, 0xffff, 0xffff, 0xffff, 0xffff, 0xffff, 0xffff, 0xffff,
	0xffff, 0xffff, 0xffff, 0xffff, 0xffff, 0xffff, 0xffff, 0xffff, 0xffff, 0xffff, 0xfed6, 0xffff,
	0xffff, 0xffff, 0xffff, 0xffff, 0xffff, 0xffff, 0xffff, 0xffff, 0xffff, 0xffff, 0xffff, 0xffff,
	0xffff, 0xffff, 0xffff, 0xffff, 0xffff, 0xffff, 0xffff, 0xffff, 0xffff, 0xffff, 0xffff, 0xffff,
	0x91e4, 0xffff, 0xffff, 0xffff, 0xffff, 0x8fc7, 0x94ae, 0xffff, 0x8a4f, 0x94b2, 0xffff, 0xffff,
	0xffff, 0xffff, 0xffff, 0xffff, 0xffff, 0xffff, 0xffff, 0xffff, 0xffff, 0xffff, 0xffff, 0xffff,
	0xffff, 0xffff, 0xffff, 0xffff, 0xffff, 0xffff, 0xffff, 0xffff, 0xffff, 0x8fd4, 0xffff, 0xffff,
	0xffff, 0xffff, 0x98ea, 0xffff, 0xffff, 0xffff, 0xffff, 0xffff, 0xffff, 0xffff, 0xffff, 0xffff,
	0xffff, 0xffff, 0xffff, 0xffff, 0xffff, 0xffff, 0xffff, 0xffff, 0xffff, 0xffff, 0xffff, 0xffff,
	0xffff, 0xfed8, 0xffff, 0xffff, 0xffff, 0xffff, 0xffff, 0xffff, 0xffff, 0xffff, 0xffff, 0x9de0,
	0xffff, 0xffff, 0xffff, 0xffff, 0x98ee, 0xffff, 0xffff, 0xffff, 0xffff, 0x95c4, 0xffff, 0xfce8,
	0xffff, 0xffff, 0xffff, 0xffff, 0xffff, 0x98ef, 0xffff, 0xffff, 0xffff, 0xffff, 0xffff, 0xffff,
	0xffff, 0xffff, 0xffff, 0xffff, 0xffff, 0xffff, 0xffff, 0xffff, 0xffff, 0xffff, 0xffff, 0x8c6e,
	0xffff, 0xffff, 0xffff, 0xffff, 0xffff, 0xffff, 0xffff, 0xffff, 0xfad8, 0xffff, 0xffff, 0xffff,
	0xffff, 0xffff, 0xffff, 0xffff, 0xffff, 0xffff, 0xffff, 0xffff, 0xffff, 0xffff, 0xfedc, 0xffff,
	0xffff, 0xffff, 0xffff, 0xffff, 0xffff, 0xffff, 0xffff, 0xffff, 0xa0ae, 0x9d4c, 0xffff, 0xffff,
	0xffff, 0xffff, 0xffff, 0xffff, 0xffff, 0xffff, 0xffff, 0xffff, 0xffff, 0xffff, 0xffff, 0xffff,
	0xffff, 0x98f1, 0xffff, 0xffff, 0xffff, 0x98f3, 0xffff, 0x94c1, 0xffff, 0xffff, 0xffff, 0xffff,
	0xffff, 0xffff, 0xffff, 0xffff, 0xffff, 0xffff, 0xffff, 0xffff, 0xffff, 0xffff, 0xffff, 0xffff,
	0xffff, 0xffff, 0xffff, 0xffff, 0xffff, 0xffff, 0xffff, 0xffff, 0xffff, 0xffff, 0x98f5, 0xffff,
	0xffff, 0xfa4f, 0x96e2, 0xffff, 0xffff, 0xffff, 0xffff, 0x9450, 0xffff, 0x96a2, 0xffff, 0xffff,
	0x98f6, 0xffff, 0xffff, 0xffff, 0x96e5, 0xffff, 0xffff, 0xffff, 0xffff, 0xffff, 0x98f7, 0xffff,
	0xa046, 0x96e3, 0xffff, 0xffff, 0xffff, 0xffff, 0xffff, 0xffff, 0xffff, 0xffff, 0xffff, 0xffff,
	0xffff, 0xffff, 0xffff, 0xffff, 0xffff, 0xffff, 0xffff, 0x98f8, 0xffff, 0xffff, 0xffff, 0xffff,
	0xffff, 0xffff, 0xffff, 0xffff, 0xffff, 0xffff, 0xffff, 0xffff, 0xffff, 0xffff, 0xffff, 0xffff,
	0xffff, 0xffff, 0xffff, 0x9ee4, 0xffff, 0xffff, 0xffff, 0xffff, 0xffff, 0xffff, 0xf9d6, 0xffff,
	0xffff, 0xffff, 0xffff, 0xffff, 0xffff, 0x94c3, 0xffff, 0xffff, 0xffff, 0xffff, 0x94c2, 0xffff,
	0xffff, 0xffff, 0xffff, 0xffff, 0xffff, 0xffff, 0xffff, 0xffff, 0xffff, 0xffff, 0xffff, 0xffff,
	0xffff, 0xffff, 0xffff, 0xffff, 0xffff, 0xffff, 0xffff, 0xffff, 0xffff, 0xffff, 0xffff, 0xffff,
	0xffff, 0xffff, 0xffff, 0xffff, 0xffff, 0xffff, 0xffff, 0xffff, 0xfee1, 0xffff, 0xfee9, 0xffff,
	0xffff, 0xffff, 0xffff, 0x96e4, 0xffff, 0x89ac, 0x96db, 0xffff, 0xffff, 0xffff, 0xffff, 0xffff,
	0xffff, 0xffff, 0xffff, 0xffff, 0xffff, 0xffff, 0xffff, 0xffff, 0xfee2, 0xffff, 0xffff, 0xffff,
	0xffff, 0xffff, 0xffff, 0xffff, 0xffff, 0xffff, 0xffff, 0x94c4, 0xfee3, 0xffff, 0xffff, 0xffff,
	0xfee7, 0x9ffb, 0xffff, 0xffff, 0xffff, 0xffff, 0xffff, 0xffff, 0xffff, 0xffff, 0xffff, 0xffff,
	0xffff, 0x8c59, 0xffff, 0xffff, 0xffff, 0xffff, 0xffff, 0xffff, 0xffff, 0xffff, 0xffff, 0x93c9,
	0xffff, 0x94e8, 0xfb56, 0xffff, 0xffff, 0xffff, 0x90c5, 0xa0a8, 0xffff, 0xffff, 0xffff, 0xffff,
	0xffff, 0xffff, 0xffff, 0xffff, 0xffff, 0xffff, 0xffff, 0xffff, 0xffff, 0xffff, 0xffff, 0xffff,
	0xffff, 0xffff, 0xffff, 0xffff, 0xffff, 0xffff, 0xffff, 0xffff, 0xffff, 0xffff, 0xffff, 0xffff,
	0xffff, 0xffff, 0xffff, 0xffff, 0xffff, 0xffff, 0xffff, 0xffff, 0xffff, 0xffff, 0xffff, 0xfee5,
	0xffff, 0xffff, 0xffff, 0x98fd, 0x98fb, 0xfee8, 0xffff, 0x8ebf, 0xffff, 0xffff, 0xffff, 0xffff,
	0x8bd8, 0xfef7, 0xffff, 0xffff, 0xffff, 0xffff, 0xffff, 0xffff, 0xffff, 0xffff, 0xffff, 0xffff,
	0xffff, 0xffff, 0xffff, 0xffff, 0xffff, 0xffff, 0xffff, 0xffff, 0xffff, 0xffff, 0xffff, 0xffff,
	0xffff, 0xffff, 0xffff, 0xffff, 0xffff, 0x8f68, 0x94c6, 0xffff, 0xffff, 0xffff, 0xffff, 0xffff,
	0xffff, 0xffff, 0xffff, 0x9dea, 0xffff, 0xffff, 0xffff, 0xffff, 0xffff, 0xffff, 0xffff, 0xffff,
	0xffff, 0xffff, 0xffff, 0xffff, 0xffff, 0xffff, 0xfc69, 0xffff, 0xffff, 0xffff, 0xffff, 0xffff,
	0xffff, 0xffff, 0xffff, 0xffff, 0xffff, 0xffff, 0xffff, 0x9cda, 0xffff, 0xfef3, 0xffff, 0xffff,
	0x9c72, 0xffff, 0xffff, 0xfef0, 0x89c9, 0xffff, 0xffff, 0xffff, 0xffff, 0xffff, 0xffff, 0xffff,
	0xffff, 0xffff, 0x9941, 0xffff, 0xffff, 0xffff, 0xffff, 0xffff, 0xffff, 0xffff, 0x9942, 0xffff,
	0xffff, 0xffff, 0xfef5, 0xffff, 0x91d7, 0xffff, 0xffff, 0xffff, 0xffff, 0xffff, 0x94cc, 0xffff,
	0xffff, 0xffff, 0xfef8, 0xffff, 0xffff, 0xffff, 0xffff, 0xffff, 0xffff, 0xffff, 0xffff, 0xffff,
	0xffff, 0xffff, 0xffff, 0xffff, 0xffff, 0xffff, 0xffff, 0xffff, 0xffff, 0xffff, 0xffff, 0xffff,
	0xffff, 0xffff, 0xffff, 0xffff, 0xffff, 0x97a8, 0xffff, 0xfefc, 0xffff, 0xffff, 0xffff, 0x8cde,
	0xffff, 0xfdbf, 0xffff, 0xffff, 0xffff, 0xffff, 0xffff, 0xffff, 0xffff, 0xfefe, 0xffff, 0xffff,
	0xffff, 0xffff, 0xffff, 0xffff, 0xffff, 0xffff, 0xffff, 0xffff, 0xffff, 0xffff, 0xffff, 0x96d1,
	0xffff, 0xffff, 0xffff, 0xffff, 0xffff, 0xffff, 0xffff, 0xffff, 0xffff, 0xffff, 0xffff, 0xffff,
	0xffff, 0xffff, 0x94d5, 0xffff, 0xffff, 0x94d0, 0x9944, 0xffff, 0xffff, 0xffff, 0xffff, 0xffff,
	0xffff, 0xffff, 0xffff, 0xffff, 0xffff, 0xffff, 0xffff, 0xffff, 0xffff, 0xffff, 0xffff, 0xffff,
	0xffff, 0xffff, 0xffff, 0xffff, 0xffff, 0xffff, 0xffff, 0xffff, 0xffff, 0xffff, 0xffff, 0xffff,
	0xffff, 0xffff, 0xffff, 0xffff, 0xffff, 0xffff, 0x8c63, 0xffff, 0xffff, 0xa0b3, 0xffff, 0xffff,
	0xffff, 0xffff, 0xffff, 0xffff, 0xffff, 0xffff, 0xffff, 0xffff, 0xffff, 0xffff, 0x94cf, 0xffff,
	0xffff, 0xffff, 0x9ffa, 0xffff, 0xffff, 0xffff, 0xffff, 0x91e5, 0xffff, 0x9c6a, 0xffff, 0xffff,
	0xffff, 0x8e49, 0xffff, 0xffff, 0xffff, 0xffff, 0xffff, 0xffff, 0xffff, 0xffff, 0xffff, 0xffff,
	0xffff, 0xffff, 0xffff, 0xffff, 0xffff, 0xffff, 0xffff, 0xffff, 0xffff, 0xffff, 0xffff, 0xffff,
	0xffff, 0xffff, 0xffff, 0xffff, 0xffff, 0x8e4c, 0xffff, 0xffff, 0xffff, 0xffff, 0xffff, 0xffff,
	0xffff, 0xffff, 0xffff, 0xffff, 0xffff, 0xffff, 0xffff, 0xffff, 0xffff, 0xffff, 0xffff, 0xffff,
	0xffff, 0xffff, 0xffff, 0xffff, 0xffff, 0x8e4d, 0xffff, 0xffff, 0xffff, 0xffff, 0xffff, 0x9a73,
	0xffff, 0xffff, 0xffff, 0xffff, 0xffff, 0xffff, 0xffff, 0xffff, 0xffff, 0xffff, 0xffff, 0xffff,
	0xffff, 0x9947, 0xffff, 0x8cb1, 0xffff, 0xffff, 0xffff, 0xffff, 0xffff, 0xffff, 0xffff, 0xffff,
	0xffff, 0xffff, 0xffff, 0xffff, 0xffff, 0xffff, 0xffff, 0xffff, 0xffff, 0xffff, 0xffff, 0xffff,
	0xffff, 0xffff, 0xffff, 0xffff, 0xffff, 0xffff, 0xffff, 0xffff, 0x8e50, 0xffff, 0xffff, 0xffff,
	0xffff, 0xffff, 0xffff, 0xffff, 0xffff, 0xffff, 0xffff, 0x8e4f, 0x9949, 0xffff, 0xffff, 0xffff,
	0xffff, 0xffff, 0x8e51, 0x8e52, 0xffff, 0xffff, 0xffff, 0xffff, 0x9ab2, 0x89a5, 0xffff, 0xffff,
	0xffff, 0xffff, 0xffff, 0x994c, 0xffff, 0xffff, 0xffff, 0x9ff8, 0xffff, 0xffff, 0xffff, 0xffff,
	0xffff, 0xffff, 0x8e56, 0x994d, 0x91ca, 0x8e57, 0xffff, 0xffff, 0xffff, 0xffff, 0x94e1, 0xffff,
	0xffff, 0xffff, 0xffff, 0x9047, 0xffff, 0x8fd8, 0x8e58, 0xffff, 0xffff, 0xffff, 0xffff, 0xffff,
	0xffff, 0xffff, 0xffff, 0xffff, 0xffff, 0xffff, 0xffff, 0xffff, 0xffff, 0xffff, 0xffff, 0xffff,
	0xffff, 0xffff, 0x94eb, 0x8e5c, 0x9553, 0xffff, 0xffff, 0xffff, 0xffff, 0xffff, 0xffff, 0xffff,
	0x9fe5, 0xffff, 0xffff, 0xffff, 0xffff, 0xffff, 0xffff, 0xffff, 0xffff, 0xffff, 0xffff, 0x9f56,
	0xffff, 0xffff, 0xffff, 0xffff, 0xffff, 0xffff, 0xffff, 0x954f, 0xffff, 0x8e5e, 0xffff, 0xffff,
	0xffff, 0xffff, 0xffff, 0xffff, 0xffff, 0xffff, 0xffff, 0xffff, 0xffff, 0xffff, 0xffff, 0xffff,
	0xffff, 0x996a, 0xffff, 0xffff, 0xffff, 0xffff, 0xffff, 0xffff, 0xffff, 0xffff, 0x9c64, 0x9cd9,
	0xffff, 0xffff, 0xffff, 0xffff, 0xffff, 0xffff, 0xffff, 0xffff, 0xffff, 0xffff, 0xffff, 0xffff,
	0xffff, 0xffff, 0xffff, 0xffff, 0xffff, 0x8e5d, 0xffff, 0xffff, 0xffff, 0xffff, 0xffff, 0xffff,
	0xffff, 0xffff, 0xffff, 0xffff, 0xffff, 0xffff, 0x9950, 0xffff, 0xffff, 0xffff, 0xffff, 0xffff,
	0xffff, 0xffff, 0xffff, 0xffff, 0x9951, 0xffff, 0xffff, 0x8e62, 0xffff, 0xffff, 0xffff, 0xffff,
	0xffff, 0xffff, 0xffff, 0xffff, 0xffff, 0xffff, 0xffff, 0x9952, 0xffff, 0xffff, 0xffff, 0xffff,
	0xffff, 0xffff, 0xffff, 0xffff, 0xffff, 0xffff, 0xffff, 0xffff, 0xffff, 0xffff, 0xffff, 0xffff,
	0xffff, 0xffff, 0xffff, 0xffff, 0xffff, 0xffff, 0x8e68, 0xffff, 0xffff, 0xffff, 0xffff, 0xffff,
	0xffff, 0xffff, 0xffff, 0xffff, 0xffff, 0xffff, 0xffff, 0xffff, 0xffff, 0xffff, 0x8e61, 0x9f59,
	0xffff, 0xffff, 0xffff, 0xffff, 0xffff, 0xffff, 0xffff, 0xffff, 0xffff, 0xffff, 0xffff, 0xffff,
	0xffff, 0xffff, 0x8bb3, 0xffff, 0xffff, 0xffff, 0xffff, 0xffff, 0xffff, 0xffff, 0xffff, 0xffff,
	0xffff, 0xffff, 0xffff, 0xffff, 0xffff, 0xffff, 0xffff, 0xffff, 0xffff, 0xffff, 0xffff, 0xffff,
	0xffff, 0xffff, 0xffff, 0xffff, 0xffff, 0xffff, 0xffff, 0x9f5d, 0x8e66, 0xffff, 0xffff, 0xffff,
	0xffff, 0xffff, 0xffff, 0xffff, 0xffff, 0xffff, 0xffff, 0xffff, 0xffff, 0xffff, 0xffff, 0xffff,
	0xffff, 0xffff, 0xffff, 0xffff, 0xffff, 0xffff, 0xffff, 0xffff, 0xffff, 0xffff, 0xffff, 0xffff,
	0x8cb2, 0xffff, 0xffff, 0xffff, 0xffff, 0xffff, 0xffff, 0xffff, 0xffff, 0xffff, 0xffff, 0xffff,
	0xffff, 0xffff, 0x8e6e, 0xffff, 0x9f64, 0x9953, 0xffff, 0xffff, 0xfab8, 0xffff, 0xffff, 0xffff,
	0xffff, 0xffff, 0x9954, 0xffff, 0xffff, 0xffff, 0xffff, 0xffff, 0xffff, 0xffff, 0xffff, 0xffff,
	0xffff, 0xffff, 0xffff, 0xffff, 0xffff, 0xffff, 0xffff, 0xffff, 0xffff, 0xffff, 0xffff, 0xffff,
	0xffff, 0xffff, 0xffff, 0xffff, 0x8e70, 0xffff, 0xffff, 0xffff, 0xffff, 0xffff, 0xffff, 0xffff,
	0xffff, 0xffff, 0xffff, 0xffff, 0xffff, 0x9f61, 0xffff, 0x8e72, 0xffff, 0xffff, 0xffff, 0xffff,
	0xffff, 0xffff, 0xffff, 0xffff, 0xffff, 0xffff, 0xffff, 0xffff, 0xa06b, 0xffff, 0xffff, 0xffff,
	0xffff, 0x9f40, 0xffff, 0xffff, 0xffff, 0xffff, 0xffff, 0xffff, 0x94ed, 0xffff, 0xffff, 0xffff,
	0xffff, 0xffff, 0xffff, 0xffff, 0xffff, 0xffff, 0xffff, 0xffff, 0xffff, 0xffff, 0xffff, 0xffff,
	0x94ee, 0xffff, 0xffff, 0x9fbd, 0xffff, 0xffff, 0xffff, 0x8e7b, 0xffff, 0xffff, 0xffff, 0xffff,
	0xffff, 0xffff, 0x9957, 0x94f7, 0xffff, 0x9f5f, 0xffff, 0xffff, 0xffff, 0xffff, 0x8e73, 0xffff,
	0xffff, 0x9f62, 0xffff, 0xffff, 0xffff, 0xffff, 0xffff, 0xffff, 0xffff, 0x94f6, 0xffff, 0xffff,
	0xffff, 0xffff, 0xffff, 0xffff, 0xffff, 0xffff, 0xffff, 0xffff, 0xffff, 0xffff, 0xffff, 0x9958,
	0xffff, 0xffff, 0xffff, 0xffff, 0xffff, 0xffff, 0xffff, 0xffff, 0xffff, 0x8e75, 0xf9db, 0xffff,
	0xffff, 0xffff, 0xffff, 0x9072, 0xffff, 0x94f8, 0xffff, 0xffff, 0xffff, 0xffff, 0xffff, 0xffff,
	0xffff, 0xffff, 0xffff, 0x995a, 0xffff, 0xffff, 0xffff, 0xffff, 0xffff, 0xffff, 0xffff, 0xffff,
	0xffff, 0xa0b0, 0x8cb3, 0xffff, 0xffff, 0xffff, 0x8e79, 0xffff, 0x8e78, 0xffff, 0xffff, 0xffff,
	0x94f3, 0xffff, 0xffff, 0xffff, 0xffff, 0xffff, 0x98af, 0xffff, 0xffff, 0xffff, 0xffff, 0xffff,
	0xffff, 0xa0b2, 0xffff, 0xffff, 0xffff, 0xffff, 0xffff, 0xffff, 0xffff, 0xffff, 0xffff, 0xffff,
	0xffff, 0x8e7a, 0xffff, 0xffff, 0xffff, 0xffff, 0xffff, 0xffff, 0x995c, 0xffff, 0xffff, 0xffff,
	0xffff, 0xffff, 0x8e7c, 0xffff, 0x8e7d, 0xffff, 0xffff, 0xffff, 0x8bd9, 0xffff, 0xffff, 0x89a2,
	0x9ed7, 0xffff, 0xffff, 0xffff, 0xffff, 0xffff, 0xffff, 0xffff, 0xffff, 0xffff, 0xffff, 0xffff,
	0xffff, 0xffff, 0xffff, 0xffff, 0xffff, 0xffff, 0xffff, 0xffff, 0xffff, 0xffff, 0xffff, 0xffff,
	0xffff, 0xffff, 0xffff, 0xffff, 0xffff, 0xffff, 0xffff, 0xffff, 0xffff, 0xffff, 0xffff, 0xffff,
	0xffff, 0xffff, 0xffff, 0xffff, 0xa0b6, 0xffff, 0xffff, 0xffff, 0xffff, 0xffff, 0xffff, 0xffff,
	0xffff, 0xffff, 0xffff, 0xffff, 0xffff, 0x9e42, 0xffff, 0xffff, 0x8ea4, 0xffff, 0xffff, 0xffff,
	0xffff, 0xffff, 0xffff, 0xffff, 0xffff, 0xffff, 0xffff, 0xffff, 0xffff, 0xffff, 0xffff, 0xffff,
	0xffff, 0xffff, 0xffff, 0xffff, 0xffff, 0xffff, 0xffff, 0xffff, 0xffff, 0xffff, 0xffff, 0xffff,
	0xffff, 0xffff, 0xffff, 0xffff, 0xffff, 0xffff, 0xffff, 0xffff, 0xffff, 0xffff, 0xffff, 0xffff,
	0xffff, 0xffff, 0xffff, 0xffff, 0x8ea7, 0xffff, 0x8c76, 0xffff, 0xffff, 0xffff, 0xffff, 0xffff,
	0xffff, 0xffff, 0xffff, 0xffff, 0x8767, 0xffff, 0x9542, 0xffff, 0xffff, 0xffff, 0xffff, 0xffff,
	0xffff, 0xffff, 0xffff, 0xffff, 0xffff, 0xffff, 0xffff, 0x987d, 0xffff, 0xffff, 0xffff, 0x9755,
	0xffff, 0xffff, 0x8ea8, 0xffff, 0xffff, 0xffff, 0xffff, 0xffff, 0xffff, 0xffff, 0x8eaa, 0xffff,
	0xffff, 0xffff, 0xffff, 0xffff, 0xffff, 0xffff, 0xffff, 0xffff, 0xffff, 0xffff, 0xffff, 0xffff,
	0xffff, 0xffff, 0xffff, 0xffff, 0xffff, 0xffff, 0xffff, 0xffff, 0xffff, 0xffff, 0xffff, 0xffff,
	0x89a3, 0xffff, 0x9960, 0x9962, 0xffff, 0xffff, 0x94fc, 0x9961, 0xffff, 0xffff, 0xffff, 0xffff,
	0xffff, 0xffff, 0xffff, 0x94fa, 0xffff, 0xffff, 0xffff, 0xffff, 0xffff, 0xffff, 0xffff, 0x8eae,
	0x8eb2, 0xffff, 0xffff, 0xffff, 0xffff, 0xffff, 0xffff, 0xffff, 0xffff, 0xffff, 0xffff, 0xffff,
	0xffff, 0xffff, 0xffff, 0xffff, 0x8eb0, 0xffff, 0xffff, 0xffff, 0xffff, 0xffff, 0xffff, 0xffff,
	0x9963, 0x97aa, 0x94fb, 0xffff, 0xffff, 0xffff, 0xffff, 0xffff, 0xffff, 0xffff, 0xffff, 0xffff,
	0xffff, 0xffff, 0xffff, 0xffff, 0xffff, 0xffff, 0xffff, 0xffff, 0xffff, 0xffff, 0xffff, 0xffff,
	0xffff, 0xffff, 0xffff, 0xffff, 0xffff, 0xffff, 0xffff, 0xffff, 0xffff, 0xffff, 0x8ebb, 0xffff,
	0xffff, 0xffff, 0xffff, 0xffff, 0xffff, 0xffff, 0xffff, 0xffff, 0xffff, 0xffff, 0xffff, 0xffff,
	0xffff, 0xffff, 0xffff, 0xffff, 0xffff, 0xffff, 0xffff, 0xffff, 0xffff, 0xffff, 0xffff, 0xffff,
	0xffff, 0xffff, 0xffff, 0xffff, 0xffff, 0xffff, 0xffff, 0xffff, 0xffff, 0xffff, 0xffff, 0xffff,
	0xffff, 0xffff, 0xffff, 0xffff, 0xffff, 0xffff, 0xffff, 0xffff, 0xffff, 0xffff, 0xffff, 0xffff,
	0xffff, 0xffff, 0x8cdc, 0xffff, 0xffff, 0xffff, 0xffff, 0xffff, 0xffff, 0xffff, 0xffff, 0xffff,
	0x9876, 0xffff, 0x8ea1, 0xffff, 0xffff, 0xffff, 0xffff, 0x8cb4, 0xffff, 0x8eb7, 0xffff, 0xffff,
	0xffff, 0xffff, 0xffff, 0xffff, 0xffff, 0xffff, 0xffff, 0xffff, 0xffff, 0xffff, 0xffff, 0xffff,
	0xffff, 0xffff, 0x9da6, 0xffff, 0xffff, 0xffff, 0xffff, 0xffff, 0xffff, 0xffff, 0xffff, 0xffff,
	0xffff, 0xffff, 0xffff, 0xffff, 0xffff, 0x9eb0, 0xffff, 0xffff, 0xffff, 0x8eb8, 0xffff, 0xffff,
	0xffff, 0xffff, 0xffff, 0xffff, 0xffff, 0xffff, 0xffff, 0xffff, 0xffff, 0xffff, 0x9d70, 0xffff,
	0xffff, 0xffff, 0xffff, 0x896e, 0xffff, 0xffff, 0xffff, 0xffff, 0xffff, 0xffff, 0xffff, 0x896f,
	0xffff, 0xffff, 0xffff, 0xffff, 0xffff, 0xffff, 0xffff, 0xffff, 0xffff, 0xffff, 0xffff, 0xffff,
	0xffff, 0x8970, 0xffff, 0xffff, 0xffff, 0xffff, 0xffff, 0xffff, 0xffff, 0xffff, 0xffff, 0xffff,
	0xffff, 0xffff, 0x8971, 0xffff, 0xffff, 0xffff, 0xffff, 0xffff, 0xffff, 0xffff, 0x8972, 0xffff,
	0xffff, 0xffff, 0xffff, 0xffff, 0xffff, 0xffff, 0xffff, 0xffff, 0xffff, 0xffff, 0xffff, 0xffff,
	0xffff, 0xffff, 0x8973, 0x8974, 0xffff, 0xffff, 0xffff, 0xffff, 0xffff, 0xffff, 0xffff, 0xffff,
	0xffff, 0xffff, 0xffff, 0xffff, 0xffff, 0xffff, 0xffff, 0xffff, 0xffff, 0xffff, 0xffff, 0xffff,
	0xffff, 0xffff, 0xffff, 0xffff, 0xffff, 0xffff, 0xffff, 0xffff, 0xffff, 0xffff, 0xffff, 0xffff,
	0xffff, 0xffff, 0xffff, 0xffff, 0xffff, 0xffff, 0xffff, 0xffff, 0xffff, 0xffff, 0xffff, 0xffff,
	0xffff, 0xffff, 0xffff, 0xffff, 0x8975, 0xffff, 0xffff, 0xffff, 0xffff, 0xffff, 0xffff, 0xffff,
	0xffff, 0x8ebc, 0x8ebd, 0xffff, 0xffff, 0xffff, 0xffff, 0xffff, 0x8ebe, 0xffff, 0x9dd1, 0xffff,
	0xffff, 0xffff, 0xffff, 0x94fd, 0xffff, 0xffff, 0xffff, 0x8bd7, 0x8bda, 0xffff, 0xffff, 0xffff,
	0xffff, 0xffff, 0xffff, 0xffff, 0xffff, 0xffff, 0xffff, 0xffff, 0xffff, 0xffff, 0xffff, 0xffff,
	0xffff, 0xffff, 0xffff, 0xffff, 0xffff, 0xffff, 0xffff, 0xffff, 0xffff, 0xffff, 0xffff, 0xffff,
	0xffff, 0xffff, 0xa0e2, 0xffff, 0xffff, 0xffff, 0xffff, 0xffff, 0xffff, 0x9fe9, 0xffff, 0xffff,
	0xffff, 0xffff, 0xffff, 0xffff, 0xffff, 0xffff, 0xffff, 0xffff, 0xffff, 0xffff, 0xffff, 0xffff,
	0xffff, 0xffff, 0xffff, 0xffff, 0xffff, 0xffff, 0xffff, 0xffff, 0xfda8, 0xffff, 0xffff, 0xffff,
	0x8ae7, 0xffff, 0xffff, 0xffff, 0x8ec2, 0xffff, 0xffff, 0xffff, 0xffff, 0xffff, 0xffff, 0xffff,
	0xffff, 0xffff, 0xffff, 0xffff, 0x8ec4, 0xffff, 0xffff, 0xffff, 0xffff, 0xffff, 0xffff, 0xffff,
	0xffff, 0xffff, 0xffff, 0x9964, 0xffff, 0xffff, 0xffff, 0xffff, 0xffff, 0x9965, 0xffff, 0xffff,
	0xffff, 0xffff, 0xffff, 0xffff, 0xffff, 0xffff, 0xffff, 0xffff, 0xffff, 0xffff, 0xffff, 0xffff,
	0xffff, 0xffff, 0xffff, 0xffff, 0xffff, 0xffff, 0xffff, 0xffff, 0xffff, 0xffff, 0xffff, 0xffff,
	0xffff, 0xffff, 0xffff, 0xffff, 0xffff, 0xffff, 0xffff, 0xffff, 0xffff, 0xffff, 0xffff, 0xffff,
	0xffff, 0xffff, 0x954e, 0xffff, 0xffff, 0xffff, 0xffff, 0xffff, 0xffff, 0xffff, 0xffff, 0xffff,
	0x98b3, 0xffff, 0xffff, 0xffff, 0xffff, 0xffff, 0xffff, 0xffff, 0xffff, 0xffff, 0xffff, 0xffff,
	0xffff, 0xffff, 0xffff, 0xffff, 0xffff, 0xffff, 0xffff, 0x8ecb, 0x8bdf, 0xffff, 0xffff, 0xffff,
	0xffff, 0xffff, 0x8ece, 0xffff, 0xffff, 0xffff, 0xffff, 0xffff, 0xffff, 0xffff, 0xffff, 0xffff,
	0xffff, 0xffff, 0xffff, 0xffff, 0xffff, 0xffff, 0xffff, 0xffff, 0xffff, 0xffff, 0xffff, 0x8ecf,
	0xffff, 0xffff, 0x9968, 0xffff, 0xffff, 0xffff, 0xffff, 0x9969, 0xffff, 0xffff, 0xffff, 0xffff,
	0xffff, 0xffff, 0xffff, 0xffff, 0x996b, 0x8ed1, 0xffff, 0x996c, 0xffff, 0xffff, 0xffff, 0xffff,
	0xffff, 0xffff, 0xffff, 0xffff, 0xffff, 0x8ed4, 0x8ed5, 0xffff, 0xffff, 0xffff, 0xffff, 0xffff,
	0xffff, 0xffff, 0xffff, 0xffff, 0xffff, 0xffff, 0xffff, 0xffff, 0xffff, 0xffff, 0xffff, 0xffff,
	0xffff, 0xffff, 0xffff, 0xffff, 0xffff, 0xffff, 0x996d, 0xffff, 0xffff, 0xffff, 0xffff, 0xffff,
	0xffff, 0xa0be, 0xffff, 0xffff, 0xffff, 0xffff, 0xffff, 0x8ed6, 0xa0bc, 0xa0b5, 0xffff, 0xffff,
	0xa0b4, 0xffff, 0xffff, 0xffff, 0xffff, 0xffff, 0xffff, 0xffff, 0xffff, 0xffff, 0xffff, 0xffff,
	0xffff, 0xffff, 0xffff, 0xffff, 0xffff, 0xffff, 0xffff, 0xffff, 0xffff, 0xffff, 0xffff, 0xffff,
	0xffff, 0xffff, 0x8be0, 0xffff, 0xffff, 0xffff, 0xffff, 0xffff, 0xffff, 0xffff, 0xffff, 0xffff,
	0xffff, 0xffff, 0xffff, 0xffff, 0xffff, 0xffff, 0xffff, 0xffff, 0xffff, 0xffff, 0xffff, 0xffff,
	0xffff, 0xffff, 0xffff, 0xffff, 0xffff, 0xffff, 0xffff, 0xffff, 0xffff, 0x89b5, 0xffff, 0xffff,
	0xffff, 0xffff, 0xffff, 0xffff, 0xffff, 0x8edd, 0xffff, 0xffff, 0xffff, 0xffff, 0xffff, 0xffff,
	0xffff, 0xffff, 0xffff, 0xffff, 0xffff, 0xffff, 0xffff, 0xffff, 0x9e5d, 0x9971, 0xffff, 0xffff,
	0xffff, 0xffff, 0x89ae, 0x9de8, 0xffff, 0xffff, 0xffff, 0xffff, 0xffff, 0xffff, 0xffff, 0xffff,
	0x9565, 0xffff, 0xffff, 0xffff, 0xffff, 0xffff, 0xffff, 0xffff, 0xffff, 0xffff, 0xffff, 0xffff,
	0xffff, 0xffff, 0xffff, 0xffff, 0xffff, 0xffff, 0xffff, 0xffff, 0xffff, 0xffff, 0xffff, 0xffff,
	0xffff, 0xffff, 0xffff, 0xffff, 0xffff, 0xffff, 0xffff, 0xffff, 0xffff, 0xffff, 0xffff, 0x9972,
	0xffff, 0xffff, 0x8b5c, 0xffff, 0xffff, 0xffff, 0xffff, 0xffff, 0xffff, 0xffff, 0xffff, 0xffff,
	0x89b1, 0xa0c0, 0xffff, 0xffff, 0xffff, 0x8edf, 0xffff, 0x9566, 0xffff, 0xffff, 0x9974, 0xffff,
	0x9976, 0xffff, 0xffff, 0xffff, 0x9977, 0xffff, 0x9979, 0xffff, 0xffff, 0x9dda, 0xffff, 0xffff,
	0x8ee0, 0xffff, 0xffff, 0xffff, 0xffff, 0xffff, 0xffff, 0xffff, 0xffff, 0xffff, 0xffff, 0xffff,
	0xffff, 0xffff, 0xffff, 0xffff, 0x935c, 0xffff, 0xffff, 0xffff, 0xffff, 0xffff, 0xffff, 0xffff,
	0x9de6, 0xffff, 0x8b5f, 0xffff, 0xffff, 0x9563, 0xffff, 0xffff, 0xffff, 0xffff, 0xffff, 0xffff,
	0xffff, 0xffff, 0xffff, 0xffff, 0x9567, 0xffff, 0xffff, 0xffff, 0xffff, 0xffff, 0x9de3, 0xffff,
	0xffff, 0xffff, 0xffff, 0xffff, 0xffff, 0xffff, 0xffff, 0xffff, 0xffff, 0xffff, 0xffff, 0xffff,
	0x997c, 0xffff, 0xffff, 0x997d, 0x997e, 0xffff, 0xffff, 0xffff, 0xffff, 0xffff, 0xffff, 0xffff,
	0xffff, 0xffff, 0xffff, 0xffff, 0xffff, 0xffff, 0xffff, 0xffff, 0xffff, 0xffff, 0x8cfb, 0x8b5b,
	0xffff, 0xffff, 0xffff, 0xffff, 0xffff, 0xffff, 0xffff, 0xffff, 0xffff, 0xffff, 0xffff, 0xffff,
	0xffff, 0xffff, 0x99a3, 0xffff, 0xffff, 0xffff, 0xffff, 0xffff, 0xffff, 0xffff, 0x99a4, 0xffff,
	0xffff, 0xffff, 0xffff, 0xffff, 0xffff, 0xffff, 0xffff, 0xffff, 0xffff, 0xffff, 0xffff, 0xffff,
	0xffff, 0x99a6, 0xffff, 0xffff, 0xffff, 0xffff, 0xffff, 0xffff, 0xffff, 0xffff, 0xffff, 0xffff,
	0xffff, 0xffff, 0xffff, 0xffff, 0xffff, 0xffff, 0xffff, 0x99a8, 0xffff, 0xffff, 0xffff, 0xffff,
	0x8abe, 0xffff, 0xffff, 0xffff, 0xffff, 0xffff, 0xffff, 0xffff, 0xffff, 0xffff, 0xffff, 0xffff,
	0x9e61, 0xffff, 0xffff, 0xffff, 0xffff, 0xffff, 0xffff, 0xffff, 0xffff, 0xffff, 0xffff, 0x99aa,
	0xffff, 0xffff, 0xffff, 0xffff, 0xffff, 0xffff, 0xa0c8, 0xffff, 0xffff, 0xffff, 0xffff, 0xffff,
	0xffff, 0xffff, 0xffff, 0xffff, 0xffff, 0xffff, 0xffff, 0xffff, 0xffff, 0xffff, 0xffff, 0xffff,
	0xffff, 0xffff, 0xffff, 0xffff, 0xffff, 0xffff, 0xffff, 0xffff, 0xffff, 0xffff, 0x99ab, 0xffff,
	0xffff, 0xffff, 0xffff, 0xffff, 0xffff, 0xffff, 0xffff, 0xffff, 0xffff, 0xfec4, 0xffff, 0xffff,
	0xffff, 0xffff, 0xffff, 0xffff, 0x98c2, 0x8ee8, 0xffff, 0xa0ba, 0xffff, 0xffff, 0xffff, 0xffff,
	0xffff, 0xffff, 0xffff, 0xffff, 0xffff, 0xffff, 0xffff, 0xfd77, 0xffff, 0xffff, 0x8eee, 0xffff,
	0xffff, 0xffff, 0x9ebf, 0xffff, 0xffff, 0xffff, 0xffff, 0xffff, 0xffff, 0xffff, 0xffff, 0xffff,
	0xffff, 0xffff, 0xffff, 0xffff, 0xffff, 0xffff, 0xffff, 0x89c2, 0xffff, 0xffff, 0xffff, 0xffff,
	0xffff, 0xffff, 0xffff, 0xffff, 0xffff, 0xffff, 0xffff, 0xffff, 0xffff, 0xffff, 0xffff, 0xffff,
	0xffff, 0xffff, 0xffff, 0xffff, 0xffff, 0x99ac, 0xffff, 0xffff, 0xffff, 0xffff, 0xffff, 0xffff,
	0xffff, 0xffff, 0xffff, 0xffff, 0xffff, 0xffff, 0xffff, 0x956b, 0xffff, 0xffff, 0x956c, 0xffff,
	0xffff, 0xffff, 0xffff, 0xffff, 0xffff, 0xffff, 0xffff, 0xffff, 0xffff, 0xffff, 0xffff, 0xffff,
	0xffff, 0xffff, 0xffff, 0x99af, 0xffff, 0xffff, 0x994a, 0x8976, 0x8f48, 0xffff, 0xffff, 0xffff,
	0xffff, 0xffff, 0xffff, 0xffff, 0xffff, 0xffff, 0xffff, 0xffff, 0xfbee, 0xffff, 0xffff, 0xffff,
	0xffff, 0xffff, 0xffff, 0xffff, 0xffff, 0xffff, 0xffff, 0xffff, 0xffff, 0xffff, 0xffff, 0xffff,
	0xffff, 0xffff, 0xffff, 0xffff, 0xffff, 0xffff, 0xffff, 0xffff, 0xffff, 0xffff, 0xffff, 0xffff,
	0xffff, 0xffff, 0xffff, 0x99ae, 0xffff, 0xffff, 0xffff, 0x8efb, 0xffff, 0xffff, 0xffff, 0xffff,
	0xffff, 0xffff, 0xffff, 0xffff, 0xffff, 0xffff, 0xffff, 0xffff, 0xffff, 0xffff, 0xffff, 0xffff,
	0xffff, 0xffff, 0xffff, 0xffff, 0x8cd0, 0xffff, 0xffff, 0xffff, 0xffff, 0x8b52, 0xffff, 0xffff,
	0xffff, 0xffff, 0xffff, 0x99b0, 0xffff, 0xffff, 0xffff, 0xffff, 0x8977, 0x8f41, 0xffff, 0xffff,
	0xffff, 0xffff, 0xffff, 0xffff, 0xffff, 0x99b1, 0xffff, 0xffff, 0xffff, 0xffff, 0xffff, 0xffff,
	0xffff, 0xffff, 0xffff, 0x8f49, 0xffff, 0xffff, 0xffff, 0xffff, 0xffff, 0xffff, 0xffff, 0xffff,
	0xffff, 0xffff, 0xffff, 0xfa4d, 0xffff, 0xffff, 0xffff, 0xffff, 0xffff, 0xffff, 0xffff, 0xffff,
	0x9de4, 0x8cb5, 0xffff, 0xffff, 0xffff, 0xfbe9, 0x9b54, 0xffff, 0x99b2, 0x9e68, 0xffff, 0xffff,
	0xffff, 0xffff, 0xffff, 0xffff, 0xffff, 0xffff, 0xffff, 0xffff, 0xffff, 0xffff, 0x8f4a, 0xffff,
	0x8f42, 0xffff, 0xffff, 0x8f51, 0xffff, 0xffff, 0xffff, 0xffff, 0xffff, 0xffff, 0xffff, 0xffff,
	0xffff, 0xffff, 0xffff, 0xffff, 0xffff, 0xffff, 0xffff, 0xffff, 0xffff, 0xffff, 0xffff, 0xffff,
	0xffff, 0xffff, 0xffff, 0xffff, 0xffff, 0xffff, 0xffff, 0xffff, 0xffff, 0xffff, 0xffff, 0x9846,
	0xffff, 0xffff, 0xffff, 0xffff, 0xffff, 0xffff, 0xffff, 0xffff, 0xffff, 0xffff, 0xffff, 0xffff,
	0xffff, 0xffff, 0xffff, 0xffff, 0xffff, 0xffff, 0xffff, 0xffff, 0xffff, 0xffff, 0xffff, 0xffff,
	0xffff, 0x99b4, 0xffff, 0xffff, 0xffff, 0xffff, 0xffff, 0xffff, 0xffff, 0xffff, 0xffff, 0xffff,
	0x8ef5, 0xfd55, 0xffff, 0xffff, 0x9ccd, 0xffff, 0xffff, 0xffff, 0xffff, 0xffff, 0xffff, 0xffff,
	0xffff, 0x8978, 0xffff, 0xffff, 0xffff, 0xffff, 0xffff, 0xffff, 0xffff, 0xffff, 0xffff, 0xffff,
	0xffff, 0xffff, 0xffff, 0xffff, 0xffff, 0xffff, 0xffff, 0xffff, 0xffff, 0xffff, 0xffff, 0x8f53,
	0xffff, 0xffff, 0xffff, 0xffff, 0xffff, 0xffff, 0xffff, 0xffff, 0xffff, 0xffff, 0xffff, 0x8f6f,
	0xffff, 0xffff, 0xffff, 0xffff, 0xffff, 0xffff, 0xffff, 0xffff, 0xffff, 0xffff, 0x8e63, 0xffff,
	0xffff, 0xffff, 0xffff, 0xffff, 0xffff, 0xffff, 0xffff, 0xffff, 0xffff, 0xffff, 0xffff, 0xffff,
	0xffff, 0xffff, 0x8f56, 0xffff, 0xffff, 0xffff, 0xffff, 0xffff, 0xffff, 0xffff, 0xffff, 0xffff,
	0xffff, 0xffff, 0xffff, 0xfe76, 0xffff, 0xffff, 0xffff, 0xffff, 0x9fc6, 0xffff, 0xffff, 0xffff,
	0xffff, 0xffff, 0xffff, 0xffff, 0xffff, 0xffff, 0xffff, 0xffff, 0xffff, 0xffff, 0xffff, 0xfaac,
	0xffff, 0xffff, 0xffff, 0xffff, 0xffff, 0x8f58, 0xffff, 0xffff, 0xffff, 0xffff, 0xffff, 0xffff,
	0xffff, 0xffff, 0xffff, 0xffff, 0xffff, 0xffff, 0xffff, 0xffff, 0xffff, 0xffff, 0xffff, 0xffff,
	0xffff, 0xffff, 0xffff, 0xffff, 0xffff, 0xffff, 0xffff, 0x9848, 0x99b7, 0xffff, 0xffff, 0xffff,
	0xffff, 0xffff, 0xffff, 0xffff, 0xffff, 0xffff, 0xffff, 0xffff, 0xffff, 0xffff, 0xffff, 0x9665,
	0xffff, 0xfa6c, 0xffff, 0x9de7, 0xffff, 0xffff, 0xffff, 0x9e62, 0xffff, 0xffff, 0xffff, 0x96cc,
	0x8e67, 0xffff, 0xffff, 0xfc75, 0xffff, 0x987e, 0xffff, 0xffff, 0xffff, 0xffff, 0xffff, 0xffff,
	0xffff, 0xfdb9, 0xffff, 0xffff, 0xffff, 0xffff, 0xffff, 0xffff, 0xffff, 0xffff, 0xffff, 0xffff,
	0xffff, 0xffff, 0xffff, 0xffff, 0xffff, 0x97fc, 0xffff, 0xffff, 0xffff, 0xffff, 0xffff, 0xffff,
	0xffff, 0xffff, 0xffff, 0x98f9, 0xffff, 0x8f66, 0xffff, 0xffff, 0xffff, 0xffff, 0xffff, 0xffff,
	0xffff, 0xffff, 0x956e, 0xffff, 0x9245, 0xffff, 0xffff, 0x8f60, 0xffff, 0xffff, 0xffff, 0x9ed1,
	0xffff, 0xffff, 0xffff, 0xffff, 0xffff, 0xfecd, 0xffff, 0x99b9, 0xffff, 0xffff, 0xffff, 0xffff,
	0xffff, 0xffff, 0xffff, 0xffff, 0xffff, 0xffff, 0xffff, 0xffff, 0x8f62, 0x974c, 0xffff, 0xffff,
	0xffff, 0xffff, 0xffff, 0xffff, 0xffff, 0xffff, 0xffff, 0xffff, 0xffff, 0xffff, 0x91c7, 0x955f,
	0xffff, 0xffff, 0xffff, 0xffff, 0xffff, 0xffff, 0xffff, 0x99bb, 0xffff, 0xffff, 0xffff, 0xffff,
	0xffff, 0xffff, 0xffff, 0xffff, 0xffff, 0x8e6d, 0x8f71, 0xffff, 0xffff, 0x94cb, 0xffff, 0xffff,
	0xffff, 0xffff, 0xffff, 0xffff, 0xffff, 0xffff, 0xffff, 0xffff, 0xffff, 0xffff, 0x95b1, 0xffff,
	0xffff, 0xffff, 0xffff, 0xffff, 0xffff, 0xffff, 0xffff, 0xffff, 0x9af2, 0xffff, 0xffff, 0xffff,
	0xffff, 0xffff, 0xffff, 0xffff, 0xffff, 0xffff, 0xffff, 0xffff, 0xffff, 0xffff, 0xffff, 0xffff,
	0x96c3, 0x99bd, 0xffff, 0xffff, 0xffff, 0xffff, 0xffff, 0xffff, 0xffff, 0xffff, 0xffff, 0xffff,
	0xffff, 0xffff, 0xffff, 0xffff, 0xffff, 0xffff, 0xffff, 0xffff, 0xffff, 0xffff, 0xffff, 0xffff,
	0xffff, 0xffff, 0xffff, 0xffff, 0xffff, 0xa0cf, 0xffff, 0xffff, 0xffff, 0x8f6d, 0xffff, 0xffff,
	0x99be, 0x8ef4, 0xffff, 0x8f72, 0x95e4, 0xffff, 0xffff, 0xffff, 0xffff, 0xffff, 0xffff, 0xffff,
	0xffff, 0xffff, 0xffff, 0xffff, 0xffff, 0xffff, 0xffff, 0xffff, 0xffff, 0xffff, 0xffff, 0x99bf,
	0x9242, 0xffff, 0xfba5, 0xffff, 0xffff, 0xffff, 0xffff, 0xffff, 0xffff, 0xffff, 0xffff, 0xffff,
	0xffff, 0x99c0, 0xffff, 0xffff, 0xffff, 0xffff, 0xffff, 0xffff, 0xffff, 0xffff, 0xffff, 0xffff,
	0xffff, 0xffff, 0xffff, 0xffff, 0xffff, 0xffff, 0xffff, 0xffff, 0xffff, 0xffff, 0xffff, 0xffff,
	0xffff, 0xffff, 0xffff, 0xffff, 0xffff, 0xffff, 0xffff, 0xffff, 0xffff, 0xffff, 0xffff, 0xffff,
	0xfdb4, 0x8f77, 0xffff, 0xffff, 0xffff, 0x99c1, 0xffff, 0xffff, 0xffff, 0xffff, 0xffff, 0xffff,
	0xffff, 0xffff, 0xffff, 0xfab9, 0xffff, 0xffff, 0xffff, 0xffff, 0xffff, 0xffff, 0xffff, 0xffff,
	0x8f40, 0xfa44, 0xffff, 0xffff, 0xffff, 0xffff, 0xffff, 0x99c2, 0xffff, 0xffff, 0xffff, 0xffff,
	0xffff, 0xffff, 0xffff, 0x8f5c, 0xffff, 0xffff, 0xffff, 0xffff, 0x8cbd, 0xffff, 0xffff, 0xffff,
	0xffff, 0xffff, 0xffff, 0xffff, 0xffff, 0xffff, 0xffff, 0xffff, 0xffff, 0xffff, 0xffff, 0xffff,
	0x99c4, 0x99c5, 0xffff, 0xffff, 0x8f7b, 0xffff, 0xffff, 0xffff, 0xffff, 0xffff, 0xffff, 0xffff,
	0xffff, 0xffff, 0xffff, 0xffff, 0xffff, 0xffff, 0xffff, 0xffff, 0xffff, 0xffff, 0xffff, 0xffff,
	0xffff, 0xffff, 0xffff, 0xffff, 0xffff, 0xffff, 0xffff, 0xffff, 0xffff, 0xffff, 0xffff, 0xffff,
	0x8776, 0xffff, 0xffff, 0xffff, 0x8cb6, 0xffff, 0xffff, 0xffff, 0xffff, 0xffff, 0xffff, 0xffff,
	0xffff, 0xffff, 0xffff, 0xffff, 0xffff, 0xffff, 0xffff, 0xffff, 0xffff, 0xffff, 0xffff, 0xffff,
	0xffff, 0xffff, 0xffff, 0xffff, 0xffff, 0xffff, 0xffff, 0xffff, 0xffff, 0xffff, 0xffff, 0xffff,
	0xffff, 0xffff, 0xffff, 0xffff, 0xffff, 0xffff, 0xffff, 0xffff, 0xffff, 0xffff, 0x8fa3, 0xffff,
	0xffff, 0xffff, 0xffff, 0xffff, 0xffff, 0xffff, 0xffff, 0xffff, 0xffff, 0xffff, 0xffff, 0xffff,
	0xffff, 0xffff, 0xffff, 0xffff, 0xffff, 0xffff, 0xffff, 0x8cce, 0xffff, 0xffff, 0xffff, 0xffff,
	0xffff, 0xffff, 0xffff, 0xffff, 0xffff, 0x99c6, 0xffff, 0xffff, 0xffff, 0xffff, 0xffff, 0xffff,
	0xffff, 0xffff, 0xffff, 0xffff, 0xffff, 0xffff, 0xffff, 0x96cd, 0xffff, 0xffff, 0xffff, 0xffff,
	0xffff, 0xffff, 0xffff, 0xffff, 0xffff, 0xffff, 0xffff, 0xffff, 0xffff, 0x96c7, 0x8fa5, 0xffff,
	0xffff, 0xffff, 0xffff, 0xffff, 0xffff, 0xffff, 0xffff, 0xffff, 0xffff, 0xfabb, 0xffff, 0x8c61,
	0x9570, 0xffff, 0xffff, 0xffff, 0x9368, 0xffff, 0x8f7e, 0xffff, 0xffff, 0xffff, 0xffff, 0xffff,
	0xffff, 0xffff, 0xffff, 0xffff, 0xffff, 0xffff, 0xffff, 0xffff, 0xffff, 0xffff, 0xffff, 0xffff,
	0x8faa, 0xffff, 0xffff, 0xffff, 0xffff, 0xffff, 0xffff, 0xa050, 0xffff, 0xffff, 0xffff, 0xffff,
	0xffff, 0xffff, 0xffff, 0xffff, 0xffff, 0xffff, 0xffff, 0xffff, 0xffff, 0xffff, 0xffff, 0xffff,
	0xffff, 0xffff, 0x90d3, 0xffff, 0xffff, 0x9556, 0xffff, 0xffff, 0xffff, 0xffff, 0xffff, 0xffff,
	0xffff, 0xffff, 0xffff, 0xffff, 0xffff, 0xffff, 0xffff, 0xffff, 0xffff, 0xffff, 0xffff, 0xffff,
	0xffff, 0xffff, 0xffff, 0xffff, 0xffff, 0xffff, 0xffff, 0xffff, 0xffff, 0xffff, 0xffff, 0xffff,
	0xffff, 0xffff, 0xffff, 0xffff, 0xffff, 0xffff, 0xffff, 0xffff, 0x8fb8, 0xffff, 0xffff, 0xffff,
	0xffff, 0xffff, 0x99c8, 0xffff, 0xffff, 0xffff, 0xffff, 0xffff, 0xffff, 0xffff, 0xffff, 0xffff,
	0xffff, 0xffff, 0x8faf, 0xffff, 0xffff, 0xffff, 0xffff, 0xffff, 0xffff, 0xffff, 0xffff, 0xffff,
	0xffff, 0xffff, 0xffff, 0xffff, 0xffff, 0xffff, 0xffff, 0xffff, 0xffff, 0xffff, 0x99c9, 0xffff,
	0xffff, 0xffff, 0xffff, 0xffff, 0xffff, 0xffff, 0xffff, 0xffff, 0xffff, 0xffff, 0xffff, 0xffff,
	0x9579, 0xffff, 0xffff, 0xffff, 0xffff, 0xffff, 0xffff, 0xffff, 0xffff, 0xffff, 0xffff, 0xffff,
	0xffff, 0x9f49, 0xffff, 0xffff, 0xffff, 0xffff, 0x99ca, 0xffff, 0xffff, 0xffff, 0xffff, 0xffff,
	0xffff, 0xffff, 0xffff, 0xffff, 0xffff, 0xffff, 0xffff, 0xffff, 0xffff, 0xffff, 0xffff, 0xffff,
	0xffff, 0xffff, 0xffff, 0xffff, 0xffff, 0xffff, 0xffff, 0xffff, 0xffff, 0xffff, 0xffff, 0xffff,
	0xffff, 0xffff, 0xffff, 0xffff, 0xffff, 0xffff, 0xffff, 0xffff, 0xffff, 0xffff, 0xffff, 0xffff,
	0xffff, 0xffff, 0xffff, 0xffff, 0xffff, 0xffff, 0xffff, 0xffff, 0xffff, 0xffff, 0xffff, 0xffff,
	0xffff, 0xffff, 0xffff, 0xffff, 0xffff, 0xffff, 0xffff, 0x99cb, 0x9dd5, 0x8fb0, 0xffff, 0xffff,
	0xffff, 0xffff, 0xffff, 0xffff, 0xffff, 0xffff, 0xffff, 0xffff, 0xffff, 0xfa7a, 0xffff, 0xffff,
	0xffff, 0xffff, 0xffff, 0xffff, 0xffff, 0xffff, 0x9e5f, 0xffff, 0xffff, 0xffff, 0xffff, 0x99cd,
	0xa0c9, 0xffff, 0xffff, 0xffff, 0xffff, 0xffff, 0xffff, 0xffff, 0xffff, 0xffff, 0xffff, 0xffff,
	0xffff, 0xffff, 0xffff, 0xffff, 0xffff, 0xffff, 0xffff, 0xffff, 0xffff, 0xffff, 0xffff, 0xffff,
	0xffff, 0x9adb, 0xffff, 0xffff, 0xffff, 0xa0c6, 0xffff, 0xffff, 0xffff, 0xffff, 0xffff, 0xffff,
	0xffff, 0x8fb4, 0xffff, 0xffff, 0xffff, 0xffff, 0xffff, 0xffff, 0xffff, 0xffff, 0xffff, 0xffff,
	0xffff, 0xffff, 0xffff, 0xffff, 0xffff, 0xa0d7, 0xffff, 0xffff, 0xffff, 0xffff, 0xffff, 0xffff,
	0xffff, 0xffff, 0xffff, 0xffff, 0xffff, 0xffff, 0xa0c7, 0xffff, 0xffff, 0xffff, 0xffff, 0xffff,
	0xffff, 0xffff, 0xa043, 0xffff, 0xffff, 0xffff, 0x8fb5, 0xffff, 0xffff, 0xffff, 0xffff, 0xffff,
	0xffff, 0xffff, 0xffff, 0xffff, 0xffff, 0xffff, 0xffff, 0xffff, 0xffff, 0xffff, 0xffff, 0xffff,
	0xffff, 0xffff, 0x8fb2, 0xffff, 0xffff, 0xffff, 0xffff, 0xffff, 0xffff, 0xa061, 0x9e5e, 0xffff,
	0xffff, 0xffff, 0xffff, 0xffff, 0xffff, 0xffff, 0xffff, 0xffff, 0xffff, 0x8fb6, 0xffff, 0xffff,
	0xffff, 0xffff, 0xffff, 0xffff, 0xffff, 0xffff, 0x9fe8, 0xffff, 0xffff, 0xffff, 0xffff, 0xffff,
	0xffff, 0xffff, 0xffff, 0xffff, 0xffff, 0xffff, 0xffff, 0xffff, 0xffff, 0x9cb2, 0xffff, 0xffff,
	0xffff, 0xffff, 0xffff, 0x957c, 0xffff, 0xffff, 0xffff, 0xffff, 0xffff, 0xffff, 0xffff, 0xffff,
	0xffff, 0xffff, 0xffff, 0xffff, 0xffff, 0xffff, 0xffff, 0xffff, 0xffff, 0xffff, 0xffff, 0xffff,
	0x9fc7, 0xffff, 0xffff, 0x8fbb, 0x8fbc, 0xffff, 0xffff, 0xffff, 0xffff, 0xffff, 0xffff, 0xffff,
	0xffff, 0x8fec, 0xffff, 0xffff, 0xffff, 0xffff, 0xffff, 0xffff, 0xffff, 0xffff, 0xffff, 0xffff,
	0xffff, 0xffff, 0xffff, 0xffff, 0x8fc0, 0xffff, 0x936a, 0xffff, 0xffff, 0xffff, 0x8be4, 0x9c7c,
	0xffff, 0xffff, 0xffff, 0xffff, 0xffff, 0xffff, 0xffff, 0xffff, 0x95a1, 0xffff, 0xffff, 0xffff,
	0xffff, 0xffff, 0xffff, 0xffff, 0xffff, 0xffff, 0xffff, 0xffff, 0xffff, 0xffff, 0xffff, 0xffff,
	0xffff, 0xffff, 0xffff, 0xffff, 0xffff, 0xffff, 0xfeec, 0xffff, 0xffff, 0x95a3, 0xffff, 0xffff,
	0xffff, 0xffff, 0xffff, 0xffff, 0xffff, 0x8c45, 0x8cb8, 0xffff, 0xffff, 0xffff, 0xffff, 0xffff,
	0xffff, 0xffff, 0xffff, 0xffff, 0xffff, 0xffff, 0x8fc1, 0xffff, 0xffff, 0xffff, 0xa052, 0xffff,
	0xffff, 0xffff, 0xffff, 0xffff, 0xffff, 0xffff, 0xffff, 0xffff, 0xffff, 0xffff, 0xffff, 0xffff,
	0x99d0, 0xffff, 0xffff, 0xffff, 0xffff, 0xffff, 0x8fc3, 0x8fc4, 0xffff, 0xffff, 0xffff, 0xffff,
	0xffff, 0xffff, 0xffff, 0xffff, 0xffff, 0x95a4, 0xffff, 0xffff, 0xffff, 0xffff, 0xffff, 0x8fc6,
	0xffff, 0x9e60, 0xffff, 0xffff, 0xffff, 0xffff, 0xffff, 0xffff, 0xffff, 0xf9d8, 0xffff, 0xffff,
	0xffff, 0xffff, 0xffff, 0xffff, 0xffff, 0xffff, 0xffff, 0xffff, 0xffff, 0xffff, 0xffff, 0xffff,
	0xffff, 0xffff, 0xffff, 0xffff, 0xffff, 0xffff, 0xffff, 0xffff, 0x95a5, 0xffff, 0xffff, 0xffff,
	0xffff, 0xffff, 0xffff, 0xffff, 0xffff, 0xffff, 0xffff, 0xffff, 0xffff, 0xffff, 0xffff, 0x9cb3,
	0xffff, 0xffff, 0xffff, 0xffff, 0xffff, 0xffff, 0xffff, 0xffff, 0xffff, 0x99d1, 0xfef1, 0xffff,
	0xffff, 0xffff, 0xffff, 0xffff, 0xffff, 0xffff, 0xffff, 0xffff, 0xffff, 0xffff, 0xffff, 0xffff,
	0xffff, 0xffff, 0xffff, 0xffff, 0xffff, 0xffff, 0xffff, 0xffff, 0xffff, 0xffff, 0xffff, 0xffff,
	0xffff, 0xffff, 0xffff, 0xffff, 0xffff, 0xffff, 0xffff, 0xffff, 0xffff, 0xffff, 0x99d2, 0xffff,
	0xffff, 0xffff, 0xffff, 0xffff, 0xffff, 0xffff, 0xffff, 0xffff, 0xffff, 0xffff, 0xffff, 0xffff,
	0xffff, 0xffff, 0xffff, 0xffff, 0xffff, 0xffff, 0xffff, 0xffff, 0xffff, 0xffff, 0xffff, 0xffff,
	0xffff, 0xffff, 0xffff, 0xffff, 0xffff, 0x9cc2, 0xffff, 0xffff, 0xffff, 0x99d3, 0xffff, 0xffff,
	0xffff, 0xffff, 0xffff, 0x95a7, 0xffff, 0xffff, 0xffff, 0xffff, 0xffff, 0xffff, 0x95a9, 0xffff,
	0xffff, 0xffff, 0xffff, 0xffff, 0xffff, 0xffff, 0xffff, 0xffff, 0xffff, 0xffff, 0xffff, 0xffff,
	0xffff, 0xffff, 0xffff, 0x95a6, 0xffff, 0xffff, 0xffff, 0xffff, 0xffff, 0xffff, 0xffff, 0xffff,
	0xffff, 0xffff, 0xffff, 0xffff, 0xffff, 0xffff, 0xffff, 0xffff, 0xffff, 0x9c5d, 0xffff, 0xffff,
	0xffff, 0xffff, 0xffff, 0xffff, 0xffff, 0xffff, 0x98e2, 0xffff, 0xffff, 0xffff, 0xffff, 0xffff,
	0xffff, 0x8fc9, 0xffff, 0xa0c2, 0x8fca, 0xffff, 0xffff, 0xffff, 0xffff, 0xffff, 0xffff, 0x99d4,
	0xffff, 0xffff, 0xa0b9, 0xffff, 0xffff, 0xffff, 0xffff, 0xffff, 0xffff, 0xffff, 0xffff, 0xffff,
	0xffff, 0xffff, 0xffff, 0xffff, 0xffff, 0xffff, 0xffff, 0x9b58, 0xffff, 0x8fcd, 0xffff, 0xa0d4,
	0xffff, 0xffff, 0xffff, 0xffff, 0xffff, 0xffff, 0xffff, 0xffff, 0xffff, 0xffff, 0xffff, 0xffff,
	0xffff, 0xffff, 0xffff, 0xffff, 0xffff, 0xffff, 0x8fce, 0xffff, 0xffff, 0xffff, 0xffff, 0x8be5,
	0xffff, 0xffff, 0xffff, 0xffff, 0x8979, 0xffff, 0xffff, 0xffff, 0xffff, 0xffff, 0xffff, 0xffff,
	0xffff, 0xffff, 0xffff, 0xffff, 0xffff, 0xffff, 0xffff, 0xffff, 0xffff, 0xffff, 0xffff, 0xffff,
	0xffff, 0xffff, 0xffff, 0xffff, 0xffff, 0xffff, 0xffff, 0xffff, 0xffff, 0xffff, 0xffff, 0xffff,
	0xffff, 0x8fd0, 0x95b6, 0xffff, 0xffff, 0xffff, 0xffff, 0xffff, 0xffff, 0xffff, 0xffff, 0xffff,
	0xffff, 0xffff, 0xffff, 0x99d6, 0xffff, 0x95e5, 0xffff, 0xffff, 0xffff, 0xffff, 0xffff, 0xffff,
	0xffff, 0xffff, 0xffff, 0xffff, 0xffff, 0xffff, 0x99d7, 0xffff, 0xffff, 0xffff, 0xffff, 0x95b5,
	0xffff, 0xffff, 0xffff, 0xffff, 0xffff, 0xffff, 0xffff, 0xffff, 0xffff, 0xffff, 0xffff, 0xa0ca,
	0xffff, 0xffff, 0xffff, 0xffff, 0xffff, 0xffff, 0xffff, 0xffff, 0xffff, 0xffff, 0xffff, 0xffff,
	0xffff, 0xffff, 0xffff, 0xffff, 0xffff, 0xffff, 0xffff, 0xffff, 0xffff, 0xffff, 0xffff, 0xffff,
	0xffff, 0xffff, 0xffff, 0xffff, 0xffff, 0x9ffd, 0xffff, 0xffff, 0xffff, 0xffff, 0xffff, 0xffff,
	0xffff, 0xffff, 0xffff, 0xffff, 0xffff, 0xffff, 0xffff, 0xffff, 0xffff, 0xffff, 0xffff, 0xffff,
	0xffff, 0xffff, 0xffff, 0xffff, 0xa058, 0xffff, 0xffff, 0xffff, 0xffff, 0xffff, 0xffff, 0xffff,
	0xffff, 0xffff, 0xffff, 0xffff, 0xffff, 0xffff, 0xffff, 0xffff, 0xffff, 0xffff, 0x8fd6, 0xffff,
	0xffff, 0xffff, 0x99d8, 0xffff, 0xffff, 0xffff, 0xffff, 0xffff, 0xffff, 0xffff, 0x8fd3, 0xffff,
	0xffff, 0xffff, 0xffff, 0xffff, 0xffff, 0xffff, 0xffff, 0xffff, 0xffff, 0xffff, 0xffff, 0x8fe5,
	0xffff, 0xffff, 0xffff, 0xffff, 0xffff, 0x8fe9, 0xffff, 0xffff, 0xffff, 0xffff, 0x99d9, 0xffff,
	0xffff, 0xffff, 0xffff, 0xffff, 0xffff, 0xffff, 0xffff, 0xffff, 0xffff, 0xffff, 0xffff, 0xffff,
	0xffff, 0xffff, 0xffff, 0xffff, 0xffff, 0xffff, 0xffff, 0xffff, 0xffff, 0xffff, 0x8cf7, 0xffff,
	0xffff, 0xffff, 0xffff, 0xffff, 0xffff, 0xffff, 0xffff, 0xffff, 0xffff, 0xffff, 0xffff, 0xffff,
	0x927c, 0xffff, 0xffff, 0xffff, 0xffff, 0xffff, 0xffff, 0xffff, 0xffff, 0xffff, 0xffff, 0xffff,
	0xffff, 0xffff, 0xffff, 0xffff, 0x9c45, 0xffff, 0xffff, 0xffff, 0xffff, 0xffff, 0xffff, 0xffff,
	0xffff, 0xffff, 0xffff, 0xffff, 0xffff, 0xffff, 0xffff, 0x8ce8, 0x8fde, 0xffff, 0xffff, 0xffff,
	0xffff, 0xffff, 0xffff, 0xffff, 0xffff, 0xffff, 0xffff, 0xffff, 0xffff, 0xffff, 0xffff, 0xffff,
	0xffff, 0xffff, 0xffff, 0x8fdf, 0xffff, 0xffff, 0xffff, 0xffff, 0xffff, 0xffff, 0xffff, 0xffff,
	0xffff, 0xffff, 0xffff, 0xffff, 0xffff, 0xa04b, 0xffff, 0xffff, 0xffff, 0xffff, 0xffff, 0xffff,
	0xffff, 0xffff, 0xffff, 0xffff, 0xffff, 0xffff, 0xffff, 0xffff, 0xffff, 0xffff, 0xffff, 0x8fe2,
	0xffff, 0xffff, 0xffff, 0xa0cc, 0xffff, 0xffff, 0xffff, 0xffff, 0xffff, 0xffff, 0xffff, 0xffff,
	0x8fe3, 0x8fe4, 0xffff, 0xffff, 0xffff, 0xffff, 0xffff, 0xffff, 0xffff, 0xffff, 0xffff, 0xffff,
	0xffff, 0xffff, 0xffff, 0xffff, 0xffff, 0xffff, 0x9bc4, 0xffff, 0xffff, 0xffff, 0x9bfc, 0xffff,
	0xffff, 0xffff, 0xffff, 0xffff, 0xffff, 0x964c, 0xffff, 0xffff, 0xffff, 0xffff, 0xffff, 0xffff,
	0xffff, 0xffff, 0xffff, 0xffff, 0xffff, 0xffff, 0xffff, 0xffff, 0xffff, 0xffff, 0xffff, 0xffff,
	0xffff, 0xffff, 0xffff, 0xffff, 0xffff, 0x9af6, 0xffff, 0x8cae, 0xffff, 0xffff, 0xffff, 0xffff,
	0xffff, 0xffff, 0xffff, 0xffff, 0xffff, 0xffff, 0xffff, 0xffff, 0x8fe7, 0xffff, 0xffff, 0xffff,
	0xffff, 0xffff, 0xffff, 0xffff, 0xffff, 0xffff, 0xffff, 0x8fe8, 0xffff, 0xffff, 0xffff, 0xffff,
	0x8be7, 0xffff, 0xffff, 0xffff, 0xffff, 0xffff, 0xffff, 0xffff, 0xffff, 0xffff, 0xffff, 0xffff,
	0xffff, 0xffff, 0xffff, 0xffff, 0xffff, 0xffff, 0xffff, 0xffff, 0xffff, 0xffff, 0xffff, 0xffff,
	0xffff, 0xffff, 0xffff, 0xffff, 0xffff, 0xffff, 0x897a, 0xffff, 0xffff, 0xffff, 0xffff, 0xffff,
	0xffff, 0xffff, 0xffff, 0xffff, 0xffff, 0xffff, 0xffff, 0xffff, 0xffff, 0xffff, 0xffff, 0xffff,
	0xffff, 0xffff, 0xffff, 0xffff, 0xffff, 0xffff, 0xffff, 0xffff, 0xffff, 0xffff, 0xffff, 0xffff,
	0xffff, 0xffff, 0xffff, 0xffff, 0xffff, 0xffff, 0x897b, 0x99da, 0xffff, 0xffff, 0xffff, 0xffff,
	0xffff, 0xffff, 0xffff, 0xffff, 0xffff, 0xffff, 0xffff, 0xffff, 0xffff, 0xffff, 0xffff, 0xffff,
	0xffff, 0xffff, 0xffff, 0xffff, 0xffff, 0xffff, 0xffff, 0xffff, 0xffff, 0xffff, 0xffff, 0xffff,
	0xffff, 0xffff, 0xffff, 0xffff, 0xffff, 0xffff, 0xffff, 0xffff, 0xffff, 0xffff, 0xffff, 0xffff,
	0xffff, 0xffff, 0xffff, 0xffff, 0xffff, 0xffff, 0xffff, 0xffff, 0xffff, 0xffff, 0xffff, 0xffff,
	0xffff, 0xffff, 0xffff, 0xffff, 0xffff, 0xffff, 0xffff, 0xffff, 0xffff, 0xffff, 0xffff, 0xffff,
	0xffff, 0xffff, 0xffff, 0xffff, 0xffff, 0xffff, 0xffff, 0xffff, 0xffff, 0x8fed, 0xffff, 0xffff,
	0xffff, 0x95c0, 0xffff, 0xffff, 0xffff, 0xffff, 0xffff, 0xffff, 0xffff, 0xffff, 0xffff, 0xffff,
	0xffff, 0xffff, 0xffff, 0xa0cb, 0xffff, 0xffff, 0xffff, 0xffff, 0xffff, 0xffff, 0xffff, 0xffff,
	0xffff, 0xffff, 0xffff, 0xffff, 0xffff, 0xffff, 0xffff, 0xffff, 0xffff, 0xffff, 0xffff, 0xffff,
	0xffff, 0xffff, 0xffff, 0xffff, 0xffff, 0xffff, 0xffff, 0xffff, 0xffff, 0xffff, 0xffff, 0x9e48,
	0xffff, 0xffff, 0xffff, 0xffff, 0xffff, 0xffff, 0x99db, 0xffff, 0x8ff3, 0xffff, 0xffff, 0xffff,
	0xffff, 0x8ff9, 0xffff, 0xffff, 0xffff, 0xffff, 0xffff, 0xffff, 0xffff, 0xffff, 0xffff, 0xffff,
	0xffff, 0xffff, 0xffff, 0x95c1, 0xffff, 0xa04e, 0xffff, 0xffff, 0xffff, 0xffff, 0xffff, 0xffff,
	0x99dc, 0xffff, 0xffff, 0xffff, 0xffff, 0xa064, 0x8ff7, 0xffff, 0xffff, 0xffff, 0xffff, 0xffff,
	0xffff, 0xffff, 0x89b0, 0xa048, 0xffff, 0xffff, 0xffff, 0xffff, 0x8ffb, 0x8ff6, 0xffff, 0xffff,
	0xffff, 0xffff, 0xffff, 0x9ddc, 0xffff, 0xffff, 0xffff, 0x99dd, 0x8be8, 0xffff, 0xffff, 0xffff,
	0xffff, 0xffff, 0xffff, 0xffff, 0xffff, 0xffff, 0xffff, 0xffff, 0xffff, 0xffff, 0xffff, 0xffff,
	0xffff, 0xffff, 0xffff, 0xffff, 0xffff, 0xffff, 0xffff, 0xffff, 0xffff, 0xffff, 0xffff, 0xffff,
	0xffff, 0xffff, 0xffff, 0xffff, 0xffff, 0xffff, 0xffff, 0xffff, 0xffff, 0xffff, 0xffff, 0xffff,
	0xffff, 0xffff, 0xffff, 0xffff, 0xffff, 0xffff, 0xffff, 0xffff, 0xffff, 0xffff, 0xffff, 0xffff,
	0xffff, 0xffff, 0xffff, 0xffff, 0xffff, 0xffff, 0xffff, 0xffff, 0xffff, 0xffff, 0xffff, 0xffff,
	0xffff, 0xffff, 0xffff, 0xffff, 0xffff, 0xffff, 0xffff, 0xffff, 0xffff, 0xffff, 0xffff, 0xffff,
	0xffff, 0xffff, 0xffff, 0xffff, 0xffff, 0xffff, 0xffff, 0xffff, 0xffff, 0xffff, 0xffff, 0xffff,
	0xffff, 0xffff, 0xffff, 0xffff, 0xffff, 0x92c1, 0xffff, 0xffff, 0xffff, 0xffff, 0xffff, 0xffff,
	0xffff, 0x9fd6, 0xffff, 0xffff, 0xffff, 0xffff, 0xffff, 0xffff, 0xffff, 0xffff, 0xffff, 0xffff,
	0xffff, 0xffff, 0xffff, 0xffff, 0xffff, 0xffff, 0xffff, 0xffff, 0xffff, 0xffff, 0xffff, 0xffff,
	0xffff, 0xffff, 0xffff, 0xffff, 0xffff, 0xffff, 0xffff, 0xffff, 0xffff, 0xffff, 0xffff, 0xffff,
	0xffff, 0xa0d2, 0xffff, 0xffff, 0x9040, 0xffff, 0xffff, 0xffff, 0xffff, 0xffff, 0xffff, 0xffff,
	0xffff, 0xffff, 0xffff, 0xffff, 0xffff, 0xffff, 0xffff, 0xffff, 0xffff, 0xffff, 0xffff, 0xffff,
	0xffff, 0xffff, 0xffff, 0x8ac4, 0xffff, 0xffff, 0x99e0, 0xffff, 0xffff, 0xffff, 0xffff, 0xffff,
	0xffff, 0xffff, 0xffff, 0xffff, 0xffff, 0xffff, 0xffff, 0xffff, 0xffff, 0xffff, 0xffff, 0x9ff0,
	0x9ff3, 0xffff, 0xffff, 0xffff, 0xffff, 0xffff, 0xffff, 0xffff, 0xffff, 0xffff, 0xffff, 0xffff,
	0xffff, 0x9dbf, 0xffff, 0xffff, 0xffff, 0xffff, 0xffff, 0xffff, 0xffff, 0xffff, 0xffff, 0xffff,
	0xffff, 0xffff, 0xffff, 0xffff, 0xffff, 0xffff, 0xffff, 0xffff, 0xffff, 0xffff, 0xffff, 0xffff,
	0xffff, 0xffff, 0xffff, 0x9ff6, 0xffff, 0x95c8, 0xffff, 0xffff, 0x9e5a, 0xffff, 0xffff, 0xffff,
	0xffff, 0xffff, 0xffff, 0xffff, 0xffff, 0xffff, 0xffff, 0xffff, 0xffff, 0x99e3, 0xffff, 0xffff,
	0xffff, 0xffff, 0xffff, 0xffff, 0xffff, 0xffff, 0xffff, 0xffff, 0xffff, 0x8a4a, 0xffff, 0xffff,
	0xffff, 0xffff, 0xffff, 0xffff, 0xffff, 0xffff, 0x9ff1, 0xffff, 0xffff, 0xffff, 0xffff, 0xffff,
	0xffff, 0xffff, 0xffff, 0xffff, 0xffff, 0xffff, 0xffff, 0xffff, 0xffff, 0xffff, 0xffff, 0xffff,
	0xffff, 0xffff, 0xffff, 0xffff, 0xffff, 0xffff, 0xffff, 0x8aa7, 0xffff, 0xffff, 0xffff, 0xffff,
	0xffff, 0xffff, 0xffff, 0xffff, 0x99e6, 0xffff, 0xffff, 0xffff, 0x9ff7, 0xffff, 0x9fed, 0xffff,
	0xffff, 0xffff, 0xffff, 0xffff, 0xffff, 0x8a5c, 0xffff, 0x9dae, 0xffff, 0xffff, 0xffff, 0xffff,
	0xffff, 0xffff, 0xffff, 0xffff, 0xffff, 0xffff, 0xffff, 0xffff, 0xffff, 0xffff, 0xffff, 0xffff,
	0xffff, 0xffff, 0xffff, 0xffff, 0xffff, 0xffff, 0xffff, 0xffff, 0xffff, 0xffff, 0xffff, 0xffff,
	0xffff, 0xffff, 0xffff, 0xffff, 0xffff, 0xffff, 0xffff, 0xffff, 0xffff, 0xffff, 0x95c9, 0xffff,
	0xffff, 0xffff, 0xffff, 0xffff, 0x9048, 0xffff, 0xffff, 0x99e8, 0xffff, 0xffff, 0xffff, 0xffff,
	0xffff, 0x9049, 0xffff, 0xffff, 0x8cba, 0xffff, 0xffff, 0x90b1, 0xffff, 0xffff, 0xffff, 0xffff,
	0xffff, 0xffff, 0x904a, 0xffff, 0xffff, 0xffff, 0xffff, 0xffff, 0xffff, 0xffff, 0xffff, 0xffff,
	0xffff, 0x99ea, 0xffff, 0xffff, 0xffff, 0xffff, 0xffff, 0xffff, 0xffff, 0xffff, 0xffff, 0xffff,
	0xffff, 0x9bd1, 0xffff, 0xffff, 0xffff, 0xffff, 0xffff, 0xffff, 0xffff, 0x99eb, 0xffff, 0x99ec,
	0xffff, 0xffff, 0xffff, 0xffff, 0xffff, 0xffff, 0xffff, 0xffff, 0x99ed, 0xffff, 0xffff, 0xffff,
	0xffff, 0x99ee, 0x904c, 0xffff, 0xffff, 0xffff, 0xffff, 0xffff, 0xffff, 0xffff, 0xffff, 0xffff,
	0xffff, 0xffff, 0xffff, 0xffff, 0xffff, 0xffff, 0xffff, 0xffff, 0xffff, 0xffff, 0x904d, 0xffff,
	0xffff, 0x95cb, 0xffff, 0xffff, 0xffff, 0xffff, 0xffff, 0xffff, 0xffff, 0xffff, 0xffff, 0xffff,
	0xffff, 0xffff, 0xffff, 0xffff, 0xffff, 0xffff, 0x97e2, 0xffff, 0xffff, 0xffff, 0xffff, 0xffff,
	0xffff, 0xffff, 0xffff, 0x95cc, 0xffff, 0xffff, 0xffff, 0xffff, 0xffff, 0xffff, 0xffff, 0xffff,
	0xffff, 0xffff, 0xffff, 0xffff, 0xffff, 0xffff, 0xffff, 0xffff, 0xffff, 0x9f78, 0xffff, 0xffff,
	0xffff, 0xffff, 0xffff, 0xffff, 0xffff, 0xffff, 0xffff, 0x897c, 0x897d, 0xffff, 0xffff, 0xffff,
	0xffff, 0xffff, 0xffff, 0x897e, 0xffff, 0xffff, 0xffff, 0xffff, 0xffff, 0xffff, 0xffff, 0xffff,
	0xffff, 0xffff, 0xffff, 0xffff, 0xffff, 0xffff, 0xffff, 0xffff, 0xffff, 0xffff, 0xffff, 0xffff,
	0xffff, 0xffff, 0xffff, 0xffff, 0xffff, 0xffff, 0xffff, 0xffff, 0xffff, 0xffff, 0xffff, 0xffff,
	0xffff, 0xffff, 0xffff, 0xffff, 0x995d, 0xffff, 0xffff, 0xffff, 0xffff, 0xffff, 0xffff, 0xffff,
	0xffff, 0xffff, 0xffff, 0xffff, 0xffff, 0x9b5a, 0xffff, 0xffff, 0xffff, 0xffff, 0x9050, 0xffff,
	0x8c4f, 0xffff, 0xffff, 0xffff, 0xffff, 0xffff, 0xffff, 0xffff, 0xffff, 0xffff, 0xffff, 0xffff,
	0x9054, 0xffff, 0xc6d6, 0x9aa8, 0x99ef, 0xfeeb, 0x9da3, 0x9da1, 0x9943, 0x9945, 0xffff, 0x9d7d,
	0xffff, 0xffff, 0x99f0, 0xffff, 0xffff, 0xffff, 0xffff, 0xffff, 0xffff, 0xffff, 0xffff, 0x99f1,
	0xffff, 0x99f2, 0xffff, 0xffff, 0x8cbc, 0x9d60, 0xffff, 0xffff, 0xffff, 0xffff, 0xffff, 0xffff,
	0xffff, 0xffff, 0xffff, 0xa0a3, 0xffff, 0xffff, 0xffff, 0xffff, 0xffff, 0xffff, 0xffff, 0xffff,
	0xffff, 0xffff, 0xffff, 0xffff, 0xffff, 0xffff, 0xffff, 0xffff, 0xffff, 0xffff, 0xffff, 0xffff,
	0xffff, 0xffff, 0xffff, 0xffff, 0xffff, 0xffff, 0xffff, 0xffff, 0xffff, 0xffff, 0x905b, 0x9edb,
	0xffff, 0xffff, 0xffff, 0xffff, 0xffff, 0xffff, 0xffff, 0xffff, 0xffff, 0x9d79, 0xffff, 0xffff,
	0xffff, 0xffff, 0xffff, 0xffff, 0xffff, 0xffff, 0xffff, 0xffff, 0xffff, 0xffff, 0xffff, 0xffff,
	0xffff, 0xffff, 0xffff, 0xffff, 0xffff, 0xffff, 0xffff, 0xffff, 0xffff, 0xffff, 0xffff, 0xffff,
	0xffff, 0xffff, 0xffff, 0xffff, 0xffff, 0xffff, 0x99f3, 0xffff, 0xffff, 0xffff, 0x9062, 0xffff,
	0xffff, 0xffff, 0xffff, 0xffff, 0xffff, 0xffff, 0xffff, 0xffff, 0xffff, 0xffff, 0xffff, 0xffff,
	0xffff, 0xffff, 0xffff, 0xffff, 0xffff, 0xffff, 0xffff, 0x9f55, 0xffff, 0xffff, 0xffff, 0xffff,
	0xffff, 0xffff, 0xffff, 0xffff, 0xffff, 0x9bf9, 0xffff, 0xffff, 0xffff, 0xffff, 0xffff, 0xffff,
	0xffff, 0xffff, 0xffff, 0xffff, 0x9065, 0xffff, 0xffff, 0x96e0, 0xffff, 0xffff, 0xffff, 0xffff,
	0xffff, 0xffff, 0xffff, 0x98be, 0xffff, 0xffff, 0xffff, 0xffff, 0xffff, 0xffff, 0xffff, 0xffff,
	0xffff, 0xffff, 0xffff, 0xffff, 0xffff, 0xffff, 0xffff, 0xffff, 0xffff, 0xffff, 0xffff, 0xffff,
	0xffff, 0xffff, 0xffff, 0xffff, 0xffff, 0xffff, 0xffff, 0xffff, 0xffff, 0xffff, 0xffff, 0xffff,
	0xffff, 0xffff, 0xffff, 0xffff, 0xffff, 0xffff, 0xffff, 0xffff, 0xffff, 0xffff, 0xffff, 0xffff,
	0xffff, 0xffff, 0xffff, 0xffff, 0xffff, 0xffff, 0xffff, 0xffff, 0xffff, 0xffff, 0xffff, 0xffff,
	0xffff, 0xffff, 0xffff, 0x9068, 0xffff, 0xffff, 0xffff, 0xffff, 0xffff, 0x906c, 0xffff, 0xffff,
	0xffff, 0xffff, 0xffff, 0xffff, 0xffff, 0xffff, 0xffff, 0xffff, 0xffff, 0xffff, 0x95d8, 0xffff,
	0xffff, 0xffff, 0xffff, 0xffff, 0xffff, 0xffff, 0xffff, 0x906a, 0x9fb2, 0xffff, 0xffff, 0xffff,
	0xffff, 0xffff, 0xffff, 0xffff, 0x9fae, 0xffff, 0xffff, 0x9fb0, 0xffff, 0x89ad, 0xffff, 0xffff,
	0xffff, 0xffff, 0xffff, 0xffff, 0xffff, 0xffff, 0x906e, 0xffff, 0xffff, 0xffff, 0xffff, 0xffff,
	0xffff, 0xffff, 0xffff, 0x9e71, 0xffff, 0xffff, 0xffff, 0xffff, 0xffff, 0x9e4a, 0xffff, 0xffff,
	0xffff, 0xffff, 0xffff, 0x9fdc, 0xffff, 0xffff, 0xffff, 0xffff, 0xffff, 0xffff, 0xffff, 0xffff,
	0xffff, 0xffff, 0xffff, 0xffff, 0xffff, 0xffff, 0xffff, 0x89ab, 0xffff, 0x9fb8, 0xffff, 0xffff,
	0xffff, 0xffff, 0xffff, 0xffff, 0xffff, 0xffff, 0xffff, 0xffff, 0xffff, 0xffff, 0xffff, 0xffff,
	0xffff, 0xffff, 0xffff, 0xffff, 0xffff, 0xffff, 0xffff, 0xffff, 0xffff, 0xffff, 0xffff, 0xffff,
	0x9070, 0xffff, 0xffff, 0xffff, 0xffff, 0xffff, 0xffff, 0xffff, 0xffff, 0xffff, 0xffff, 0xffff,
	0xffff, 0x8b63, 0xffff, 0xffff, 0xffff, 0xffff, 0x95dc, 0xffff, 0xffff, 0xffff, 0xffff, 0xffff,
	0xffff, 0xffff, 0xffff, 0x9071, 0xffff, 0xffff, 0xffff, 0xffff, 0xffff, 0xffff, 0xffff, 0xffff,
	0xffff, 0xffff, 0xffff, 0xffff, 0xffff, 0xffff, 0xffff, 0xffff, 0xffff, 0xfc5e, 0xffff, 0xffff,
	0xffff, 0xffff, 0xffff, 0xffff, 0xffff, 0xffff, 0x8949, 0xffff, 0xffff, 0xffff, 0xffff, 0xffff,
	0x965b, 0xffff, 0xffff, 0xffff, 0xffff, 0xffff, 0xffff, 0xffff, 0xffff, 0xffff, 0xffff, 0xffff,
	0xffff, 0xffff, 0xffff, 0xffff, 0xffff, 0x8c50, 0xffff, 0xffff, 0xffff, 0x94a6, 0xffff, 0xffff,
	0xffff, 0x8fd5, 0x9e73, 0xffff, 0xffff, 0xffff, 0xffff, 0xffff, 0x9075, 0xffff, 0xffff, 0xffff,
	0xffff, 0x99f7, 0xffff, 0xffff, 0xffff, 0xffff, 0xffff, 0xffff, 0xffff, 0xffff, 0xffff, 0xffff,
	0xffff, 0xffff, 0xffff, 0x8cbf, 0xffff, 0xffff, 0xffff, 0xffff, 0xffff, 0xffff, 0x99f9, 0xffff,
	0x9663, 0x95b9, 0xffff, 0xffff, 0xffff, 0xffff, 0xffff, 0xffff, 0xffff, 0xffff, 0xffff, 0x94d4,
	0xffff, 0xffff, 0xffff, 0xffff, 0xffff, 0xffff, 0xfcfa, 0xffff, 0xffff, 0xffff, 0xffff, 0x9077,
	0xffff, 0xffff, 0x90ab, 0xffff, 0xffff, 0xffff, 0xffff, 0xffff, 0xffff, 0xffff, 0xffff, 0xffff,
	0xffff, 0xffff, 0xffff, 0xffff, 0xffff, 0xffff, 0xffff, 0x9d4d, 0xffff, 0xffff, 0x99fa, 0xffff,
	0xffff, 0xffff, 0xffff, 0x92e3, 0xffff, 0x97bb, 0xffff, 0xffff, 0x9078, 0xffff, 0xffff, 0xffff,
	0xffff, 0xffff, 0xffff, 0xffff, 0xffff, 0x99fb, 0xffff, 0xffff, 0x97e0, 0xffff, 0xffff, 0xffff,
	0xffff, 0xffff, 0xffff, 0xffff, 0xffff, 0x96dc, 0xffff, 0xffff, 0xffff, 0xffff, 0xffff, 0xffff,
	0xffff, 0xffff, 0xffff, 0x9ca8, 0xffff, 0xffff, 0x9772, 0xffff, 0xffff, 0xffff, 0xffff, 0x9440,
	0xffff, 0xffff, 0xffff, 0xffff, 0xffff, 0x92f2, 0xffff, 0xffff, 0xffff, 0xffff, 0xffff, 0xffff,
	0xffff, 0xffff, 0xffff, 0xffff, 0xffff, 0xffff, 0xffff, 0xffff, 0xffff, 0xffff, 0xffff, 0xffff,
	0xffff, 0xffff, 0xffff, 0xffff, 0xffff, 0xffff, 0xffff, 0xffff, 0xffff, 0xffff, 0xffff, 0xffff,
	0x99fd, 0xffff, 0xffff, 0x99fc, 0xffff, 0xffff, 0xffff, 0xffff, 0xffff, 0xffff, 0xffff, 0xf9d7,
	0x964a, 0xffff, 0xffff, 0xffff, 0x96d8, 0x99fe, 0xffff, 0xffff, 0xffff, 0xffff, 0xffff, 0xffff,
	0xffff, 0xffff, 0xffff, 0xffff, 0xffff, 0xffff, 0xffff, 0xffff, 0xffff, 0xffff, 0xffff, 0xffff,
	0xffff, 0xffff, 0x904b, 0xffff, 0xffff, 0xffff, 0xffff, 0xffff, 0xffff, 0xfa41, 0xffff, 0xffff,
	0xffff, 0xffff, 0xffff, 0xffff, 0xffff, 0x9a40, 0xffff, 0x975b, 0xffff, 0xffff, 0xffff, 0xffff,
	0xffff, 0x9a41, 0x91dd, 0xffff, 0xffff, 0xffff, 0xffff, 0xffff, 0x93fc, 0x9a42, 0x9a43, 0xffff,
	0x9659, 0xffff, 0xffff, 0xffff, 0xffff, 0xffff, 0xffff, 0x9a44, 0x9051, 0xffff, 0xffff, 0xffff,
	0x94bf, 0xffff, 0xffff, 0xffff, 0xffff, 0xffff, 0xffff, 0xffff, 0xffff, 0xffff, 0xffff, 0xffff,
	0xffff, 0xffff, 0xffff, 0xffff, 0xffff, 0xffff, 0xffff, 0xffff, 0xffff, 0xffff, 0xffff, 0xffff,
	0xffff, 0xffff, 0xffff, 0xffff, 0xffff, 0xffff, 0xffff, 0xffff, 0xffff, 0xffff, 0xffff, 0xffff,
	0xffff, 0x90a2, 0xffff, 0xffff, 0xffff, 0x9cab, 0x9776, 0xffff, 0xffff, 0xffff, 0xffff, 0xffff,
	0xffff, 0xffff, 0xffff, 0xffff, 0xffff, 0xffff, 0xffff, 0xffff, 0xffff, 0xfc55, 0xfe45, 0x94a8,
	0x9a45, 0xfa4b, 0x9de1, 0xffff, 0xffff, 0x96d9, 0xffff, 0xffff, 0xffff, 0xffff, 0xffff, 0xffff,
	0xffff, 0xffff, 0xffff, 0xffff, 0xffff, 0xffff, 0xffff, 0xffff, 0xffff, 0xffff, 0xffff, 0xffff,
	0xffff, 0xffff, 0xffff, 0xffff, 0x9774, 0xffff, 0xffff, 0xfdf5, 0xffff, 0xffff, 0xffff, 0x92e5,
	0xffff, 0x9645, 0x91da, 0xffff, 0x90a3, 0xffff, 0xffff, 0xa05f, 0xffff, 0xffff, 0xffff, 0xffff,
	0x90af, 0x97bf, 0xffff, 0xffff, 0xffff, 0x914c, 0xffff, 0xffff, 0xffff, 0xffff, 0x967a, 0xffff,
	0xffff, 0xffff, 0x91de, 0xffff, 0xffff, 0x9a46, 0xfeb0, 0x9779, 0x946c, 0xffff, 0xffff, 0xffff,
	0xffff, 0xffff, 0xffff, 0xffff, 0xffff, 0x9858, 0xffff, 0xffff, 0xffff, 0xffff, 0xffff, 0xffff,
	0xffff, 0xffff, 0xffff, 0xffff, 0xffff, 0x9266, 0xffff, 0xffff, 0xffff, 0x93fb, 0xffff, 0xffff,
	0xffff, 0xffff, 0xffff, 0xffff, 0xffff, 0xffff, 0xffff, 0xffff, 0xffff, 0xffff, 0x9a47, 0xffff,
	0xffff, 0xffff, 0xffff, 0xffff, 0xffff, 0xffff, 0xffff, 0xffff, 0xffff, 0x9749, 0xffff, 0xffff,
	0x9748, 0xffff, 0x934a, 0xffff, 0x9ce2, 0xffff, 0xffff, 0xffff, 0xffff, 0xffff, 0xffff, 0x9264,
	0xffff, 0xffff, 0xffff, 0xffff, 0x91df, 0xffff, 0xffff, 0xffff, 0xffff, 0xffff, 0xffff, 0xffff,
	0xfb79, 0xffff, 0xffff, 0xffff, 0xffff, 0xffff, 0xffff, 0xffff, 0x96d7, 0xffff, 0xffff, 0xffff,
	0xffff, 0x9343, 0xffff, 0xffff, 0xffff, 0xffff, 0xffff, 0xffff, 0xffff, 0xffff, 0xffff, 0xffff,
	0xffff, 0xffff, 0xffff, 0xffff, 0xffff, 0xfdcb, 0xfe7a, 0xffff, 0x91db, 0x8c6a, 0x97af, 0xffff,
	0xffff, 0x95dd, 0xffff, 0xffff, 0xffff, 0x9348, 0xffff, 0xffff, 0xffff, 0xffff, 0xffff, 0xffff,
	0xffff, 0xffff, 0xffff, 0xffff, 0xffff, 0xffff, 0xffff, 0xffff, 0x9a4b, 0xffff, 0xffff, 0xffff,
	0xfc45, 0xffff, 0x9a4d, 0xffff, 0xffff, 0xffff, 0xffff, 0xffff, 0xffff, 0x91bc, 0x90e2, 0x90b4,
	0x95e1, 0xffff, 0xffff, 0xffff, 0xffff, 0xffff, 0x9a4e, 0xffff, 0xffff, 0xffff, 0xffff, 0xffff,
	0xffff, 0xffff, 0xffff, 0xffff, 0xffff, 0xffff, 0xffff, 0xffff, 0xffff, 0xffff, 0xffff, 0x9a4f,
	0xffff, 0xffff, 0xffff, 0xfe40, 0xfe43, 0xffff, 0xffff, 0xffff, 0xffff, 0xffff, 0xffff, 0xffff,
	0xffff, 0xffff, 0x96dd, 0xffff, 0xffff, 0xffff, 0xffff, 0xffff, 0xffff, 0x9a51, 0xffff, 0xffff,
	0xffff, 0x96a7, 0xffff, 0xffff, 0x90b0, 0xffff, 0xffff, 0xffff, 0xffff, 0xffff, 0xffff, 0xffff,
	0xffff, 0xffff, 0x9c4e, 0xffff, 0x9443, 0xffff, 0xffff, 0xffff, 0xffff, 0x8eba, 0xffff, 0xffff,
	0xffff, 0xffff, 0xffff, 0xffff, 0xffff, 0xffff, 0xffff, 0xffff, 0xffff, 0xffff, 0x9a52, 0xffff,
	0xfcc1, 0xffff, 0xffff, 0xffff, 0xffff, 0xffff, 0xffff, 0xffff, 0xffff, 0xffff, 0x8be9, 0xffff,
	0xffff, 0xffff, 0xffff, 0xffff, 0xffff, 0xffff, 0xffff, 0xffff, 0xffff, 0xffff, 0xffff, 0xffff,
	0xffff, 0xffff, 0xffff, 0xffff, 0xffff, 0xffff, 0xffff, 0xffff, 0xffff, 0xffff, 0xffff, 0xffff,
	0x9caf, 0xffff, 0xffff, 0x8bfd, 0xffff, 0xffff, 0xffff, 0xffff, 0xffff, 0xffff, 0xffff, 0xffff,
	0xffff, 0xffff, 0xffff, 0xffff, 0xffff, 0xffff, 0xffff, 0xffff, 0xffff, 0xffff, 0xffff, 0xffff,
	0xffff, 0xffff, 0xffff, 0xffff, 0xffff, 0xffff, 0xffff, 0xffff, 0xffff, 0xffff, 0x9abc, 0xffff,
	0x9ab8, 0xffff, 0xffff, 0xffff, 0xffff, 0xffff, 0xffff, 0xffff, 0xffff, 0xffff, 0xffff, 0xffff,
	0xffff, 0xffff, 0xffff, 0xffff, 0xffff, 0xffff, 0xffff, 0xffff, 0xffff, 0xffff, 0xffff, 0xffff,
	0xffff, 0x9aae, 0xffff, 0xffff, 0xffff, 0xffff, 0xffff, 0xffff, 0xffff, 0xffff, 0xffff, 0xffff,
	0xffff, 0xffff, 0xffff, 0xffff, 0xffff, 0xffff, 0xffff, 0xffff, 0xffff, 0xffff, 0xffff, 0xffff,
	0xffff, 0xffff, 0xffff, 0x9aa7, 0x9a53, 0xffff, 0xffff, 0xffff, 0xffff, 0xffff, 0xffff, 0xffff,
	0xffff, 0xffff, 0xffff, 0xffff, 0xffff, 0xffff, 0xffff, 0xffff, 0xffff, 0xffff, 0xffff, 0xffff,
	0xffff, 0xffff, 0xffff, 0xffff, 0xffff, 0xffff, 0x9d74, 0xffff, 0xffff, 0xffff, 0xffff, 0xffff,
	0xffff, 0xffff, 0xffff, 0xffff, 0xffff, 0xffff, 0xffff, 0xffff, 0xffff, 0xffff, 0xffff, 0xffff,
	0xffff, 0xffff, 0xffff, 0xffff, 0xffff, 0xffff, 0xffff, 0xffff, 0xffff, 0xffff, 0xffff, 0xffff,
	0xffff, 0xffff, 0xffff, 0xffff, 0xffff, 0xffff, 0xffff, 0xffff, 0xffff, 0xffff, 0xffff, 0xffff,
	0xffff, 0xffff, 0xffff, 0xffff, 0xffff, 0xffff, 0xffff, 0x8bea, 0xffff, 0xffff, 0xffff, 0xffff,
	0xffff, 0xffff, 0x8beb, 0xffff, 0xffff, 0xffff, 0xffff, 0xffff, 0x90b2, 0xffff, 0xffff, 0xffff,
	0xffff, 0xffff, 0xffff, 0xffff, 0xffff, 0xffff, 0xffff, 0xffff, 0xffff, 0xffff, 0xffff, 0xffff,
	0xffff, 0x95e9, 0x95e8, 0xffff, 0x95e6, 0xffff, 0xffff, 0xffff, 0xffff, 0xffff, 0xffff, 0x90b5,
	0xffff, 0x9a54, 0xffff, 0xffff, 0xffff, 0x90b3, 0x95e7, 0xffff, 0xffff, 0x8b50, 0xffff, 0xffff,
	0xffff, 0xffff, 0xffff, 0xffff, 0xffff, 0xffff, 0xffff, 0xffff, 0xffff, 0xffff, 0xffff, 0xffff,
	0xffff, 0xffff, 0xffff, 0xffff, 0xffff, 0xffff, 0xffff, 0xffff, 0xffff, 0xffff, 0xffff, 0xffff,
	0xffff, 0xffff, 0xffff, 0xffff, 0xffff, 0xffff, 0xffff, 0xffff, 0xffff, 0xffff, 0xffff, 0xffff,
	0xffff, 0xffff, 0xffff, 0xffff, 0xffff, 0xffff, 0xffff, 0xffff, 0xffff, 0xffff, 0xffff, 0xffff,
	0xffff, 0xffff, 0xffff, 0xffff, 0xffff, 0xffff, 0xffff, 0xffff, 0xffff, 0xffff, 0xffff, 0x8bec,
	0xffff, 0xffff, 0xffff, 0xffff, 0xffff, 0xffff, 0xffff, 0xffff, 0xffff, 0xffff, 0xffff, 0x9a56,
	0x8bfb, 0xffff, 0xffff, 0xffff, 0xffff, 0xffff, 0xffff, 0xffff, 0xffff, 0xffff, 0xffff, 0xffff,
	0xffff, 0xffff, 0xffff, 0xffff, 0xffff, 0xffff, 0xffff, 0xffff, 0xffff, 0xffff, 0x9a57, 0xffff,
	0xffff, 0xffff, 0xffff, 0xa0aa, 0xffff, 0xffff, 0xffff, 0xffff, 0xffff, 0xffff, 0xffff, 0xffff,
	0x9fa6, 0xffff, 0xffff, 0xffff, 0x99cc, 0xffff, 0xffff, 0xffff, 0xffff, 0xffff, 0xffff, 0xffff,
	0xffff, 0xffff, 0xffff, 0xffff, 0xffff, 0xffff, 0xffff, 0xffff, 0xffff, 0x9c59, 0xffff, 0xffff,
	0xffff, 0xffff, 0xffff, 0xffff, 0xffff, 0xffff, 0xffff, 0xffff, 0xffff, 0xffff, 0xffff, 0xffff,
	0xffff, 0xffff, 0xffff, 0xffff, 0x99b5, 0xffff, 0xffff, 0xffff, 0xffff, 0xffff, 0xffff, 0xffff,
	0xffff, 0xffff, 0xffff, 0xffff, 0xffff, 0xffff, 0xffff, 0xffff, 0xffff, 0xffff, 0x90be, 0xffff,
	0xffff, 0xffff, 0xffff, 0xffff, 0x9faf, 0xffff, 0xffff, 0xffff, 0xffff, 0xffff, 0xffff, 0xffff,
	0xffff, 0xffff, 0xffff, 0xffff, 0xffff, 0xffff, 0x95f2, 0xffff, 0xffff, 0xffff, 0xffff, 0xffff,
	0xffff, 0x90bf, 0xffff, 0xffff, 0xffff, 0xffff, 0xffff, 0xffff, 0xffff, 0xffff, 0xffff, 0xffff,
	0xffff, 0xffff, 0x90c1, 0xffff, 0xfee4, 0xffff, 0xffff, 0xffff, 0xffff, 0xffff, 0xffff, 0xffff,
	0xffff, 0xffff, 0xffff, 0xffff, 0xffff, 0xffff, 0xffff, 0xffff, 0xffff, 0x90c4, 0xffff, 0xffff,
	0xffff, 0xffff, 0xffff, 0xffff, 0x90c7, 0xffff, 0xffff, 0xffff, 0xffff, 0xffff, 0xffff, 0xffff,
	0xffff, 0xffff, 0xffff, 0xffff, 0xffff, 0xffff, 0xffff, 0xffff, 0xffff, 0xffff, 0xffff, 0xffff,
	0xffff, 0xffff, 0xffff, 0xffff, 0xffff, 0xffff, 0xffff, 0xffff, 0xffff, 0xffff, 0xffff, 0xffff,
	0xffff, 0xffff, 0xffff, 0xffff, 0xffff, 0xffff, 0xffff, 0xffff, 0xffff, 0xffff, 0xffff, 0xffff,
	0xffff, 0xffff, 0xffff, 0xffff, 0xffff, 0xffff, 0xffff, 0xffff, 0xffff, 0xffff, 0xffff, 0x92e4,
	0x9f52, 0xffff, 0xffff, 0xffff, 0xffff, 0xffff, 0xffff, 0xffff, 0xffff, 0xffff, 0xffff, 0xffff,
	0xffff, 0xffff, 0xffff, 0xffff, 0xffff, 0xffff, 0xffff, 0xffff, 0xffff, 0xffff, 0xffff, 0xffff,
	0x90db, 0xffff, 0xffff, 0xffff, 0xffff, 0xffff, 0xa066, 0xffff, 0xffff, 0xffff, 0xffff, 0xffff,
	0xffff, 0xffff, 0xffff, 0xffff, 0xffff, 0xffff, 0xffff, 0xffff, 0xffff, 0xffff, 0x90d2, 0xffff,
	0xffff, 0x876b, 0xffff, 0x90d4, 0xffff, 0xffff, 0xffff, 0xffff, 0xffff, 0xffff, 0xffff, 0xffff,
	0xffff, 0x9a5b, 0x95fd, 0xffff, 0xffff, 0xffff, 0xffff, 0xffff, 0xffff, 0xffff, 0xffff, 0xffff,
	0xffff, 0xffff, 0xffff, 0xffff, 0xffff, 0xffff, 0x8bc4, 0xffff, 0xffff, 0xffff, 0x8c66, 0xffff,
	0x90de, 0xffff, 0xffff, 0xffff, 0xffff, 0xffff, 0x9ce4, 0xffff, 0x90e1, 0xffff, 0xffff, 0xffff,
	0xffff, 0xffff, 0xffff, 0xffff, 0xffff, 0xffff, 0xffff, 0xffff, 0xffff, 0xffff, 0x9e46, 0xffff,
	0xffff, 0xffff, 0x9651, 0xffff, 0xffff, 0xffff, 0xffff, 0xffff, 0xffff, 0xffff, 0xffff, 0xffff,
	0xffff, 0xffff, 0xffff, 0xffff, 0xffff, 0xffff, 0xffff, 0xffff, 0xffff, 0xffff, 0xffff, 0xffff,
	0xfb58, 0xffff, 0x90e6, 0xffff, 0xffff, 0xffff, 0xffff, 0xffff, 0xffff, 0xffff, 0xffff, 0xffff,
	0xffff, 0xffff, 0xffff, 0xffff, 0xffff, 0xffff, 0xffff, 0xffff, 0x9650, 0xffff, 0xffff, 0xffff,
	0x90e7, 0xffff, 0xffff, 0xffff, 0xffff, 0xffff, 0xffff, 0xffff, 0xffff, 0xffff, 0xffff, 0xffff,
	0xffff, 0xffff, 0xffff, 0xffff, 0xffff, 0xffff, 0x90e8, 0x9a5d, 0xffff, 0x9f7a, 0xffff, 0xffff,
	0xffff, 0x9b5c, 0xffff, 0x9f7c, 0xffff, 0xffff, 0xfc52, 0x90e9, 0xffff, 0x90ea, 0xffff, 0x9a5e,
	0xffff, 0xffff, 0xffff, 0xffff, 0xffff, 0x9f76, 0xffff, 0xffff, 0xffff, 0xffff, 0xffff, 0xffff,
	0xffff, 0xffff, 0xffff, 0x90eb, 0xffff, 0xffff, 0xffff, 0xffff, 0xffff, 0xffff, 0xffff, 0xffff,
	0xffff, 0xffff, 0xffff, 0xffff, 0xffff, 0x90ec, 0xffff, 0xffff, 0xffff, 0xffff, 0xffff, 0x8bee,
	0xffff, 0xffff, 0xffff, 0xffff, 0xffff, 0xffff, 0xffff, 0x90ee, 0xffff, 0xffff, 0xffff, 0x91c6,
	0xffff, 0xffff, 0x90f2, 0xfcbc, 0x8a74, 0xffff, 0xffff, 0xffff, 0xffff, 0xffff, 0xffff, 0xffff,
	0xffff, 0xffff, 0x9657, 0xffff, 0xffff, 0xffff, 0x9cef, 0xffff, 0xffff, 0xffff, 0xffff, 0xffff,
	0xffff, 0xffff, 0xffff, 0xffff, 0xffff, 0x9fdf, 0xffff, 0xffff, 0xffff, 0xffff, 0x90f7, 0x90f6,
	0xffff, 0xffff, 0xffff, 0xffff, 0xffff, 0xffff, 0xffff, 0xffff, 0xffff, 0xffff, 0xffff, 0xffff,
	0xffff, 0xffff, 0xffff, 0xffff, 0xffff, 0xffff, 0x9b5e, 0xffff, 0xffff, 0xffff, 0x90f8, 0xffff,
	0xffff, 0xffff, 0xffff, 0xffff, 0xffff, 0xffff, 0xffff, 0xffff, 0xffff, 0x8cfc, 0xffff, 0xffff,
	0xffff, 0xffff, 0xffff, 0xffff, 0xffff, 0xffff, 0xffff, 0xffff, 0xffff, 0xffff, 0xffff, 0xffff,
	0xffff, 0x90f9, 0xffff, 0x8cc9, 0xffff, 0xffff, 0xffff, 0xfa6a, 0xffff, 0xffff, 0xffff, 0xffff,
	0xffff, 0xffff, 0xffff, 0xffff, 0x8bef, 0xffff, 0xffff, 0xffff, 0xffff, 0xffff, 0xffff, 0xffff,
	0xffff, 0xffff, 0xffff, 0xffff, 0xffff, 0xffff, 0xffff, 0xffff, 0xffff, 0xffff, 0xffff, 0xffff,
	0xffff, 0xffff, 0xffff, 0xffff, 0xffff, 0xffff, 0xffff, 0xffff, 0xffff, 0xffff, 0xffff, 0xffff,
	0xffff, 0xffff, 0xffff, 0xffff, 0xffff, 0xffff, 0xffff, 0xffff, 0xffff, 0xffff, 0xffff, 0xffff,
	0xffff, 0xffff, 0xffff, 0xffff, 0xffff, 0xffff, 0xffff, 0xffff, 0xffff, 0xffff, 0xffff, 0xffff,
	0xffff, 0xffff, 0xffff, 0xffff, 0xffff, 0xffff, 0xffff, 0x9fe0, 0xffff, 0xffff, 0x9142, 0xffff,
	0x9a62, 0xffff, 0xffff, 0xffff, 0xffff, 0xffff, 0xffff, 0xffff, 0xffff, 0xffff, 0x9569, 0xffff,
	0xffff, 0xffff, 0x9144, 0x9143, 0xffff, 0x9141, 0xffff, 0xffff, 0xffff, 0x8bf0, 0xffff, 0xffff,
	0xffff, 0xffff, 0xffff, 0xffff, 0xffff, 0xffff, 0xffff, 0xffff, 0xffff, 0xffff, 0xffff, 0x9660,
	0xffff, 0x8bf1, 0xffff, 0x99f6, 0x9149, 0xffff, 0xffff, 0xffff, 0xffff, 0x914a, 0xffff, 0xffff,
	0xffff, 0xffff, 0xffff, 0x914b, 0xffff, 0xffff, 0xffff, 0xffff, 0x9a64, 0xffff, 0xffff, 0xffff,
	0x8abf, 0x9a66, 0xffff, 0xffff, 0xffff, 0xffff, 0xffff, 0xffff, 0xffff, 0xffff, 0xffff, 0xffff,
	0x9a67, 0xffff, 0xffff, 0x9a69, 0xffff, 0xffff, 0xffff, 0xffff, 0xffff, 0xffff, 0xffff, 0xffff,
	0xffff, 0xffff, 0xffff, 0xffff, 0xffff, 0xffff, 0xffff, 0xffff, 0xffff, 0xffff, 0xffff, 0xffff,
	0xffff, 0xffff, 0xffff, 0xffff, 0xffff, 0xffff, 0x9a6a, 0x9652, 0x914d, 0xffff, 0x9666, 0xffff,
	0xffff, 0xffff, 0xffff, 0x9f7b, 0xffff, 0x9a6b, 0xffff, 0xffff, 0xffff, 0xffff, 0xffff, 0xffff,
	0xffff, 0xa06c, 0xffff, 0xffff, 0x9667, 0xffff, 0xffff, 0xffff, 0xffff, 0xffff, 0xffff, 0xffff,
	0xffff, 0xffff, 0xffff, 0xffff, 0xffff, 0xffff, 0xffff, 0xffff, 0x9a6c, 0xffff, 0xffff, 0xffff,
	0xffff, 0x9a6d, 0x8bf2, 0xffff, 0xffff, 0xffff, 0xffff, 0xffff, 0xffff, 0xffff, 0xffff, 0xffff,
	0xffff, 0xffff, 0xffff, 0xffff, 0xffff, 0xffff, 0xffff, 0xffff, 0xffff, 0xffff, 0xffff, 0xffff,
	0xffff, 0xffff, 0xffff, 0xffff, 0xffff, 0xffff, 0xffff, 0xffff, 0xffff, 0xffff, 0xffff, 0xffff,
	0xffff, 0xffff, 0xffff, 0xffff, 0xffff, 0xffff, 0xffff, 0xffff, 0xffff, 0xffff, 0xffff, 0xffff,
	0xffff, 0xffff, 0xffff, 0xffff, 0xffff, 0xffff, 0xffff, 0xffff, 0xffff, 0xffff, 0x966a, 0xffff,
	0xffff, 0xffff, 0xffff, 0xffff, 0xffff, 0xffff, 0xffff, 0xfcea, 0xffff, 0xffff, 0xffff, 0xffff,
	0xffff, 0x966c, 0xffff, 0xffff, 0xffff, 0xffff, 0xffff, 0xffff, 0xffff, 0xffff, 0xffff, 0xffff,
	0xffff, 0xffff, 0xffff, 0x91c4, 0xffff, 0xffff, 0xffff, 0x9677, 0xffff, 0xffff, 0xffff, 0xffff,
	0xffff, 0xffff, 0xffff, 0x99f4, 0x9a6f, 0xffff, 0xffff, 0xffff, 0xffff, 0xffff, 0xffff, 0xffff,
	0xffff, 0xffff, 0xffff, 0xffff, 0xffff, 0xffff, 0xffff, 0xffff, 0xffff, 0xffff, 0xffff, 0xffff,
	0xffff, 0x9fab, 0xffff, 0xffff, 0xffff, 0xffff, 0xffff, 0x8cbe, 0x8ec1, 0xffff, 0xffff, 0xffff,
	0xffff, 0x9555, 0xffff, 0xffff, 0xffff, 0xffff, 0xffff, 0xffff, 0xffff, 0xffff, 0xffff, 0xffff,
	0xffff, 0xffff, 0xffff, 0xffff, 0x9152, 0x9153, 0xffff, 0xffff, 0xffff, 0x9155, 0xffff, 0xffff,
	0xffff, 0xffff, 0xffff, 0xffff, 0xffff, 0xffff, 0xffff, 0xffff, 0xffff, 0xffff, 0xffff, 0xffff,
	0x955d, 0xffff, 0x9671, 0xffff, 0xffff, 0xffff, 0xffff, 0x9c6d, 0xffff, 0xffff, 0xffff, 0xffff,
	0xffff, 0xffff, 0xffff, 0xffff, 0x9673, 0xffff, 0xffff, 0xffff, 0xffff, 0xffff, 0xffff, 0xffff,
	0xffff, 0xffff, 0xffff, 0xffff, 0x9154, 0x9a71, 0xffff, 0xffff, 0xffff, 0xffff, 0xffff, 0xffff,
	0xffff, 0xffff, 0xffff, 0xffff, 0xffff, 0xffff, 0xffff, 0xffff, 0xffff, 0xffff, 0xffff, 0xffff,
	0xffff, 0xffff, 0xffff, 0xffff, 0xffff, 0xffff, 0xffff, 0xffff, 0xffff, 0x9156, 0xffff, 0xffff,
	0xffff, 0x966d, 0xffff, 0xffff, 0xffff, 0xffff, 0xffff, 0xffff, 0x9557, 0xffff, 0xffff, 0xffff,
	0xffff, 0xffff, 0xffff, 0xffff, 0xffff, 0x89c6, 0xffff, 0xffff, 0xffff, 0xffff, 0xffff, 0xffff,
	0xffff, 0xffff, 0xffff, 0xffff, 0xffff, 0xffff, 0xffff, 0xffff, 0xffff, 0xffff, 0xffff, 0xffff,
	0xffff, 0xffff, 0xffff, 0xffff, 0xffff, 0xffff, 0xffff, 0xffff, 0xffff, 0xffff, 0xffff, 0xffff,
	0xffff, 0xffff, 0xffff, 0xffff, 0x89c7, 0xffff, 0xffff, 0xffff, 0xffff, 0xffff, 0xffff, 0xffff,
	0xffff, 0xffff, 0xffff, 0xffff, 0xffff, 0xffff, 0xffff, 0xffff, 0xffff, 0xffff, 0xffff, 0xffff,
	0xffff, 0xffff, 0xffff, 0xffff, 0xffff, 0xffff, 0xffff, 0xffff, 0xffff, 0xffff, 0xffff, 0xffff,
	0xffff, 0xffff, 0xffff, 0x8a6a, 0xffff, 0xffff, 0xffff, 0x8b57, 0xffff, 0xffff, 0xffff, 0x9fe1,
	0xffff, 0xffff, 0x9b5f, 0xffff, 0xffff, 0xffff, 0xffff, 0xffff, 0xffff, 0xffff, 0xffff, 0xffff,
	0xffff, 0xffff, 0xffff, 0xffff, 0xffff, 0xffff, 0xffff, 0xffff, 0xffff, 0xffff, 0xffff, 0xffff,
	0xffff, 0xffff, 0xffff, 0xffff, 0xa05d, 0xffff, 0xffff, 0xffff, 0xffff, 0xffff, 0xffff, 0xffff,
	0xffff, 0x915b, 0xffff, 0x915c, 0xffff, 0xffff, 0xffff, 0xffff, 0xffff, 0xffff, 0xffff, 0xffff,
	0xffff, 0xffff, 0xffff, 0xffff, 0xffff, 0xffff, 0xffff, 0xffff, 0xffff, 0x915e, 0xffff, 0xffff,
	0xffff, 0xffff, 0xffff, 0xffff, 0xffff, 0xffff, 0xffff, 0xffff, 0x9f5c, 0x9f57, 0xffff, 0xffff,
	0xffff, 0xffff, 0xffff, 0xffff, 0x9f65, 0xffff, 0xffff, 0xffff, 0xffff, 0xffff, 0x9a72, 0xffff,
	0xffff, 0xffff, 0xffff, 0x9160, 0xffff, 0xffff, 0xffff, 0xffff, 0xffff, 0xffff, 0xffff, 0xffff,
	0xffff, 0xffff, 0xffff, 0xffff, 0xffff, 0xffff, 0xffff, 0xffff, 0xffff, 0xffff, 0xffff, 0xffff,
	0xffff, 0x9f5e, 0xffff, 0xffff, 0x9161, 0xffff, 0xffff, 0xffff, 0xffff, 0xffff, 0xffff, 0x9164,
	0xffff, 0xffff, 0xffff, 0xffff, 0x9f41, 0xffff, 0xffff, 0xffff, 0xffff, 0xffff, 0xffff, 0x9169,
	0xffff, 0xffff, 0xffff, 0xffff, 0xffff, 0xffff, 0xffff, 0xffff, 0xffff, 0xffff, 0xffff, 0xffff,
	0xffff, 0xffff, 0xffff, 0x9168, 0xffff, 0xffff, 0xffff, 0xffff, 0xffff, 0xffff, 0xffff, 0xffff,
	0xffff, 0xffff, 0xffff, 0xffff, 0xffff, 0xffff, 0xffff, 0xffff, 0xffff, 0xffff, 0xffff, 0xffff,
	0xffff, 0xffff, 0xffff, 0xffff, 0x9a74, 0xffff, 0xffff, 0xffff, 0xffff, 0xffff, 0xffff, 0xffff,
	0xffff, 0xffff, 0xffff, 0xffff, 0xffff, 0xffff, 0xffff, 0xffff, 0xffff, 0xffff, 0xffff, 0xffff,
	0xffff, 0xffff, 0x96b2, 0xffff, 0x9a75, 0xffff, 0xfda5, 0xffff, 0xffff, 0xffff, 0xffff, 0xffff,
	0xffff, 0xffff, 0x9ee9, 0xffff, 0x8bba, 0x916d, 0xa060, 0xffff, 0xffff, 0xffff, 0xffff, 0xffff,
	0xffff, 0xffff, 0x9fde, 0xffff, 0xffff, 0xffff, 0xffff, 0xffff, 0x9fc3, 0xffff, 0x96b5, 0xffff,
	0xffff, 0xffff, 0xffff, 0xffff, 0xffff, 0xffff, 0xffff, 0xffff, 0xffff, 0xffff, 0xffff, 0xffff,
	0xffff, 0xffff, 0xffff, 0xa067, 0xffff, 0xffff, 0xffff, 0xffff, 0xffff, 0xffff, 0xffff, 0xffff,
	0xffff, 0xffff, 0xffff, 0xffff, 0xffff, 0xffff, 0xffff, 0xffff, 0xffff, 0xffff, 0xffff, 0xffff,
	0xffff, 0xffff, 0xffff, 0xffff, 0xffff, 0xffff, 0xffff, 0xffff, 0xffff, 0xffff, 0x96b3, 0xffff,
	0xffff, 0xffff, 0xffff, 0xffff, 0xffff, 0xffff, 0xffff, 0xffff, 0xffff, 0xffff, 0xffff, 0xffff,
	0x9a76, 0xffff, 0xffff, 0xffff, 0xffff, 0xffff, 0xffff, 0xffff, 0xffff, 0xffff, 0xffff, 0xffff,
	0x95d5, 0xffff, 0xffff, 0xffff, 0x9eca, 0xffff, 0xffff, 0xffff, 0x9a77, 0xffff, 0xffff, 0x9a78,
	0xffff, 0xffff, 0xffff, 0xffff, 0xffff, 0xffff, 0xffff, 0xffff, 0xffff, 0xffff, 0x9170, 0x916f,
	0xffff, 0xffff, 0xffff, 0xffff, 0xffff, 0xffff, 0xffff, 0x9fa3, 0xffff, 0x9171, 0xffff, 0xffff,
	0xffff, 0x96b1, 0xffff, 0xffff, 0xffff, 0xffff, 0x9f63, 0xffff, 0xffff, 0xffff, 0xffff, 0xffff,
	0x9f67, 0xffff, 0xffff, 0xffff, 0x8bb9, 0x9a7a, 0xffff, 0xffff, 0xffff, 0xffff, 0xffff, 0x8b56,
	0xffff, 0xffff, 0xffff, 0xffff, 0xffff, 0xffff, 0xffff, 0xffff, 0x9ada, 0xffff, 0xffff, 0xffff,
	0xffff, 0xffff, 0x96b0, 0xffff, 0xffff, 0xffff, 0xffff, 0x9a7e, 0xffff, 0xffff, 0xffff, 0xffff,
	0xffff, 0xffff, 0xffff, 0xffff, 0xffff, 0xffff, 0x9dde, 0xffff, 0xffff, 0xffff, 0xffff, 0xffff,
	0xffff, 0xffff, 0xffff, 0xffff, 0x96ad, 0xffff, 0xffff, 0xffff, 0x96ae, 0xffff, 0xffff, 0xffff,
	0xffff, 0xffff, 0xffff, 0xffff, 0xffff, 0xffff, 0x9ea1, 0xffff, 0xffff, 0xffff, 0xffff, 0xffff,
	0xffff, 0xffff, 0xffff, 0xffff, 0xffff, 0xffff, 0xffff, 0xffff, 0xffff, 0xffff, 0xffff, 0xffff,
	0xffff, 0xffff, 0xffff, 0x9e50, 0xffff, 0xffff, 0xffff, 0xffff, 0xffff, 0xffff, 0xffff, 0xffff,
	0x96af, 0x8bf4, 0x9fa4, 0xffff, 0xffff, 0xffff, 0xffff, 0xffff, 0xffff, 0xffff, 0xffff, 0xffff,
	0x96bd, 0xffff, 0xffff, 0xffff, 0xffff, 0xffff, 0xffff, 0xffff, 0xffff, 0xffff, 0x96f4, 0xffff,
	0xffff, 0xffff, 0xffff, 0xffff, 0xffff, 0xffff, 0xffff, 0xffff, 0xffff, 0x96b8, 0xffff, 0xffff,
	0xffff, 0xffff, 0xffff, 0xffff, 0xffff, 0xffff, 0xffff, 0xffff, 0xffff, 0xffff, 0xffff, 0xffff,
	0xffff, 0xffff, 0xffff, 0xffff, 0xfaa1, 0xffff, 0xffff, 0xffff, 0xffff, 0x91a7, 0xffff, 0xffff,
	0xffff, 0xffff, 0xffff, 0xffff, 0xffff, 0xffff, 0xffff, 0xffff, 0xa05e, 0xffff, 0xffff, 0xffff,
	0xffff, 0x9a7d, 0xffff, 0xffff, 0xffff, 0xffff, 0x8948, 0xffff, 0x9eb1, 0xffff, 0xffff, 0xffff,
	0xffff, 0xffff, 0xffff, 0xffff, 0xffff, 0xffff, 0xffff, 0xffff, 0xffff, 0xffff, 0x9ddb, 0xffff,
	0xffff, 0xffff, 0xffff, 0xffff, 0xffff, 0xffff, 0xffff, 0xffff, 0xffff, 0xffff, 0xffff, 0xffff,
	0xffff, 0x95bf, 0x8a73, 0xffff, 0xffff, 0xffff, 0xffff, 0xffff, 0xffff, 0xffff, 0xffff, 0xffff,
	0xffff, 0xffff, 0xffff, 0xffff, 0x9efe, 0xffff, 0x917a, 0xffff, 0xffff, 0xffff, 0xffff, 0x917b,
	0xffff, 0xffff, 0xffff, 0xffff, 0xffff, 0xffff, 0xffff, 0xffff, 0xffff, 0xffff, 0xffff, 0xffff,
	0xffff, 0xffff, 0xffff, 0x9aa3, 0xffff, 0xffff, 0xffff, 0xffff, 0xffff, 0xffff, 0xffff, 0xffff,
	0xffff, 0xffff, 0xffff, 0xffff, 0xffff, 0xffff, 0xffff, 0xffff, 0xffff, 0x96c2, 0xffff, 0xffff,
	0xffff, 0xffff, 0xffff, 0x9f77, 0xffff, 0xffff, 0xffff, 0xffff, 0xffff, 0xffff, 0xffff, 0xffff,
	0xffff, 0xffff, 0xffff, 0xffff, 0xffff, 0xffff, 0xffff, 0xffff, 0xffff, 0x9aa4, 0xffff, 0xffff,
	0x9aa5, 0xffff, 0xffff, 0xffff, 0x91a1, 0xffff, 0xffff, 0xffff, 0xffff, 0x89b8, 0xffff, 0xffff,
	0xffff, 0xffff, 0xffff, 0xffff, 0xffff, 0xffff, 0xffff, 0xffff, 0x9173, 0xffff, 0xffff, 0xffff,
	0xffff, 0xffff, 0xffff, 0xffff, 0xffff, 0xffff, 0xffff, 0xffff, 0xffff, 0xffff, 0xffff, 0xffff,
	0xffff, 0xffff, 0xffff, 0xffff, 0xffff, 0xffff, 0xffff, 0xffff, 0xffff, 0xffff, 0xffff, 0xffff,
	0xffff, 0xffff, 0xffff, 0xffff, 0xffff, 0xffff, 0xffff, 0xffff, 0xffff, 0xffff, 0xffff, 0xffff,
	0x9aa6, 0x89bd, 0xffff, 0x89b9, 0xffff, 0x917d, 0xffff, 0xffff, 0xffff, 0xffff, 0xffff, 0xffff,
	0xffff, 0xffff, 0xffff, 0x96bb, 0xffff, 0xffff, 0xffff, 0x9ff2, 0xffff, 0xffff, 0x8bf5, 0xffff,
	0xffff, 0xffff, 0xffff, 0xffff, 0xffff, 0xffff, 0xffff, 0xffff, 0xffff, 0xffff, 0xffff, 0xffff,
	0xffff, 0xffff, 0xffff, 0xffff, 0xffff, 0xffff, 0xffff, 0xffff, 0xffff, 0xffff, 0xffff, 0xffff,
	0xffff, 0xffff, 0xffff, 0xffff, 0xffff, 0xffff, 0xffff, 0xffff, 0xffff, 0xffff, 0xffff, 0xffff,
	0xffff, 0xffff, 0xffff, 0xffff, 0xffff, 0xffff, 0xffff, 0xffff, 0xffff, 0xffff, 0xffff, 0xffff,
	0xffff, 0xffff, 0xffff, 0xffff, 0xffff, 0xffff, 0xffff, 0xffff, 0xffff, 0xffff, 0xffff, 0xffff,
	0xffff, 0xffff, 0xffff, 0xffff, 0xffff, 0xffff, 0xffff, 0xffff, 0xffff, 0xffff, 0xffff, 0xffff,
	0xffff, 0xffff, 0xffff, 0xffff, 0xffff, 0xffff, 0xffff, 0xffff, 0xffff, 0xffff, 0xffff, 0xffff,
	0xffff, 0xffff, 0xffff, 0xffff, 0xffff, 0xffff, 0x9aa9, 0xffff, 0xffff, 0xffff, 0xffff, 0xffff,
	0x9f54, 0xffff, 0xffff, 0x9fe3, 0x9eed, 0xffff, 0xffff, 0xffff, 0xffff, 0xffff, 0xffff, 0xffff,
	0xffff, 0xffff, 0xffff, 0x91aa, 0xffff, 0xffff, 0xffff, 0xffff, 0x91ab, 0xa070, 0xffff, 0x9f6d,
	0xffff, 0xffff, 0xffff, 0xffff, 0xffff, 0x91ac, 0xffff, 0xffff, 0xffff, 0x91ad, 0xffff, 0xffff,
	0xffff, 0xa0fd, 0xffff, 0x9fe2, 0xffff, 0x91af, 0x9e41, 0x9aaa, 0xffff, 0xffff, 0x91b0, 0xffff,
	0x9aab, 0xffff, 0xffff, 0xffff, 0xffff, 0xffff, 0xffff, 0xffff, 0xffff, 0xffff, 0xffff, 0xffff,
	0x9aac, 0xffff, 0x9a4a, 0xffff, 0x91b2, 0xffff, 0xffff, 0x8bf6, 0xffff, 0x9aad, 0x89b6, 0xffff,
	0xffff, 0xffff, 0xffff, 0xffff, 0xffff, 0xffff, 0xffff, 0xffff, 0xffff, 0xffff, 0xffff, 0xffff,
	0xffff, 0xffff, 0xffff, 0xffff, 0xffff, 0xffff, 0xffff, 0xffff, 0xffff, 0xffff, 0xffff, 0xffff,
	0xffff, 0x9aaf, 0xffff, 0xffff, 0xffff, 0xffff, 0xffff, 0xffff, 0xffff, 0xffff, 0xffff, 0xffff,
	0xffff, 0xffff, 0xffff, 0xffff, 0x9ab0, 0xffff, 0xffff, 0xffff, 0xffff, 0xffff, 0xffff, 0x9ab1,
	0xffff, 0xffff, 0xffff, 0xffff, 0xffff, 0x9aa1, 0x91b9, 0xffff, 0xffff, 0xffff, 0xffff, 0xffff,
	0x91ba, 0xffff, 0xffff, 0xffff, 0xffff, 0xffff, 0xffff, 0xffff, 0xffff, 0xffff, 0xffff, 0xffff,
	0xffff, 0xffff, 0xffff, 0x91be, 0xffff, 0xffff, 0xffff, 0xffff, 0xffff, 0xffff, 0xffff, 0xffff,
	0xffff, 0xffff, 0xffff, 0xffff, 0xffff, 0xffff, 0xa041, 0x8bb7, 0xffff, 0xffff, 0xffff, 0xffff,
	0xffff, 0xffff, 0xffff, 0xffff, 0xffff, 0xffff, 0xffff, 0xffff, 0xffff, 0xffff, 0xffff, 0xffff,
	0xffff, 0x91c0, 0xffff, 0xffff, 0xffff, 0xffff, 0xffff, 0xffff, 0xffff, 0xffff, 0xffff, 0xffff,
	0x9ab3, 0x91c3, 0xffff, 0xffff, 0xffff, 0xffff, 0xffff, 0xffff, 0xffff, 0xffff, 0xffff, 0xffff,
	0xa0fc, 0xffff, 0xffff, 0x9fee, 0xffff, 0xffff, 0xffff, 0xffff, 0xffff, 0xffff, 0x9f69, 0xffff,
	0xffff, 0xffff, 0xffff, 0xffff, 0xffff, 0xffff, 0x91c8, 0xffff, 0xffff, 0xffff, 0xffff, 0xffff,
	0xffff, 0x91c9, 0xffff, 0xffff, 0xffff, 0xffff, 0xffff, 0xffff, 0xffff, 0xffff, 0xffff, 0xffff,
	0xffff, 0xffff, 0xffff, 0xffff, 0xffff, 0xffff, 0xffff, 0xffff, 0xffff, 0xffff, 0xffff, 0x8de6,
	0xffff, 0xffff, 0xffff, 0xffff, 0xffff, 0xffff, 0xffff, 0xffff, 0xffff, 0xffff, 0xffff, 0xffff,
	0xffff, 0xffff, 0x91cb, 0xffff, 0xffff, 0xffff, 0xffff, 0xffff, 0xffff, 0xffff, 0xffff, 0xffff,
	0xffff, 0x89c8, 0xffff, 0xffff, 0xffff, 0xffff, 0xffff, 0x8daa, 0xffff, 0xffff, 0xffff, 0xffff,
	0xffff, 0x9fdd, 0x8c43, 0x8c6d, 0x8c74, 0x8cb7, 0x8cb9, 0x8cbb, 0x8cc0, 0x8cd7, 0x8cd8, 0x8cda,
	0xc8a1, 0xc8a3, 0x8ced, 0x8d48, 0x8bf8, 0xc8d0, 0xffff, 0xffff, 0xffff, 0xffff, 0xc8cf, 0xffff,
	0xffff, 0xffff, 0xffff, 0xffff, 0xffff, 0xffff, 0xffff, 0xffff, 0xffff, 0xffff, 0xffff, 0xffff,
	0xffff, 0xffff, 0xffff, 0xffff, 0xffff, 0xffff, 0xffff, 0xffff, 0xffff, 0xffff, 0xffff, 0xffff,
	0xffff, 0xffff, 0xffff, 0xffff, 0xffff, 0xffff, 0xffff, 0xffff, 0xffff, 0xffff, 0xffff, 0xffff,
	0xffff, 0xffff, 0xffff, 0xffff, 0xffff, 0xffff, 0xffff, 0xffff, 0xffff, 0xffff, 0xffff, 0xffff,
	0xffff, 0xffff, 0xc6e4, 0xffff, 0xc6e5, 0xffff, 0xffff, 0xffff, 0xffff, 0xffff, 0xffff, 0xffff,
	0xffff, 0xffff, 0xffff, 0xffff, 0xffff, 0xffff, 0xffff, 0xffff, 0xffff, 0xffff, 0xffff, 0xffff,
	0xffff, 0xffff, 0xffff, 0xffff, 0xffff, 0xffff, 0xffff, 0xffff, 0xffff, 0xffff, 0xffff, 0xffff,
	0xffff, 0xffff, 0xffff, 0xffff, 0xffff, 0xffff, 0xffff, 0xffff, 0xffff, 0xffff, 0xffff, 0xffff,
	0xffff, 0xffff, 0xffff, 0xffff, 0xffff, 0xffff, 0xffff, 0xffff, 0xffff, 0xffff, 0xffff, 0xffff,
	0xffff, 0xffff, 0xffff, 0xffff, 0xffff, 0xffff, 0xffff, 0xffff, 0xffff, 0xffff, 0xffff, 0xffff,
	0xffff, 0xffff, 0xffff, 0xffff, 0xffff, 0xffff, 0xffff, 0xffff, 0xffff, 0xffff, 0xffff, 0xffff,
	0xffff, 0xffff, 0xffff, 0xffff, 0xffff, 0xffff, 0xffff, 0xffff, 0xffff, 0xffff, 0xffff, 0xffff,
	0xffff, 0xffff, 0xffff, 0xffff, 0xffff, 0xffff, 0xffff, 0xffff, 0xffff, 0xffff, 0xffff, 0xffff,
	0xffff, 0xffff, 0xffff, 0xffff, 0xffff, 0xffff, 0xffff, 0xffff, 0xffff, 0xffff, 0xffff, 0xffff,
	0xffff, 0xffff, 0xffff, 0xffff, 0xffff, 0xffff, 0xffff, 0xffff, 0xffff, 0xffff, 0xffff, 0xffff,
	0xffff, 0xffff, 0xffff, 0xffff, 0xffff, 0xffff, 0xffff, 0xffff, 0xffff, 0xffff, 0xffff, 0xffff,
	0xffff, 0xffff, 0xffff, 0xffff, 0xffff, 0xffff, 0xffff, 0xffff, 0xffff, 0xffff, 0xffff, 0xffff,
	0xffff, 0xffff, 0xffff, 0xffff, 0xffff, 0xffff, 0xffff, 0xffff, 0xffff, 0xffff, 0xffff, 0xffff,
	0xffff, 0xc8cd, 0xffff, 0xc8ce, 0xffff, 0xffff, 0xffff, 0xffff, 0xffff, 0xffff, 0xffff, 0xffff,
	0xf9fe,
}

var _big5hkscs_nonbmp_encmap_flat = [29306]uint16{
	0x9c71, 0xffff, 0xffff, 0xffff, 0xffff, 0xffff, 0xffff, 0xffff, 0xffff, 0xffff, 0xffff, 0xffff,
	0xffff, 0xffff, 0xffff, 0xffff, 0xffff, 0xffff, 0xffff, 0xffff, 0xffff, 0xffff, 0xffff, 0xffff,
	0xffff, 0xffff, 0xffff, 0xffff, 0xffff, 0x9375, 0xffff, 0xffff, 0xffff, 0xffff, 0xffff, 0xffff,
	0xffff, 0x9376, 0xffff, 0xffff, 0xffff, 0xffff, 0xffff, 0xffff, 0xffff, 0x9548, 0xffff, 0xffff,
	0xffff, 0xffff, 0xffff, 0xffff, 0xffff, 0xffff, 0xffff, 0xffff, 0xffff, 0xffff, 0xffff, 0xffff,
	0xffff, 0xffff, 0xffff, 0xffff, 0xffff, 0xffff, 0xffff, 0xffff, 0xffff, 0xffff, 0xffff, 0x8ec6,
	0xffff, 0xffff, 0xffff, 0xffff, 0xffff, 0xffff, 0xffff, 0xffff, 0xffff, 0xffff, 0xffff, 0xffff,
	0xffff, 0xffff, 0xffff, 0xffff, 0xffff, 0xffff, 0xffff, 0xffff, 0xffff, 0xffff, 0xffff, 0xffff,
	0xffff, 0xffff, 0xffff, 0xffff, 0xffff, 0x8bc5, 0x8bfa, 0xffff, 0xffff, 0xc87c, 0xffff, 0xffff,
	0xffff, 0xffff, 0xffff, 0xffff, 0xffff, 0xffff, 0xffff, 0x9ab4, 0xffff, 0xffff, 0xffff, 0xffff,
	0xffff, 0xffff, 0xffff, 0xffff, 0xffff, 0xffff, 0xffff, 0xffff, 0xffff, 0xffff, 0xffff, 0xffff,
	0xffff, 0xffff, 0xffff, 0xffff, 0xffff, 0xffff, 0xffff, 0xffff, 0xffff, 0xffff, 0xffff, 0xffff,
	0xffff, 0xffff, 0xffff, 0xffff, 0xffff, 0xffff, 0xffff, 0xffff, 0xffff, 0xffff, 0xffff, 0xffff,
	0xffff, 0xffff, 0xffff, 0xffff, 0xffff, 0xffff, 0xffff, 0xffff, 0xffff, 0xffff, 0xffff, 0xffff,
	0xffff, 0x884e, 0x884b, 0xc87a, 0x8848, 0xffff, 0xffff, 0xffff, 0x8847, 0xffff, 0xffff, 0xffff,
	0xffff, 0xffff, 0xffff, 0xffff, 0xffff, 0xffff, 0xffff, 0xffff, 0xffff, 0xffff, 0xffff, 0xffff,
	0xffff, 0xffff, 0xffff, 0xffff, 0xffff, 0xffff, 0xffff, 0xffff, 0xffff, 0xffff, 0xffff, 0xffff,
	0xffff, 0xa0f6, 0x8845, 0xffff, 0x8853, 0xffff, 0xffff, 0xffff, 0xffff, 0xffff, 0xffff, 0xffff,
	0xffff, 0xffff, 0xfcad, 0xffff, 0xffff, 0xffff, 0xffff, 0xffff, 0xffff, 0xffff, 0xffff, 0xffff,
	0xffff, 0xffff, 0xffff, 0xffff, 0xffff, 0xffff, 0xffff, 0xffff, 0xffff, 0xffff, 0xffff, 0xffff,
	0xffff, 0xffff, 0xffff, 0xffff, 0xffff, 0xffff, 0xffff, 0xffff, 0xffff, 0xffff, 0xffff, 0xffff,
	0xffff, 0xffff, 0xffff, 0xffff, 0xffff, 0xffff, 0xffff, 0xffff, 0xffff, 0xffff, 0xffff, 0xffff,
	0xffff, 0xffff, 0xffff, 0xffff, 0xffff, 0xffff, 0xffff, 0xffff, 0xffff, 0xffff, 0xffff, 0xffff,
	0xffff, 0xffff, 0xffff, 0xffff, 0xffff, 0xffff, 0xffff, 0xffff, 0xffff, 0xffff, 0xffff, 0xffff,
	0xffff, 0xffff, 0xffff, 0xffff, 0xffff, 0xffff, 0xffff, 0xffff, 0xffff, 0xffff, 0xffff, 0xffff,
	0xffff, 0xffff, 0xffff, 0xffff, 0xffff, 0xffff, 0xffff, 0xffff, 0xffff, 0xffff, 0xffff, 0xffff,
	0xffff, 0xffff, 0xffff, 0xffff, 0xffff, 0xffff, 0xffff, 0xffff, 0xffff, 0xffff, 0xffff, 0xffff,
	0xffff, 0xffff, 0xffff, 0xffff, 0xffff, 0xffff, 0xffff, 0xffff, 0xffff, 0xffff, 0xffff, 0xffff,
	0xffff, 0xffff, 0xffff, 0xffff, 0xffff, 0xffff, 0xffff, 0xffff, 0xffff, 0xffff, 0xffff, 0xffff,
	0xffff, 0xffff, 0xffff, 0xffff, 0xffff, 0xffff, 0xffff, 0xffff, 0xffff, 0xffff, 0x8cf5, 0xffff,
	0xffff, 0xffff, 0xffff, 0x8aad, 0xffff, 0x9272, 0xffff, 0xffff, 0xffff, 0xffff, 0xffff, 0xffff,
	0xffff, 0xffff, 0xffff, 0xffff, 0xffff, 0xffff, 0xffff, 0xffff, 0xffff, 0xffff, 0xffff, 0xffff,
	0xffff, 0xffff, 0xffff, 0xfc47, 0xffff, 0xffff, 0xffff, 0xffff, 0xffff, 0xffff, 0xffff, 0xffff,
	0xffff, 0xffff, 0xffff, 0xffff, 0xffff, 0xffff, 0xffff, 0xffff, 0xffff, 0xffff, 0x94df, 0xffff,
	0xffff, 0xffff, 0xffff, 0xffff, 0xffff, 0xffff, 0xffff, 0xffff, 0xffff, 0xffff, 0xffff, 0xffff,
	0xffff, 0xffff, 0xffff, 0xffff, 0xffff, 0xffff, 0xffff, 0xffff, 0xffff, 0xffff, 0xffff, 0xffff,
	0xffff, 0xffff, 0xffff, 0xffff, 0x9fd1, 0xfbcb, 0xffff, 0xffff, 0xffff, 0xffff, 0xffff, 0xffff,
	0xffff, 0x927d, 0xffff, 0xffff, 0xffff, 0xffff, 0xffff, 0xffff, 0xffff, 0x98a4, 0xffff, 0xffff,
	0xffff, 0xffff, 0xffff, 0xffff, 0xffff, 0xffff, 0xffff, 0xffff, 0xffff, 0xffff, 0xffff, 0xffff,
	0xffff, 0xffff, 0xffff, 0xffff, 0xffff, 0xffff, 0xffff, 0xffff, 0xffff, 0xffff, 0xffff, 0xffff,
	0xffff, 0xffff, 0xffff, 0xffff, 0xffff, 0xffff, 0xffff, 0xffff, 0xffff, 0xffff, 0x8cf9, 0xffff,
	0xffff, 0xffff, 0xffff, 0xffff, 0xffff, 0xffff, 0xffff, 0xffff, 0xffff, 0xffff, 0xffff, 0xffff,
	0xffff, 0xffff, 0xffff, 0xffff, 0xffff, 0xffff, 0xffff, 0xffff, 0xffff, 0xffff, 0xffff, 0xffff,
	0xffff, 0xffff, 0xffff, 0xffff, 0xffff, 0xffff, 0xffff, 0xffff, 0x94e7, 0xffff, 0xffff, 0xffff,
	0xffff, 0xffff, 0xffff, 0xffff, 0xffff, 0xffff, 0xffff, 0xffff, 0xffff, 0xffff, 0xffff, 0xffff,
	0xffff, 0xffff, 0xffff, 0xffff, 0xffff, 0xffff, 0xffff, 0xffff, 0xffff, 0x90cb, 0x927b, 0xffff,
	0xffff, 0xffff, 0xffff, 0xffff, 0xffff, 0xffff, 0xffff, 0xffff, 0xffff, 0xffff, 0xffff, 0xffff,
	0xffff, 0xffff, 0xffff, 0xffff, 0xffff, 0xffff, 0xffff, 0xffff, 0xffff, 0xffff, 0xffff, 0xffff,
	0xffff, 0xffff, 0xffff, 0xffff, 0xffff, 0xffff, 0xffff, 0xffff, 0xffff, 0xffff, 0x94d8, 0xffff,
	0xffff, 0xffff, 0xffff, 0xfc5f, 0xffff, 0xfa54, 0xffff, 0xffff, 0xffff, 0xffff, 0xffff, 0xffff,
	0xffff, 0xffff, 0xffff, 0xffff, 0xffff, 0xffff, 0xffff, 0xffff, 0xffff, 0xffff, 0xffff, 0xffff,
	0xffff, 0xffff, 0xffff, 0xffff, 0x9ab5, 0xffff, 0xffff, 0xffff, 0xffff, 0xffff, 0xffff, 0xffff,
	0x96da, 0x9279, 0xffff, 0xffff, 0xffff, 0xffff, 0xffff, 0xffff, 0xffff, 0xffff, 0xffff, 0xffff,
	0xffff, 0xffff, 0xffff, 0xffff, 0xffff, 0xffff, 0xffff, 0xffff, 0xffff, 0xffff, 0xffff, 0xffff,
	0xffff, 0xffff, 0xffff, 0xffff, 0xffff, 0xffff, 0xffff, 0xffff, 0xffff, 0xffff, 0xffff, 0xffff,
	0xffff, 0xffff, 0xfa74, 0x9275, 0xffff, 0xffff, 0xffff, 0xffff, 0xffff, 0xffff, 0xffff, 0xffff,
	0xffff, 0xffff, 0xffff, 0xffff, 0xffff, 0xffff, 0xffff, 0xffff, 0xffff, 0xffff, 0xffff, 0xffff,
	0xffff, 0xffff, 0xffff, 0xffff, 0xffff, 0xffff, 0x8dfb, 0xffff, 0xffff, 0xffff, 0xffff, 0xffff,
	0xffff, 0xffff, 0xffff, 0xffff, 0xffff, 0xffff, 0xffff, 0xffff, 0xffff, 0xffff, 0xffff, 0xffff,
	0xffff, 0xffff, 0xffff, 0xffff, 0xffff, 0xffff, 0xffff, 0xffff, 0xffff, 0xffff, 0x8a49, 0xffff,
	0xffff, 0xffff, 0x92df, 0x9b7c, 0xfa63, 0xffff, 0xffff, 0xffff, 0xffff, 0xffff, 0xffff, 0xffff,
	0xffff, 0xffff, 0xffff, 0xffff, 0xffff, 0xffff, 0xffff, 0xffff, 0xffff, 0xffff, 0xffff, 0xffff,
	0xffff, 0xffff, 0xffff, 0xffff, 0xffff, 0xffff, 0xffff, 0xffff, 0xffff, 0xffff, 0xffff, 0xffff,
	0xffff, 0xffff, 0xffff, 0xffff, 0xffff, 0xffff, 0xffff, 0xffff, 0xffff, 0xffff, 0xffff, 0xffff,
	0xffff, 0xffff, 0xffff, 0xffff, 0xffff, 0xffff, 0xffff, 0xffff, 0xffff, 0xffff, 0xffff, 0xfa60,
	0x926d, 0xfa62, 0xffff, 0xffff, 0xffff, 0xffff, 0xffff, 0xffff, 0xffff, 0xffff, 0xffff, 0xffff,
	0xffff, 0xffff, 0xffff, 0xffff, 0xffff, 0xffff, 0xffff, 0xffff, 0xffff, 0xffff, 0xffff, 0xffff,
	0xffff, 0xffff, 0xffff, 0xffff, 0xffff, 0xffff, 0xffff, 0xffff, 0xffff, 0x9ab6, 0xffff, 0xffff,
	0xffff, 0xffff, 0xffff, 0xffff, 0x976b, 0xffff, 0xffff, 0xffff, 0xffff, 0xffff, 0xffff, 0xffff,
	0xffff, 0xffff, 0xffff, 0xffff, 0xffff, 0xffff, 0xfd6a, 0xffff, 0xffff, 0xffff, 0xffff, 0xffff,
	0xffff, 0xffff, 0xffff, 0xffff, 0xffff, 0xffff, 0xffff, 0xffff, 0xffff, 0xffff, 0xffff, 0xffff,
	0xffff, 0xffff, 0xfd54, 0xffff, 0x9273, 0xffff, 0xffff, 0xffff, 0xffff, 0xffff, 0xffff, 0xffff,
	0xffff, 0xffff, 0xffff, 0xffff, 0xffff, 0xffff, 0xffff, 0xffff, 0xffff, 0xffff, 0xffff, 0xffff,
	0xffff, 0xffff, 0xffff, 0xffff, 0xffff, 0xffff, 0xffff, 0xffff, 0xffff, 0xffff, 0xffff, 0xffff,
	0xffff, 0xffff, 0xffff, 0xffff, 0xffff, 0xffff, 0xffff, 0xffff, 0xffff, 0xffff, 0x97d8, 0xffff,
	0xffff, 0xffff, 0xffff, 0xffff, 0xffff, 0x9fbb, 0x9342, 0x9276, 0xffff, 0xffff, 0xffff, 0xffff,
	0xffff, 0xffff, 0xffff, 0xffff, 0xffff, 0xffff, 0xfa65, 0xffff, 0xffff, 0xffff, 0xffff, 0xffff,
	0xffff, 0xffff, 0xffff, 0xffff, 0xffff, 0xffff, 0xffff, 0xffff, 0xffff, 0xffff, 0xffff, 0xffff,
	0xffff, 0xffff, 0xffff, 0xffff, 0xffff, 0xffff, 0xffff, 0xffff, 0xffff, 0xffff, 0xffff, 0xffff,
	0xffff, 0xffff, 0xffff, 0xffff, 0xffff, 0xffff, 0xffff, 0xffff, 0xffff, 0xffff, 0xffff, 0xffff,
	0xffff, 0xffff, 0xffff, 0xffff, 0xffff, 0xffff, 0xffff, 0xffff, 0xffff, 0xffff, 0xffff, 0xffff,
	0xffff, 0xffff, 0xffff, 0xffff, 0xffff, 0xffff, 0xffff, 0xffff, 0xffff, 0xffff, 0xffff, 0xffff,
	0xffff, 0xffff, 0xffff, 0xffff, 0x926c, 0xffff, 0xffff, 0xffff, 0xffff, 0xffff, 0xffff, 0xffff,
	0xffff, 0xffff, 0xffff, 0xffff, 0xffff, 0xffff, 0xffff, 0xffff, 0xffff, 0xffff, 0xffff, 0xffff,
	0xffff, 0xffff, 0xffff, 0xffff, 0xffff, 0xffff, 0xffff, 0xffff, 0xffff, 0xffff, 0xffff, 0xffff,
	0xffff, 0xffff, 0xfa6e, 0xffff, 0xffff, 0xffff, 0xffff, 0xffff, 0xffff, 0x9ee0, 0xffff, 0xffff,
	0x92c0, 0x92bf, 0xffff, 0xffff, 0xffff, 0xffff, 0xffff, 0xffff, 0xffff, 0xffff, 0xffff, 0xffff,
	0xffff, 0xffff, 0xffff, 0xffff, 0xffff, 0xffff, 0x92be, 0xffff, 0xffff, 0xffff, 0xffff, 0xffff,
	0xffff, 0xffff, 0xffff, 0xffff, 0xffff, 0xffff, 0xffff, 0xffff, 0xffff, 0xffff, 0xffff, 0xffff,
	0xffff, 0xffff, 0xffff, 0xffff, 0xffff, 0xffff, 0xffff, 0xffff, 0xffff, 0xffff, 0xffff, 0xffff,
	0xffff, 0xffff, 0xffff, 0xffff, 0xffff, 0xffff, 0xffff, 0xffff, 0xffff, 0xffff, 0xffff, 0xffff,
	0xffff, 0xffff, 0xffff, 0xffff, 0xffff, 0xffff, 0xffff, 0xffff, 0xffff, 0xffff, 0x9aba, 0xffff,
	0xffff, 0xffff, 0xffff, 0xffff, 0xffff, 0xffff, 0xffff, 0xffff, 0xffff, 0xffff, 0xffff, 0xffff,
	0xffff, 0xffff, 0xffff, 0xffff, 0xffff, 0xffff, 0xffff, 0xffff, 0xffff, 0xffff, 0xffff, 0xffff,
	0xffff, 0xffff, 0xffff, 0xffff, 0xffff, 0xffff, 0xffff, 0xffff, 0xffff, 0xffff, 0xffff, 0x8ab3,
	0xffff, 0x9775, 0xfa40, 0xffff, 0xffff, 0xffff, 0xffff, 0xffff, 0xffff, 0xffff, 0xffff, 0xffff,
	0xffff, 0xffff, 0xffff, 0xffff, 0xffff, 0xffff, 0xffff, 0xffff, 0xffff, 0xffff, 0xffff, 0xffff,
	0xffff, 0xffff, 0xffff, 0xffff, 0xffff, 0xffff, 0xffff, 0xffff, 0xffff, 0xffff, 0xffff, 0xffff,
	0xffff, 0xffff, 0xffff, 0xffff, 0xffff, 0xffff, 0xffff, 0xffff, 0xffff, 0xffff, 0xffff, 0xffff,
	0xffff, 0xffff, 0xffff, 0xffff, 0xffff, 0xffff, 0xffff, 0xffff, 0xffff, 0xffff, 0xffff, 0xffff,
	0xffff, 0xffff, 0xffff, 0xffff, 0xffff, 0xffff, 0xffff, 0xffff, 0xffff, 0xffff, 0xffff, 0xffff,
	0xffff, 0xfa76, 0xffff, 0xffff, 0xffff, 0xffff, 0xffff, 0xffff, 0xffff, 0xffff, 0xffff, 0xffff,
	0xffff, 0xffff, 0xffff, 0xffff, 0xffff, 0xffff, 0xffff, 0xffff, 0xffff, 0xffff, 0xffff, 0xffff,
	0xfbd0, 0xffff, 0xffff, 0xffff, 0xffff, 0xffff, 0xffff, 0xffff, 0xffff, 0xffff, 0xffff, 0xffff,
	0xffff, 0xffff, 0xfa7b, 0xffff, 0xffff, 0xffff, 0xffff, 0xffff, 0xffff, 0xffff, 0xffff, 0xffff,
	0xffff, 0xffff, 0xffff, 0xffff, 0xffff, 0xffff, 0xfe6d, 0xffff, 0xffff, 0xffff, 0xffff, 0xffff,
	0xffff, 0x9bb3, 0xffff, 0xffff, 0xffff, 0xffff, 0xffff, 0x89cc, 0xffff, 0xffff, 0xffff, 0xffff,
	0x9abe, 0xffff, 0xffff, 0xffff, 0xffff, 0xffff, 0xffff, 0xffff, 0xffff, 0xffff, 0xfa42, 0x92bc,
	0xffff, 0xffff, 0xffff, 0xffff, 0xffff, 0xffff, 0xffff, 0xffff, 0xffff, 0xffff, 0x945c, 0x9bb5,
	0xffff, 0xffff, 0xffff, 0x9abf, 0xffff, 0xffff, 0xffff, 0x98a7, 0x97a4, 0xffff, 0xffff, 0xffff,
	0xffff, 0xffff, 0xffff, 0xffff, 0xffff, 0xffff, 0xffff, 0xffff, 0xffff, 0xffff, 0xffff, 0xffff,
	0xffff, 0xffff, 0xffff, 0xffff, 0xffff, 0xffff, 0x90fd, 0xffff, 0xffff, 0xffff, 0xffff, 0xffff,
	0xffff, 0xffff, 0xffff, 0xffff, 0xffff, 0xffff, 0xffff, 0xffff, 0xffff, 0xffff, 0xffff, 0xffff,
	0xffff, 0xffff, 0xffff, 0xffff, 0xffff, 0xffff, 0xffff, 0xffff, 0xffff, 0xffff, 0xffff, 0xffff,
	0xffff, 0xffff, 0xffff, 0xffff, 0xffff, 0xffff, 0xffff, 0xffff, 0xfc7b, 0xffff, 0xffff, 0xffff,
	0xffff, 0xffff, 0xffff, 0xffff, 0xffff, 0xffff, 0xffff, 0xffff, 0xffff, 0xffff, 0xffff, 0xffff,
	0xffff, 0xffff, 0xffff, 0xffff, 0xffff, 0xffff, 0xffff, 0xffff, 0xffff, 0xffff, 0xffff, 0xffff,
	0xffff, 0xffff, 0xffff, 0xffff, 0x9ac0, 0x92c3, 0xffff, 0xffff, 0xffff, 0xffff, 0xffff, 0xffff,
	0xffff, 0xffff, 0xffff, 0xffff, 0xffff, 0xffff, 0xffff, 0xffff, 0xffff, 0xffff, 0xffff, 0xffff,
	0xffff, 0xffff, 0xffff, 0xffff, 0xffff, 0xffff, 0xffff, 0xffff, 0xffff, 0xffff, 0xffff, 0xffff,
	0xffff, 0xffff, 0xffff, 0xffff, 0x8aaa, 0xffff, 0xffff, 0xffff, 0xffff, 0xffff, 0xffff, 0xffff,
	0xffff, 0xffff, 0xffff, 0xffff, 0xffff, 0xffff, 0xffff, 0xffff, 0xffff, 0xffff, 0xffff, 0xffff,
	0xffff, 0xffff, 0xffff, 0xffff, 0xffff, 0xffff, 0xffff, 0xffff, 0xffff, 0xffff, 0xffff, 0xffff,
	0xffff, 0xffff, 0xffff, 0xffff, 0xffff, 0xffff, 0xffff, 0xffff, 0xffff, 0xffff, 0xffff, 0xffff,
	0xffff, 0xffff, 0xffff, 0xffff, 0xffff, 0xffff, 0xffff, 0xffff, 0xffff, 0xffff, 0xffff, 0xffff,
	0xffff, 0xffff, 0xffff, 0xffff, 0xffff, 0xffff, 0xffff, 0xffff, 0xffff, 0xffff, 0xffff, 0xffff,
	0xffff, 0xffff, 0xffff, 0xffff, 0x9bd0, 0x9550, 0xffff, 0xffff, 0xffff, 0xffff, 0xffff, 0xffff,
	0xffff, 0xffff, 0xffff, 0xffff, 0xffff, 0xffff, 0xffff, 0xffff, 0xffff, 0xffff, 0xffff, 0xffff,
	0xffff, 0xffff, 0xffff, 0xffff, 0xffff, 0xffff, 0xffff, 0xffff, 0xffff, 0xffff, 0xffff, 0xffff,
	0xffff, 0xffff, 0xffff, 0xffff, 0xffff, 0xffff, 0xffff, 0xffff, 0xffff, 0xffff, 0xffff, 0xffff,
	0xffff, 0xffff, 0xffff, 0xffff, 0xffff, 0xffff, 0xffff, 0xffff, 0xffff, 0xffff, 0xffff, 0xffff,
	0xffff, 0xffff, 0xffff, 0xffff, 0xffff, 0xffff, 0xffff, 0xffff, 0xffff, 0xffff, 0xffff, 0xffff,
	0xffff, 0xffff, 0xffff, 0xffff, 0x92c6, 0xffff, 0xffff, 0xffff, 0xffff, 0xffff, 0xffff, 0xffff,
	0xffff, 0xffff, 0xffff, 0xffff, 0xffff, 0xffff, 0xffff, 0xffff, 0xffff, 0xffff, 0xffff, 0xffff,
	0xffff, 0xffff, 0xffff, 0xffff, 0xffff, 0xffff, 0xffff, 0xffff, 0xffff, 0xffff, 0xffff, 0xffff,
	0xffff, 0xffff, 0xffff, 0xffff, 0xffff, 0xffff, 0xffff, 0xffff, 0xffff, 0xffff, 0xffff, 0xffff,
	0xffff, 0xffff, 0xffff, 0xffff, 0xffff, 0xffff, 0xffff, 0xffff, 0xffff, 0xffff, 0xffff, 0xffff,
	0xffff, 0xffff, 0xffff, 0xffff, 0xffff, 0xffff, 0xffff, 0xffff, 0xffff, 0xffff, 0xffff, 0xffff,
	0xffff, 0xffff, 0xffff, 0xffff, 0xffff, 0xffff, 0xffff, 0xffff, 0xffff, 0xffff, 0xffff, 0xffff,
	0xffff, 0xffff, 0xffff, 0xffff, 0xffff, 0xffff, 0xffff, 0xffff, 0xffff, 0xffff, 0xffff, 0xffff,
	0xffff, 0xffff, 0xffff, 0xffff, 0xffff, 0xffff, 0x98a6, 0x9546, 0xffff, 0xffff, 0xffff, 0xffff,
	0xffff, 0xffff, 0xffff, 0xffff, 0xffff, 0xffff, 0xffff, 0xffff, 0xfd63, 0xffff, 0xffff, 0xffff,
	0xffff, 0xffff, 0xffff, 0xffff, 0xffff, 0xffff, 0xffff, 0xffff, 0xffff, 0xffff, 0xffff, 0xffff,
	0xffff, 0xffff, 0xffff, 0xffff, 0xffff, 0xffff, 0xffff, 0xffff, 0xffff, 0xffff, 0xffff, 0xffff,
	0xffff, 0xffff, 0xffff, 0xffff, 0xffff, 0xffff, 0xffff, 0xffff, 0xffff, 0xffff, 0xffff, 0xffff,
	0xffff, 0xffff, 0xffff, 0xffff, 0xffff, 0xffff, 0xffff, 0xffff, 0xffff, 0xfac2, 0xffff, 0xffff,
	0xffff, 0xffff, 0xffff, 0xffff, 0xffff, 0xffff, 0xffff, 0xffff, 0xffff, 0xffff, 0xffff, 0xffff,
	0xffff, 0xffff, 0xffff, 0xffff, 0xffff, 0xffff, 0xffff, 0xffff, 0xffff, 0xffff, 0xffff, 0xffff,
	0xffff, 0xffff, 0xffff, 0xffff, 0xffff, 0xffff, 0xffff, 0xffff, 0xffff, 0xffff, 0x9ec3, 0xffff,
	0xffff, 0xffff, 0xffff, 0xffff, 0xffff, 0xffff, 0xffff, 0xffff, 0xffff, 0xffff, 0xffff, 0xffff,
	0xffff, 0xffff, 0xffff, 0xffff, 0xffff, 0xffff, 0xffff, 0xffff, 0xffff, 0xffff, 0xffff, 0xffff,
	0xffff, 0xffff, 0xffff, 0xffff, 0xffff, 0xffff, 0xffff, 0xffff, 0xffff, 0xffff, 0xffff, 0xffff,
	0xffff, 0xffff, 0xffff, 0xffff, 0xffff, 0xffff, 0xffff, 0xffff, 0xffff, 0xffff, 0xffff, 0xffff,
	0xffff, 0xffff, 0xffff, 0xffff, 0xffff, 0xffff, 0xffff, 0xffff, 0xffff, 0xffff, 0xffff, 0xffff,
	0xffff, 0xffff, 0xffff, 0xffff, 0xffff, 0xffff, 0xffff, 0xffff, 0xffff, 0xffff, 0xffff, 0xffff,
	0xffff, 0xffff, 0xffff, 0xffff, 0xffff, 0xffff, 0xffff, 0xffff, 0xffff, 0xffff, 0xffff, 0xffff,
	0xffff, 0xffff, 0xffff, 0xffff, 0xffff, 0xffff, 0xffff, 0xffff, 0xffff, 0xffff, 0xffff, 0xffff,
	0xffff, 0xffff, 0xffff, 0xffff, 0xffff, 0xffff, 0xffff, 0xffff, 0xffff, 0xffff, 0xffff, 0xffff,
	0x89b2, 0x9c66, 0xffff, 0xffff, 0xffff, 0xffff, 0xffff, 0xffff, 0xffff, 0xffff, 0xffff, 0xffff,
	0xffff, 0xffff, 0xffff, 0xffff, 0xffff, 0xffff, 0xffff, 0xffff, 0xffff, 0xffff, 0xffff, 0xffff,
	0xffff, 0xffff, 0xffff, 0xffff, 0xffff, 0xffff, 0xffff, 0xffff, 0xffff, 0xffff, 0xffff, 0xffff,
	0xffff, 0xffff, 0xffff, 0xffff, 0xffff, 0xffff, 0xffff, 0xffff, 0xffff, 0xffff, 0xffff, 0xffff,
	0xffff, 0xffff, 0xffff, 0xffff, 0xffff, 0xffff, 0xffff, 0xffff, 0xffff, 0xffff, 0xffff, 0xffff,
	0xffff, 0xffff, 0xffff, 0xffff, 0x9053, 0xffff, 0xffff, 0xffff, 0xffff, 0xffff, 0xffff, 0xffff,
	0xffff, 0xffff, 0xffff, 0xffff, 0xffff, 0xffff, 0xffff, 0xffff, 0xffff, 0xffff, 0xffff, 0xffff,
	0xffff, 0xffff, 0xffff, 0xffff, 0xffff, 0xffff, 0xffff, 0xffff, 0xffff, 0xffff, 0xffff, 0x8c62,
	0xffff, 0xffff, 0xffff, 0xffff, 0xffff, 0xffff, 0xffff, 0xffff, 0xffff, 0xffff, 0xffff, 0xffff,
	0xffff, 0xffff, 0xffff, 0xffff, 0xffff, 0xffff, 0xffff, 0xffff, 0xffff, 0xffff, 0xffff, 0xffff,
	0xffff, 0xffff, 0xffff, 0xffff, 0xffff, 0xffff, 0xffff, 0xffff, 0xffff, 0xffff, 0xffff, 0xffff,
	0xffff, 0xffff, 0xffff, 0xffff, 0xffff, 0xffff, 0xffff, 0xffff, 0xffff, 0xffff, 0xffff, 0xffff,
	0xffff, 0xffff, 0xffff, 0xffff, 0xffff, 0xffff, 0xffff, 0xffff, 0xffff, 0xffff, 0xffff, 0xffff,
	0xffff, 0xffff, 0xffff, 0xffff, 0xffff, 0xffff, 0xffff, 0xffff, 0x97c1, 0xffff, 0xffff, 0xffff,
	0xffff, 0xffff, 0xffff, 0xffff, 0xffff, 0xffff, 0xffff, 0xffff, 0xffff, 0xffff, 0x9ac4, 0xffff,
	0xffff, 0xffff, 0xffff, 0xffff, 0xffff, 0xffff, 0xffff, 0xffff, 0xffff, 0x9ac5, 0x8eef, 0xffff,
	0xffff, 0xffff, 0xffff, 0xffff, 0xffff, 0xffff, 0xffff, 0xffff, 0xffff, 0xffff, 0xffff, 0xffff,
	0xffff, 0xffff, 0xffff, 0xffff, 0xffff, 0xffff, 0xffff, 0xffff, 0xffff, 0xffff, 0xffff, 0xffff,
	0xffff, 0xffff, 0xffff, 0xffff, 0xffff, 0xffff, 0xffff, 0xffff, 0xffff, 0xffff, 0xffff, 0xffff,
	0xffff, 0xffff, 0xffff, 0xffff, 0xffff, 0xffff, 0xffff, 0xffff, 0xffff, 0xffff, 0xffff, 0xffff,
	0xffff, 0xffff, 0xffff, 0xffff, 0xffff, 0xffff, 0xffff, 0xffff, 0xffff, 0xffff, 0xffff, 0xffff,
	0xffff, 0xffff, 0xffff, 0xffff, 0xffff, 0xffff, 0xffff, 0xffff, 0xffff, 0xffff, 0xffff, 0xffff,
	0xffff, 0xffff, 0xffff, 0xffff, 0xffff, 0xffff, 0xffff, 0xffff, 0xffff, 0xffff, 0xffff, 0xffff,
	0xffff, 0xffff, 0xffff, 0xffff, 0xffff, 0xffff, 0xffff, 0xffff, 0xffff, 0xffff, 0xffff, 0xffff,
	0xffff, 0xffff, 0xffff, 0xffff, 0xffff, 0xffff, 0xffff, 0xffff, 0xffff, 0xffff, 0xffff, 0xffff,
	0xffff, 0xffff, 0xffff, 0xffff, 0xffff, 0xffff, 0xffff, 0xffff, 0xffff, 0xffff, 0xffff, 0xffff,
	0xffff, 0xffff, 0xffff, 0xffff, 0xffff, 0xffff, 0xffff, 0xffff, 0xfae9, 0xffff, 0xffff, 0xffff,
	0xffff, 0xffff, 0xffff, 0xffff, 0xffff, 0xffff, 0xffff, 0xffff, 0xffff, 0xffff, 0xffff, 0xffff,
	0x8d40, 0xffff, 0xffff, 0xffff, 0xffff, 0xffff, 0xffff, 0xffff, 0xffff, 0x9262, 0x8af7, 0xffff,
	0xffff, 0xffff, 0xffff, 0xffff, 0xffff, 0xffff, 0xffff, 0xffff, 0xffff, 0xffff, 0xffff, 0xffff,
	0xffff, 0xffff, 0xffff, 0xffff, 0xffff, 0xffff, 0xffff, 0xffff, 0x9ac6, 0xffff, 0xffff, 0xffff,
	0xffff, 0xffff, 0xffff, 0x92e1, 0xffff, 0xffff, 0xffff, 0xffff, 0x9ac9, 0xffff, 0xffff, 0xffff,
	0xffff, 0xffff, 0xffff, 0xffff, 0xffff, 0xffff, 0xffff, 0xffff, 0xffff, 0xffff, 0xffff, 0xffff,
	0xffff, 0xffff, 0xffff, 0xffff, 0xffff, 0xffff, 0xffff, 0xfac6, 0xffff, 0xffff, 0xffff, 0xffff,
	0xffff, 0xffff, 0xffff, 0xffff, 0x97a5, 0xffff, 0xffff, 0xffff, 0xffff, 0xffff, 0xffff, 0xffff,
	0xffff, 0xffff, 0xffff, 0xffff, 0xffff, 0xffff, 0xffff, 0xffff, 0x9acb, 0xffff, 0xffff, 0xffff,
	0xfa72, 0x8a5e, 0xffff, 0x94e0, 0xffff, 0xffff, 0xffff, 0xffff, 0xffff, 0xffff, 0xffff, 0xffff,
	0xffff, 0xffff, 0xffff, 0xffff, 0xffff, 0xffff, 0xffff, 0xffff, 0xffff, 0xffff, 0x92cc, 0xffff,
	0xffff, 0xffff, 0xffff, 0xffff, 0xffff, 0xffff, 0xffff, 0xffff, 0xffff, 0xffff, 0xffff, 0xffff,
	0xffff, 0xffff, 0xffff, 0xffff, 0xffff, 0xffff, 0x8ae5, 0xffff, 0xffff, 0xffff, 0xffff, 0xffff,
	0xfe5c, 0x9acc, 0xffff, 0xffff, 0xffff, 0xffff, 0xffff, 0x9df9, 0x8a43, 0x8aa6, 0xffff, 0xffff,
	0xffff, 0xffff, 0xffff, 0xffff, 0xffff, 0xffff, 0xffff, 0xffff, 0xffff, 0xffff, 0xffff, 0xffff,
	0xffff, 0x9acd, 0xffff, 0xffff, 0xffff, 0xffff, 0xffff, 0xffff, 0xffff, 0xffff, 0xffff, 0xffff,
	0xffff, 0xffff, 0xffff, 0xffff, 0xffff, 0xffff, 0xffff, 0x9ace, 0xffff, 0xffff, 0xffff, 0xffff,
	0xffff, 0xffff, 0xffff, 0xffff, 0xffff, 0xffff, 0xffff, 0xffff, 0xffff, 0xffff, 0xffff, 0xffff,
	0xffff, 0xfaee, 0x9bcc, 0xffff, 0xffff, 0xffff, 0x9acf, 0xffff, 0xffff, 0xffff, 0xffff, 0xffff,
	0xffff, 0xffff, 0xffff, 0xffff, 0xffff, 0xffff, 0xffff, 0xffff, 0xffff, 0xffff, 0xffff, 0x9ad1,
	0xffff, 0xffff, 0xffff, 0xffff, 0xffff, 0xffff, 0xffff, 0xffff, 0x9dfa, 0xffff, 0xffff, 0xffff,
	0xffff, 0xffff, 0x9d7c, 0xffff, 0xffff, 0xffff, 0xffff, 0xffff, 0xffff, 0xffff, 0xffff, 0xffff,
	0xffff, 0xffff, 0xffff, 0xffff, 0xffff, 0xffff, 0xffff, 0xffff, 0xffff, 0xffff, 0xffff, 0xffff,
	0xffff, 0xffff, 0xffff, 0x9ad3, 0xffff, 0xffff, 0x97a6, 0xffff, 0xffff, 0xffff, 0xffff, 0xffff,
	0xffff, 0xffff, 0xffff, 0xffff, 0xffff, 0xffff, 0xffff, 0xffff, 0xffff, 0xffff, 0xffff, 0xffff,
	0xffff, 0xffff, 0xffff, 0xffff, 0xffff, 0x995f, 0xffff, 0xffff, 0xffff, 0xfbf6, 0x9fc5, 0x8a59,
	0x8b6b, 0xffff, 0xffff, 0xffff, 0xffff, 0xffff, 0xffff, 0x9ad4, 0xffff, 0xffff, 0xffff, 0xffff,
	0xffff, 0xffff, 0xffff, 0xffff, 0xffff, 0xffff, 0xffff, 0xffff, 0xffff, 0xffff, 0xffff, 0x9ad5,
	0xffff, 0xffff, 0xffff, 0xffff, 0xffff, 0xffff, 0xffff, 0xffff, 0xffff, 0xffff, 0xffff, 0xffff,
	0xffff, 0xffff, 0xffff, 0xffff, 0xffff, 0x97a2, 0x8a44, 0xffff, 0xffff, 0xffff, 0xffff, 0xffff,
	0xffff, 0xffff, 0xffff, 0xffff, 0xffff, 0xffff, 0xffff, 0xffff, 0xffff, 0xffff, 0xffff, 0xffff,
	0xffff, 0x9f4a, 0xffff, 0xffff, 0xffff, 0xffff, 0xffff, 0xffff, 0xffff, 0xffff, 0x90a1, 0xfda4,
	0xffff, 0xffff, 0xffff, 0xffff, 0xffff, 0xffff, 0xffff, 0xffff, 0xffff, 0xffff, 0xffff, 0xffff,
	0xffff, 0xffff, 0xffff, 0xffff, 0xffff, 0xffff, 0xffff, 0x8a64, 0x8af2, 0x8af8, 0x9dd8, 0xffff,
	0xffff, 0x94d6, 0xfafe, 0xfba7, 0xffff, 0xffff, 0xffff, 0xffff, 0xffff, 0xffff, 0xffff, 0xffff,
	0xffff, 0xffff, 0xffff, 0xffff, 0xffff, 0xffff, 0xffff, 0xffff, 0xffff, 0xffff, 0xffff, 0xffff,
	0xffff, 0xffff, 0xffff, 0xffff, 0xffff, 0xffff, 0xffff, 0xffff, 0xffff, 0xffff, 0xffff, 0xffff,
	0x9ad6, 0xffff, 0x9f4d, 0xffff, 0xffff, 0xfaf6, 0xffff, 0xffff, 0xffff, 0xffff, 0xffff, 0xffff,
	0xffff, 0x8a57, 0xffff, 0x8b43, 0x8b44, 0xffff, 0xffff, 0xffff, 0xffff, 0xffff, 0xffff, 0xffff,
	0xffff, 0xffff, 0xffff, 0xffff, 0xffff, 0xffff, 0xffff, 0xffff, 0xffff, 0xffff, 0xffff, 0xffff,
	0xffff, 0xffff, 0xffff, 0x8ab6, 0xffff, 0xffff, 0xffff, 0xffff, 0xffff, 0x8ac0, 0xffff, 0xffff,
	0xffff, 0xffff, 0xffff, 0xffff, 0xffff, 0xffff, 0xffff, 0xffff, 0x9e54, 0xffff, 0xffff, 0xffff,
	0xffff, 0xffff, 0xffff, 0xffff, 0xffff, 0xffff, 0xffff, 0x9ad7, 0xffff, 0xffff, 0xffff, 0xffff,
	0xffff, 0xffff, 0xffff, 0xffff, 0xffff, 0xffff, 0xffff, 0xffff, 0xffff, 0xffff, 0xffff, 0xffff,
	0xffff, 0xffff, 0xffff, 0xffff, 0xffff, 0x9ad8, 0x9adc, 0xffff, 0xffff, 0xffff, 0xffff, 0x8aca,
	0x9ea8, 0xffff, 0xffff, 0x9263, 0x9add, 0x8b65, 0x8b6f, 0x8b7e, 0xffff, 0xffff, 0xffff, 0xffff,
	0x8f43, 0xffff, 0xffff, 0xffff, 0xffff, 0xffff, 0xffff, 0x92d0, 0xffff, 0xffff, 0xffff, 0xffff,
	0xffff, 0xffff, 0xffff, 0xffff, 0xffff, 0xffff, 0xffff, 0xffff, 0xffff, 0xffff, 0xffff, 0xffff,
	0xffff, 0xffff, 0xffff, 0xffff, 0xffff, 0xffff, 0xffff, 0xffff, 0xffff, 0xffff, 0xffff, 0xffff,
	0xffff, 0xffff, 0xffff, 0xffff, 0xffff, 0xffff, 0xffff, 0xffff, 0xffff, 0xffff, 0xffff, 0xffff,
	0xffff, 0xffff, 0xffff, 0xffff, 0xffff, 0xffff, 0x8af4, 0xffff, 0xffff, 0xffff, 0xffff, 0xffff,
	0xffff, 0xffff, 0xffff, 0xffff, 0xffff, 0xffff, 0xffff, 0xffff, 0xffff, 0xffff, 0xffff, 0xffff,
	0xffff, 0xffff, 0xffff, 0xffff, 0xffff, 0xffff, 0xffff, 0xffff, 0xffff, 0xffff, 0xffff, 0xffff,
	0xffff, 0xffff, 0xffff, 0x9dbe, 0xffff, 0xffff, 0xffff, 0xffff, 0xffff, 0x9ae1, 0xffff, 0xfcde,
	0x9dfd, 0x8b66, 0x8b70, 0x8b75, 0x8ae4, 0x8ba4, 0xffff, 0xffff, 0xffff, 0xffff, 0xffff, 0xffff,
	0xffff, 0xffff, 0xffff, 0xffff, 0xffff, 0xffff, 0xffff, 0xffff, 0xffff, 0xffff, 0x8aed, 0xffff,
	0xffff, 0xffff, 0xffff, 0xffff, 0xffff, 0xffff, 0xffff, 0xffff, 0x8a5d, 0xffff, 0x8b48, 0xffff,
	0xffff, 0xffff, 0xffff, 0x9ded, 0xffff, 0xffff, 0xffff, 0xffff, 0x9e40, 0xffff, 0xffff, 0xffff,
	0xffff, 0xffff, 0xffff, 0xffff, 0x8aef, 0x8af6, 0x9e76, 0xffff, 0xffff, 0xffff, 0xffff, 0xffff,
	0xffff, 0xffff, 0xffff, 0xffff, 0x9ee3, 0xffff, 0xffff, 0xffff, 0xffff, 0xffff, 0xffff, 0xffff,
	0xffff, 0xffff, 0xffff, 0xffff, 0xffff, 0xffff, 0xffff, 0xffff, 0xffff, 0xffff, 0xffff, 0xffff,
	0xffff, 0xffff, 0xffff, 0xffff, 0xffff, 0xffff, 0xffff, 0xffff, 0xffff, 0xffff, 0xffff, 0xffff,
	0xffff, 0x9ade, 0x8dfe, 0xffff, 0xffff, 0xffff, 0xffff, 0xfafc, 0xffff, 0xffff, 0xffff, 0xffff,
	0xffff, 0xffff, 0xffff, 0xffff, 0xffff, 0xffff, 0xffff, 0xffff, 0xffff, 0xffff, 0xffff, 0xffff,
	0xffff, 0xffff, 0xffff, 0xffff, 0xffff, 0xffff, 0xffff, 0xffff, 0xffff, 0xffff, 0x9cb1, 0x9e77,
	0x8b64, 0x8b67, 0x974b, 0xffff, 0xffff, 0xffff, 0xffff, 0xffff, 0xffff, 0xffff, 0xffff, 0x9653,
	0xffff, 0xffff, 0xffff, 0xffff, 0xffff, 0xffff, 0x9ae0, 0x8b4a, 0xffff, 0x8af1, 0x8ad7, 0xffff,
	0xffff, 0xffff, 0xffff, 0xffff, 0xffff, 0xffff, 0xffff, 0xffff, 0xa0ab, 0xffff, 0xffff, 0xffff,
	0xffff, 0xffff, 0xffff, 0xffff, 0xffff, 0xffff, 0xffff, 0xffff, 0xffff, 0xffff, 0xffff, 0xffff,
	0xffff, 0x8ab5, 0xffff, 0xffff, 0xffff, 0xffff, 0xffff, 0xffff, 0xffff, 0xffff, 0xffff, 0xffff,
	0xffff, 0xffff, 0xffff, 0xffff, 0xffff, 0xffff, 0xffff, 0xffff, 0xffff, 0xffff, 0xffff, 0xffff,
	0xffff, 0x8a5f, 0xffff, 0xffff, 0xffff, 0xffff, 0xffff, 0xffff, 0xffff, 0xffff, 0xffff, 0xffff,
	0xffff, 0xffff, 0xffff, 0xffff, 0xffff, 0xffff, 0xffff, 0xffff, 0xffff, 0xffff, 0xffff, 0xffff,
	0xffff, 0xffff, 0xffff, 0xffff, 0xffff, 0xffff, 0xffff, 0xffff, 0xffff, 0xffff, 0xffff, 0xffff,
	0xffff, 0xffff, 0xffff, 0xffff, 0xffff, 0xffff, 0x8aee, 0xffff, 0xffff, 0x9adf, 0xffff, 0xffff,
	0xffff, 0xffff, 0xffff, 0xffff, 0xffff, 0xffff, 0xffff, 0xffff, 0xffff, 0xffff, 0xffff, 0xffff,
	0xffff, 0xffff, 0xffff, 0xffff, 0xffff, 0xffff, 0xffff, 0xffff, 0xffff, 0xffff, 0xffff, 0xffff,
	0xffff, 0xffff, 0x8afe, 0xffff, 0xffff, 0xffff, 0xffff, 0xffff, 0xffff, 0x8a58, 0x8ba3, 0x8ba7,
	0xffff, 0xffff, 0xffff, 0xffff, 0xffff, 0x9ae3, 0xffff, 0xffff, 0xffff, 0xffff, 0xffff, 0xffff,
	0xffff, 0xffff, 0xffff, 0xffff, 0xffff, 0xffff, 0xffff, 0xffff, 0xffff, 0xffff, 0xffff, 0xffff,
	0xffff, 0xffff, 0xffff, 0xffff, 0xffff, 0xffff, 0xffff, 0xffff, 0xffff, 0xffff, 0xffff, 0xffff,
	0xffff, 0xffff, 0xffff, 0xffff, 0x9261, 0xffff, 0xffff, 0xffff, 0xffff, 0xffff, 0xffff, 0xffff,
	0xffff, 0xffff, 0xffff, 0x9dd7, 0x9e7d, 0x9ea7, 0x9eab, 0x9042, 0xffff, 0xffff, 0xffff, 0xffff,
	0xffff, 0xffff, 0xffff, 0xffff, 0x8b79, 0x8b7a, 0xffff, 0xffff, 0xffff, 0xffff, 0xffff, 0xffff,
	0xffff, 0xffff, 0xffff, 0xffff, 0xffff, 0xffff, 0xffff, 0xffff, 0xffff, 0xffff, 0xffff, 0xffff,
	0xffff, 0xffff, 0xffff, 0xffff, 0xffff, 0xffff, 0xffff, 0xffff, 0xffff, 0xffff, 0xffff, 0xffff,
	0xffff, 0xffff, 0xffff, 0xffff, 0xffff, 0xffff, 0xffff, 0xffff, 0xffff, 0xffff, 0xffff, 0xffff,
	0xffff, 0xffff, 0xffff, 0xffff, 0xffff, 0xffff, 0x9ae6, 0xffff, 0xffff, 0xffff, 0xffff, 0xffff,
	0xffff, 0xffff, 0xffff, 0xffff, 0xffff, 0xffff, 0xffff, 0x9ae5, 0xffff, 0xffff, 0xffff, 0xffff,
	0xffff, 0xffff, 0xffff, 0xffff, 0xffff, 0xffff, 0xffff, 0xffff, 0xffff, 0xffff, 0xffff, 0xffff,
	0xffff, 0xffff, 0x8a7e, 0xffff, 0xffff, 0xffff, 0xffff, 0xffff, 0x9e44, 0x9ae7, 0x8a7c, 0x8b71,
	0xffff, 0xffff, 0x9ae9, 0xffff, 0xffff, 0xffff, 0xffff, 0xffff, 0xffff, 0xffff, 0xffff, 0xffff,
	0xffff, 0xffff, 0xffff, 0x9aea, 0xffff, 0xffff, 0xffff, 0xffff, 0xffff, 0xffff, 0xffff, 0xffff,
	0xffff, 0xffff, 0xffff, 0xffff, 0xffff, 0x9aeb, 0xffff, 0xffff, 0xffff, 0xffff, 0xffff, 0xffff,
	0x8abd, 0xffff, 0xffff, 0xffff, 0xffff, 0xffff, 0xffff, 0xffff, 0xffff, 0xffff, 0xffff, 0xffff,
	0xffff, 0xffff, 0xffff, 0xffff, 0xffff, 0xffff, 0xffff, 0xffff, 0xffff, 0xffff, 0xffff, 0xfb4e,
	0xffff, 0xffff, 0xffff, 0xffff, 0xffff, 0xffff, 0xffff, 0xffff, 0xffff, 0xffff, 0x9aed, 0x8af9,
	0x9e63, 0xffff, 0xffff, 0xffff, 0xffff, 0xffff, 0x8b49, 0x8ace, 0x8b6e, 0xffff, 0xffff, 0xffff,
	0xffff, 0xffff, 0x8ae8, 0xffff, 0xffff, 0xffff, 0x9aee, 0xffff, 0xffff, 0xffff, 0xffff, 0xffff,
	0xffff, 0xffff, 0xffff, 0xffff, 0xffff, 0xffff, 0xffff, 0xffff, 0xffff, 0xffff, 0xffff, 0x92ce,
	0xffff, 0xffff, 0xffff, 0xffff, 0xffff, 0xffff, 0xffff, 0xffff, 0xffff, 0xffff, 0xffff, 0xffff,
	0xffff, 0xffff, 0xffff, 0x8a5a, 0x8b7b, 0x8b7c, 0x9aef, 0xffff, 0xffff, 0xffff, 0xffff, 0xffff,
	0xffff, 0xffff, 0xffff, 0xffff, 0xffff, 0xffff, 0x9af0, 0xffff, 0x8afa, 0xffff, 0xffff, 0xffff,
	0xffff, 0xffff, 0xffff, 0xffff, 0x8941, 0xffff, 0xffff, 0x8b72, 0xffff, 0xffff, 0xffff, 0xffff,
	0xffff, 0xffff, 0x8af3, 0xffff, 0xffff, 0xffff, 0xffff, 0xffff, 0xffff, 0xffff, 0xffff, 0xffff,
	0xffff, 0xffff, 0xffff, 0xffff, 0xffff, 0xffff, 0xffff, 0xffff, 0xffff, 0xffff, 0xffff, 0xffff,
	0xffff, 0xffff, 0xffff, 0xffff, 0xffff, 0xffff, 0xffff, 0xffff, 0xffff, 0xffff, 0xffff, 0xffff,
	0xffff, 0xffff, 0xffff, 0xffff, 0xffff, 0xffff, 0xffff, 0xffff, 0xffff, 0xffff, 0xffff, 0xffff,
	0xffff, 0xffff, 0xffff, 0x8ba8, 0xffff, 0xffff, 0xffff, 0xffff, 0xffff, 0xffff, 0x9eae, 0xffff,
	0xffff, 0xffff, 0xffff, 0xffff, 0xffff, 0xffff, 0xffff, 0xffff, 0xffff, 0xffff, 0xffff, 0xffff,
	0xffff, 0xffff, 0xffff, 0xffff, 0xffff, 0xffff, 0xffff, 0xffff, 0xffff, 0xffff, 0xffff, 0xffff,
	0xffff, 0xffff, 0xffff, 0xffff, 0xffff, 0xffff, 0xffff, 0xffff, 0xffff, 0xffff, 0xffff, 0xffff,
	0xffff, 0xffff, 0xffff, 0xffff, 0xffff, 0xffff, 0xffff, 0xffff, 0xffff, 0xffff, 0xffff, 0xffff,
	0xffff, 0xffff, 0xffff, 0xffff, 0xffff, 0xffff, 0xffff, 0xffff, 0xffff, 0xffff, 0xffff, 0xffff,
	0xffff, 0xffff, 0xffff, 0xffff, 0xffff, 0xffff, 0xffff, 0xffff, 0xffff, 0xffff, 0xffff, 0xffff,
	0xffff, 0xffff, 0xffff, 0xffff, 0xffff, 0xffff, 0xffff, 0xffff, 0x9e72, 0xfb73, 0xffff, 0xffff,
	0xffff, 0xffff, 0xffff, 0xffff, 0xffff, 0xffff, 0xffff, 0xffff, 0xffff, 0xffff, 0xffff, 0xffff,
	0xffff, 0xffff, 0xffff, 0xffff, 0xfb5f, 0xffff, 0xffff, 0xffff, 0xffff, 0xffff, 0xffff, 0xffff,
	0xffff, 0xffff, 0xffff, 0xffff, 0xffff, 0xffff, 0xffff, 0xffff, 0xffff, 0xffff, 0xffff, 0xffff,
	0xffff, 0xffff, 0xffff, 0xffff, 0xffff, 0xffff, 0xffff, 0xffff, 0xffff, 0xffff, 0xffff, 0xffff,
	0xffff, 0xffff, 0xffff, 0xffff, 0xffff, 0xffff, 0xffff, 0xffff, 0xffff, 0xffff, 0xffff, 0xffff,
	0xffff, 0x90ba, 0xffff, 0xffff, 0xffff, 0xffff, 0xffff, 0xffff, 0xffff, 0xffff, 0xffff, 0xffff,
	0xffff, 0xffff, 0xffff, 0xffff, 0xffff, 0xffff, 0xffff, 0xffff, 0xffff, 0xffff, 0xffff, 0xffff,
	0xffff, 0xffff, 0xffff, 0xffff, 0xffff, 0xffff, 0xffff, 0xffff, 0xffff, 0xffff, 0xffff, 0xffff,
	0xffff, 0xffff, 0xffff, 0xffff, 0xffff, 0xffff, 0xffff, 0xffff, 0xffff, 0x91fe, 0x9ef6, 0xffff,
	0xffff, 0xffff, 0xffff, 0xffff, 0xffff, 0x97ed, 0xffff, 0xffff, 0xffff, 0xffff, 0xffff, 0xffff,
	0xffff, 0xffff, 0xffff, 0xffff, 0xffff, 0xffff, 0xffff, 0xffff, 0xffff, 0xffff, 0xffff, 0xffff,
	0xffff, 0xffff, 0xffff, 0xffff, 0xffff, 0xffff, 0xffff, 0xffff, 0xffff, 0xffff, 0xffff, 0xffff,
	0xffff, 0xffff, 0xffff, 0xffff, 0xffff, 0xffff, 0xffff, 0xffff, 0xffff, 0xffff, 0xffff, 0xffff,
	0xffff, 0xffff, 0xffff, 0xffff, 0xffff, 0xffff, 0xffff, 0xffff, 0x9af3, 0xffff, 0xffff, 0xffff,
	0xffff, 0xffff, 0xffff, 0xffff, 0xffff, 0xffff, 0xffff, 0xffff, 0xffff, 0xffff, 0xffff, 0xffff,
	0xffff, 0xffff, 0xffff, 0xffff, 0xffff, 0xffff, 0xffff, 0xffff, 0xffff, 0xffff, 0xffff, 0xa0ee,
	0x967c, 0x9345, 0x986e, 0xfa56, 0xffff, 0xffff, 0xffff, 0xffff, 0xffff, 0xffff, 0xffff, 0xffff,
	0xffff, 0xffff, 0xffff, 0xffff, 0xffff, 0xffff, 0xffff, 0xffff, 0xffff, 0xffff, 0xffff, 0xffff,
	0xffff, 0xffff, 0xffff, 0xffff, 0xffff, 0xffff, 0xffff, 0xffff, 0xffff, 0xffff, 0xffff, 0xffff,
	0xffff, 0xffff, 0xffff, 0xffff, 0xffff, 0xffff, 0xffff, 0xffff, 0xffff, 0xffff, 0xffff, 0xffff,
	0xffff, 0xffff, 0xffff, 0xffff, 0x9af5, 0xffff, 0xffff, 0xffff, 0xfc4b, 0xffff, 0xffff, 0xffff,
	0xffff, 0xffff, 0xffff, 0xffff, 0xffff, 0xffff, 0xffff, 0xffff, 0xffff, 0xffff, 0xffff, 0xffff,
	0xffff, 0xffff, 0xffff, 0xffff, 0xffff, 0xffff, 0xffff, 0xffff, 0xffff, 0xffff, 0xffff, 0xffff,
	0xffff, 0xffff, 0xffff, 0xffff, 0xffff, 0xffff, 0xffff, 0xffff, 0xffff, 0xffff, 0xffff, 0xffff,
	0xffff, 0xffff, 0xffff, 0xffff, 0xffff, 0xffff, 0xffff, 0xffff, 0xffff, 0xffff, 0xffff, 0xffff,
	0xffff, 0xffff, 0xffff, 0xffff, 0xffff, 0xffff, 0xffff, 0x9af4, 0xfede, 0xffff, 0xffff, 0xffff,
	0xffff, 0xffff, 0xffff, 0xffff, 0xffff, 0xffff, 0xffff, 0xffff, 0xffff, 0xffff, 0xffff, 0xffff,
	0xffff, 0xffff, 0xffff, 0xffff, 0xffff, 0xffff, 0xffff, 0xffff, 0xfcb7, 0xffff, 0xffff, 0xffff,
	0xffff, 0xffff, 0xffff, 0xffff, 0xffff, 0xffff, 0x97f1, 0xffff, 0xffff, 0xffff, 0x97c7, 0xffff,
	0xffff, 0xffff, 0xffff, 0xffff, 0xffff, 0xffff, 0xffff, 0xffff, 0xffff, 0xffff, 0xffff, 0xffff,
	0xffff, 0xffff, 0xffff, 0xffff, 0xffff, 0xffff, 0xffff, 0xffff, 0xffff, 0xffff, 0xffff, 0xffff,
	0xffff, 0xffff, 0xffff, 0xffff, 0xffff, 0xffff, 0xffff, 0xffff, 0xffff, 0xffff, 0xffff, 0xffff,
	0xffff, 0xffff, 0xffff, 0x9ccb, 0x9240, 0xffff, 0xffff, 0xffff, 0xffff, 0xffff, 0xffff, 0xffff,
	0xffff, 0xffff, 0xffff, 0xffff, 0xffff, 0xffff, 0xffff, 0xffff, 0xffff, 0xffff, 0xffff, 0xffff,
	0xffff, 0xffff, 0xffff, 0xffff, 0xffff, 0xffff, 0xffff, 0xffff, 0xffff, 0xffff, 0xffff, 0xffff,
	0xffff, 0xffff, 0xffff, 0xffff, 0xffff, 0xffff, 0xffff, 0x9ce8, 0xffff, 0xffff, 0xffff, 0xffff,
	0xffff, 0xffff, 0xffff, 0xffff, 0xffff, 0xffff, 0xffff, 0xffff, 0xffff, 0xffff, 0xffff, 0xffff,
	0x91fd, 0x974e, 0xffff, 0xffff, 0xfb68, 0xffff, 0xffff, 0xffff, 0xffff, 0xffff, 0xffff, 0xffff,
	0xffff, 0xffff, 0xffff, 0xffff, 0xffff, 0xffff, 0x976c, 0xffff, 0xffff, 0xffff, 0xffff, 0xffff,
	0xffff, 0xffff, 0xffff, 0xffff, 0xffff, 0xffff, 0xffff, 0xffff, 0xffff, 0xffff, 0xffff, 0xffff,
	0xffff, 0xffff, 0xffff, 0xffff, 0xffff, 0xffff, 0xffff, 0xffff, 0xffff, 0x8cc2, 0xffff, 0xffff,
	0xffff, 0xffff, 0xffff, 0xffff, 0xffff, 0xffff, 0xffff, 0xffff, 0xffff, 0xffff, 0xffff, 0xffff,
	0xffff, 0xffff, 0xffff, 0xffff, 0x97e8, 0xffff, 0xfb6a, 0x8b74, 0xffff, 0xffff, 0xffff, 0xffff,
	0xffff, 0xffff, 0xffff, 0xffff, 0xffff, 0xffff, 0xffff, 0xffff, 0xffff, 0xffff, 0xffff, 0xffff,
	0xffff, 0xffff, 0xffff, 0xffff, 0xffff, 0xffff, 0xffff, 0xffff, 0xffff, 0xffff, 0xffff, 0xffff,
	0xffff, 0xffff, 0xffff, 0xffff, 0xffff, 0xffff, 0xffff, 0xffff, 0xffff, 0xffff, 0xffff, 0xffff,
	0xffff, 0xffff, 0xffff, 0xffff, 0xffff, 0xffff, 0xffff, 0xffff, 0xffff, 0xffff, 0xffff, 0xffff,
	0x8ee7, 0xffff, 0xffff, 0xffff, 0xffff, 0xffff, 0xffff, 0xffff, 0xffff, 0xffff, 0xffff, 0xffff,
	0xffff, 0xfdc8, 0xffff, 0xffff, 0xffff, 0xffff, 0xffff, 0xffff, 0xffff, 0xffff, 0xffff, 0xffff,
	0xffff, 0xffff, 0xffff, 0xffff, 0xffff, 0xffff, 0xffff, 0xffff, 0xffff, 0xffff, 0xffff, 0xffff,
	0xffff, 0xffff, 0xffff, 0xffff, 0xffff, 0xffff, 0xffff, 0xffff, 0x9241, 0xffff, 0xffff, 0xffff,
	0xffff, 0xffff, 0xffff, 0xffff, 0xffff, 0xffff, 0xffff, 0xffff, 0xffff, 0xffff, 0xffff, 0xffff,
	0xffff, 0xffff, 0xffff, 0xffff, 0xffff, 0xffff, 0xffff, 0xffff, 0xffff, 0xffff, 0xffff, 0xffff,
	0xffff, 0xffff, 0xffff, 0xffff, 0xffff, 0xffff, 0xffff, 0xffff, 0xffff, 0xffff, 0xffff, 0xffff,
	0xffff, 0xffff, 0xffff, 0xffff, 0xffff, 0xffff, 0xffff, 0xffff, 0xffff, 0xffff, 0x96a1, 0xffff,
	0xffff, 0xffff, 0xffff, 0xffff, 0xffff, 0xffff, 0xffff, 0xffff, 0xffff, 0xffff, 0xffff, 0xffff,
	0xffff, 0xffff, 0xffff, 0xffff, 0xffff, 0xffff, 0xffff, 0x8ef3, 0x9af7, 0xffff, 0xffff, 0xffff,
	0xffff, 0xffff, 0xffff, 0xffff, 0xffff, 0xffff, 0xffff, 0x8fa6, 0xffff, 0xffff, 0xffff, 0xffff,
	0xffff, 0xffff, 0xffff, 0xffff, 0xffff, 0xffff, 0xffff, 0xffff, 0xffff, 0xffff, 0xffff, 0xffff,
	0xffff, 0xffff, 0xffff, 0xfad6, 0x9cc7, 0xffff, 0xffff, 0xffff, 0xffff, 0xffff, 0xffff, 0xffff,
	0xffff, 0xfad7, 0xffff, 0xffff, 0xffff, 0xffff, 0xffff, 0x9af8, 0xffff, 0xffff, 0xffff, 0xffff,
	0xffff, 0xffff, 0xffff, 0xffff, 0xffff, 0xffff, 0xffff, 0xffff, 0xffff, 0xffff, 0xffff, 0xffff,
	0xffff, 0xffff, 0xffff, 0xffff, 0xffff, 0xffff, 0xffff, 0xffff, 0xffff, 0xffff, 0xffff, 0xffff,
	0xffff, 0xffff, 0xffff, 0xffff, 0xffff, 0xffff, 0xffff, 0xffff, 0xfba1, 0xffff, 0xffff, 0xffff,
	0xffff, 0xffff, 0xffff, 0xffff, 0xffff, 0xffff, 0xffff, 0xffff, 0xffff, 0xffff, 0xffff, 0xffff,
	0xffff, 0xffff, 0xffff, 0xffff, 0xffff, 0xffff, 0xffff, 0xffff, 0xffff, 0xffff, 0xffff, 0xffff,
	0xffff, 0xffff, 0xffff, 0xffff, 0xffff, 0xffff, 0xffff, 0x8ec5, 0xffff, 0xffff, 0xffff, 0xffff,
	0xffff, 0xffff, 0xffff, 0xffff, 0xffff, 0xffff, 0xffff, 0xffff, 0xffff, 0xffff, 0xffff, 0xffff,
	0xffff, 0xffff, 0xffff, 0xffff, 0xffff, 0xffff, 0xffff, 0xffff, 0xffff, 0xffff, 0xffff, 0xffff,
	0xffff, 0xffff, 0xffff, 0xffff, 0xffff, 0xffff, 0xffff, 0xffff, 0xffff, 0xffff, 0xffff, 0xffff,
	0xffff, 0xffff, 0xffff, 0xffff, 0xffff, 0xffff, 0xffff, 0xffff, 0xfba4, 0xffff, 0xffff, 0xffff,
	0xffff, 0xffff, 0xffff, 0xffff, 0xffff, 0xffff, 0xffff, 0xffff, 0xffff, 0xffff, 0xffff, 0xffff,
	0xffff, 0xffff, 0xffff, 0xffff, 0xffff, 0xffff, 0xffff, 0xffff, 0xffff, 0xffff, 0xffff, 0xffff,
	0xffff, 0xffff, 0xffff, 0xffff, 0xffff, 0xffff, 0xffff, 0xffff, 0xffff, 0xffff, 0xfbc2, 0xffff,
	0x9ac1, 0xffff, 0xffff, 0xffff, 0xffff, 0xffff, 0x91fa, 0xfedb, 0x97ab, 0xffff, 0xffff, 0xffff,
	0xffff, 0xffff, 0xffff, 0xffff, 0xffff, 0xffff, 0xffff, 0xffff, 0xffff, 0xffff, 0xffff, 0xffff,
	0xffff, 0x9147, 0xffff, 0xfbb1, 0xffff, 0xffff, 0xffff, 0xffff, 0xffff, 0xffff, 0xffff, 0xffff,
	0xffff, 0x8fea, 0xffff, 0xffff, 0xffff, 0xffff, 0xffff, 0xffff, 0x94d2, 0xfe61, 0xface, 0xffff,
	0xffff, 0xffff, 0xffff, 0xffff, 0xffff, 0xffff, 0xffff, 0xffff, 0xffff, 0xffff, 0xffff, 0xffff,
	0xffff, 0xffff, 0xffff, 0xffff, 0x92ed, 0x91f3, 0x93c6, 0xffff, 0x935a, 0xfafb, 0xffff, 0xffff,
	0x92ef, 0xffff, 0xffff, 0xffff, 0xffff, 0xffff, 0xffff, 0xffff, 0xffff, 0xffff, 0xffff, 0xffff,
	0xffff, 0xffff, 0xffff, 0xffff, 0xffff, 0xffff, 0xffff, 0xffff, 0xffff, 0xffff, 0xfac8, 0xffff,
	0xffff, 0xffff, 0xffff, 0xffff, 0xffff, 0xffff, 0xffff, 0xffff, 0xffff, 0xffff, 0xffff, 0xffff,
	0xffff, 0xffff, 0xffff, 0xffff, 0xffff, 0xffff, 0x9847, 0x9366, 0x9855, 0xffff, 0xffff, 0xffff,
	0xffff, 0xffff, 0xffff, 0xffff, 0xffff, 0xffff, 0xffff, 0xffff, 0xffff, 0xffff, 0xffff, 0xffff,
	0xffff, 0xffff, 0xffff, 0xffff, 0xffff, 0xffff, 0xffff, 0xffff, 0xffff, 0xffff, 0xffff, 0x96e6,
	0xffff, 0xffff, 0xffff, 0xffff, 0xffff, 0xffff, 0xffff, 0xffff, 0xffff, 0xffff, 0xffff, 0xffff,
	0xffff, 0xffff, 0xffff, 0xffff, 0xffff, 0xffff, 0xffff, 0xffff, 0x9f43, 0x9faa, 0x94da, 0x92ee,
	0xfcaf, 0xfbfb, 0xffff, 0x8ef9, 0x91f6, 0xffff, 0xffff, 0xffff, 0xffff, 0xffff, 0xffff, 0xffff,
	0xffff, 0xffff, 0xffff, 0xffff, 0xffff, 0xffff, 0xffff, 0xffff, 0xffff, 0xffff, 0xffff, 0xffff,
	0xffff, 0xffff, 0xffff, 0xffff, 0xffff, 0xffff, 0xffff, 0xffff, 0xffff, 0xffff, 0xffff, 0xffff,
	0xffff, 0xffff, 0xffff, 0xffff, 0xffff, 0xffff, 0xffff, 0xffff, 0xffff, 0xffff, 0xffff, 0xffff,
	0xffff, 0xffff, 0xffff, 0xffff, 0xffff, 0xffff, 0xffff, 0xffff, 0xffff, 0xffff, 0xffff, 0x9364,
	0xffff, 0xffff, 0xffff, 0xffff, 0x94f5, 0x9cb6, 0xfbad, 0x984e, 0x8f44, 0x96fd, 0xffff, 0xffff,
	0xffff, 0xffff, 0xffff, 0xffff, 0xffff, 0xffff, 0xffff, 0xffff, 0xffff, 0xffff, 0xffff, 0x9af9,
	0xffff, 0xffff, 0xffff, 0x9afa, 0xffff, 0xffff, 0xffff, 0xffff, 0xffff, 0xffff, 0xffff, 0xffff,
	0xffff, 0xffff, 0xffff, 0xffff, 0xffff, 0xffff, 0xffff, 0xffff, 0xffff, 0x9769, 0x95d4, 0x984b,
	0xfbaa, 0xffff, 0xffff, 0x987c, 0xffff, 0xffff, 0xffff, 0xffff, 0xffff, 0xffff, 0xffff, 0xffff,
	0xffff, 0xffff, 0xffff, 0xffff, 0xffff, 0xffff, 0xffff, 0x91ea, 0xffff, 0xffff, 0xffff, 0xffff,
	0xffff, 0x9daf, 0x9dc5, 0xffff, 0x91f1, 0x8eb1, 0x97a9, 0xfbac, 0xfcb8, 0x9cb9, 0xffff, 0xffff,
	0xffff, 0xffff, 0xffff, 0xffff, 0xffff, 0xfbb0, 0xfcd2, 0x93cb, 0xffff, 0xffff, 0x9afd, 0xffff,
	0xffff, 0xffff, 0xffff, 0xffff, 0xffff, 0xffff, 0xffff, 0xffff, 0xffff, 0xffff, 0x91f4, 0x8bac,
	0xa055, 0xffff, 0xffff, 0xffff, 0xffff, 0x9574, 0xffff, 0xffff, 0xffff, 0xffff, 0x95be, 0xffff,
	0xffff, 0xffff, 0xffff, 0xffff, 0xffff, 0xffff, 0xffff, 0xffff, 0xffff, 0xffff, 0xffff, 0x97ad,
	0xffff, 0xffff, 0xffff, 0xffff, 0xffff, 0xffff, 0xffff, 0xffff, 0xffff, 0xffff, 0xffff, 0x8ee9,
	0xffff, 0xffff, 0x92f8, 0x97be, 0x916c, 0x94aa, 0xffff, 0xffff, 0xffff, 0xffff, 0xffff, 0xffff,
	0xffff, 0xffff, 0xffff, 0xffff, 0xffff, 0xffff, 0xffff, 0xffff, 0xffff, 0xffff, 0xffff, 0xffff,
	0xfc63, 0xffff, 0xffff, 0xffff, 0x9dc6, 0xffff, 0xffff, 0xffff, 0xffff, 0xffff, 0xffff, 0xffff,
	0x97b5, 0x92b8, 0x91ef, 0xffff, 0xffff, 0xffff, 0xffff, 0xffff, 0xffff, 0xffff, 0xffff, 0xffff,
	0xffff, 0xffff, 0xffff, 0xffff, 0xffff, 0xffff, 0xffff, 0xffff, 0xffff, 0xffff, 0xffff, 0xffff,
	0xffff, 0xffff, 0xffff, 0xfea6, 0x9760, 0x9358, 0x9576, 0x8fac, 0xffff, 0xffff, 0xffff, 0xffff,
	0xffff, 0xffff, 0xffff, 0xffff, 0xffff, 0xffff, 0xffff, 0xffff, 0xffff, 0xffff, 0xffff, 0xffff,
	0xffff, 0xffff, 0xffff, 0xffff, 0xffff, 0xffff, 0xffff, 0xffff, 0xffff, 0xffff, 0xffff, 0x91ec,
	0x97b4, 0xffff, 0xffff, 0xffff, 0xffff, 0xffff, 0xffff, 0xffff, 0xffff, 0xffff, 0xffff, 0xffff,
	0xffff, 0xffff, 0xffff, 0xffff, 0xffff, 0xffff, 0x91f7, 0xffff, 0xffff, 0xffff, 0xffff, 0x974a,
	0xfb49, 0x9578, 0x93bc, 0xffff, 0xffff, 0xffff, 0xffff, 0xffff, 0xffff, 0xffff, 0xffff, 0xffff,
	0xffff, 0xffff, 0xffff, 0xffff, 0xffff, 0xffff, 0xffff, 0xffff, 0xffff, 0xffff, 0xffff, 0xffff,
	0xffff, 0xffff, 0xffff, 0xffff, 0xffff, 0xffff, 0xffff, 0xffff, 0xffff, 0xffff, 0xffff, 0x91d6,
	0x9355, 0x9356, 0x9851, 0xffff, 0xffff, 0xffff, 0xffff, 0xffff, 0xffff, 0xffff, 0xffff, 0xffff,
	0xffff, 0x8ff8, 0xfbc0, 0x93f2, 0xffff, 0xffff, 0x90d0, 0xffff, 0xffff, 0xffff, 0xffff, 0xffff,
	0xffff, 0x9c44, 0xffff, 0xffff, 0xffff, 0xffff, 0xffff, 0x9255, 0xffff, 0xffff, 0xffff, 0xffff,
	0x9363, 0xffff, 0xffff, 0xffff, 0xffff, 0xffff, 0xffff, 0xffff, 0xffff, 0xffff, 0xffff, 0xffff,
	0xffff, 0xffff, 0xffff, 0xffff, 0xffff, 0xffff, 0xffff, 0xffff, 0x91a5, 0xffff, 0xffff, 0xffff,
	0xffff, 0xffff, 0xffff, 0xffff, 0xffff, 0xa0ed, 0xffff, 0xffff, 0xffff, 0xffff, 0xffff, 0xffff,
	0xffff, 0xffff, 0xffff, 0xffff, 0xffff, 0xffff, 0xffff, 0xffff, 0xffff, 0xffff, 0xffff, 0xffff,
	0xffff, 0xfd6b, 0xffff, 0xffff, 0xffff, 0xffff, 0xffff, 0xffff, 0xffff, 0xffff, 0xffff, 0xffff,
	0xffff, 0xffff, 0xffff, 0xffff, 0xffff, 0xffff, 0xffff, 0x9afe, 0xffff, 0xffff, 0xffff, 0xffff,
	0xffff, 0xffff, 0xffff, 0xffff, 0xffff, 0xffff, 0xffff, 0xffff, 0xffff, 0xffff, 0xffff, 0xffff,
	0xffff, 0x9351, 0xffff, 0xffff, 0xffff, 0x8c57, 0xffff, 0xffff, 0xfa78, 0xffff, 0xffff, 0xffff,
	0xffff, 0xfea8, 0xffff, 0xffff, 0xffff, 0xffff, 0xffff, 0xffff, 0xffff, 0xffff, 0xffff, 0xffff,
	0xffff, 0xffff, 0xffff, 0x9350, 0xffff, 0xffff, 0xffff, 0xffff, 0xffff, 0xffff, 0xffff, 0xffff,
	0xffff, 0xffff, 0xffff, 0xffff, 0xffff, 0xffff, 0xffff, 0xffff, 0xffff, 0xffff, 0xffff, 0xffff,
	0xffff, 0xffff, 0xffff, 0xffff, 0xffff, 0xffff, 0xffff, 0xffff, 0xffff, 0xffff, 0xffff, 0xffff,
	0xffff, 0xffff, 0xffff, 0xffff, 0xffff, 0xffff, 0xffff, 0xffff, 0xffff, 0xffff, 0xffff, 0xffff,
	0xffff, 0xffff, 0xffff, 0xffff, 0xffff, 0xffff, 0xffff, 0xffff, 0xffff, 0xffff, 0xffff, 0xffff,
	0xffff, 0xffff, 0xffff, 0xffff, 0xffff, 0xffff, 0xffff, 0xffff, 0xffff, 0xffff, 0xffff, 0xffff,
	0xfa4c, 0xffff, 0xffff, 0xffff, 0xffff, 0xffff, 0xffff, 0xffff, 0xffff, 0xffff, 0xffff, 0xffff,
	0xffff, 0xffff, 0xffff, 0xffff, 0xffff, 0xffff, 0xffff, 0xffff, 0xffff, 0xffff, 0xffff, 0xffff,
	0x92f7, 0x9b40, 0xffff, 0xffff, 0xffff, 0xffff, 0xffff, 0xffff, 0xfbce, 0xffff, 0xffff, 0xffff,
	0xffff, 0xffff, 0xffff, 0xffff, 0xffff, 0xffff, 0xffff, 0xffff, 0xffff, 0xffff, 0xffff, 0xffff,
	0xffff, 0x9b41, 0xffff, 0xffff, 0xffff, 0xffff, 0xffff, 0xfead, 0xffff, 0xffff, 0xffff, 0xffff,
	0xffff, 0xffff, 0xffff, 0xffff, 0xffff, 0xffff, 0xffff, 0xffff, 0xffff, 0xffff, 0xffff, 0xffff,
	0xffff, 0xffff, 0xffff, 0xffff, 0xffff, 0xffff, 0xffff, 0x8761, 0xfbd5, 0xffff, 0xffff, 0xffff,
	0xffff, 0xffff, 0xffff, 0xffff, 0xffff, 0xffff, 0xffff, 0xffff, 0xffff, 0xffff, 0xffff, 0xffff,
	0xffff, 0xffff, 0xffff, 0xffff, 0xffff, 0xffff, 0xffff, 0xffff, 0xffff, 0xffff, 0xffff, 0xffff,
	0xffff, 0xffff, 0xffff, 0xffff, 0xffff, 0xffff, 0xffff, 0xffff, 0xffff, 0xffff, 0xffff, 0xffff,
	0xffff, 0xffff, 0xffff, 0xffff, 0xffff, 0xffff, 0xffff, 0xffff, 0xffff, 0xffff, 0xffff, 0xffff,
	0xffff, 0xffff, 0xffff, 0xffff, 0xffff, 0xffff, 0xffff, 0xffff, 0xffff, 0xffff, 0xffff, 0xffff,
	0xffff, 0xffff, 0xffff, 0xffff, 0xffff, 0xffff, 0xffff, 0xffff, 0xffff, 0xffff, 0xffff, 0xffff,
	0xffff, 0xffff, 0xffff, 0xffff, 0xffff, 0xffff, 0xffff, 0xffff, 0xffff, 0xffff, 0xffff, 0xffff,
	0xffff, 0xffff, 0xffff, 0xffff, 0xffff, 0xffff, 0xffff, 0xffff, 0xffff, 0xffff, 0xffff, 0xffff,
	0xffff, 0xffff, 0xffff, 0xffff, 0xffff, 0xffff, 0xffff, 0xffff, 0xffff, 0xffff, 0xffff, 0xffff,
	0xffff, 0xffff, 0xffff, 0xffff, 0xffff, 0xffff, 0xffff, 0xffff, 0xffff, 0xffff, 0xffff, 0xffff,
	0xffff, 0x8bc2, 0x9a7c, 0x9b42, 0xffff, 0xffff, 0xffff, 0xffff, 0xffff, 0xffff, 0xffff, 0xffff,
	0xffff, 0xffff, 0xffff, 0xffff, 0xffff, 0xffff, 0xffff, 0xffff, 0xffff, 0xffff, 0xffff, 0xffff,
	0xffff, 0xffff, 0xffff, 0xffff, 0xffff, 0xffff, 0xffff, 0xffff, 0xffff, 0xffff, 0xffff, 0xffff,
	0xffff, 0xffff, 0xffff, 0xffff, 0xffff, 0xffff, 0xffff, 0xffff, 0xffff, 0xffff, 0xffff, 0xffff,
	0xffff, 0xffff, 0xffff, 0xffff, 0xffff, 0xffff, 0xffff, 0xffff, 0xffff, 0xffff, 0xffff, 0xffff,
	0xffff, 0xffff, 0xffff, 0xffff, 0xffff, 0xffff, 0xffff, 0xffff, 0xffff, 0xffff, 0xffff, 0xffff,
	0xffff, 0x9b43, 0xffff, 0xffff, 0xffff, 0xffff, 0xffff, 0xffff, 0xffff, 0xffff, 0xffff, 0xffff,
	0xffff, 0xffff, 0xffff, 0xffff, 0xffff, 0xffff, 0xffff, 0xffff, 0xffff, 0xffff, 0xffff, 0xffff,
	0xffff, 0xffff, 0xffff, 0xffff, 0xffff, 0xffff, 0xffff, 0xffff, 0xffff, 0xffff, 0xffff, 0xffff,
	0xffff, 0xffff, 0xffff, 0xffff, 0xffff, 0xffff, 0xffff, 0xffff, 0xffff, 0xffff, 0xffff, 0xffff,
	0xffff, 0xffff, 0xffff, 0x9e79, 0xffff, 0xffff, 0xfbd9, 0xffff, 0xffff, 0xffff, 0xffff, 0xffff,
	0xffff, 0x9b44, 0xa0a7, 0xffff, 0xffff, 0xffff, 0xffff, 0xffff, 0xffff, 0xffff, 0xffff, 0xffff,
	0xffff, 0xffff, 0xffff, 0xffff, 0xffff, 0xffff, 0xffff, 0xffff, 0xffff, 0xffff, 0xffff, 0xffff,
	0xffff, 0xffff, 0x876e, 0xffff, 0xffff, 0xffff, 0xffff, 0xffff, 0xffff, 0xffff, 0xffff, 0xffff,
	0xffff, 0xffff, 0xffff, 0xffff, 0xffff, 0xffff, 0xffff, 0xffff, 0xffff, 0xffff, 0xffff, 0xffff,
	0xffff, 0xffff, 0xffff, 0xffff, 0xffff, 0xffff, 0xffff, 0xffff, 0xffff, 0xffff, 0xffff, 0xffff,
	0xffff, 0xffff, 0xffff, 0xffff, 0xffff, 0xffff, 0xffff, 0xffff, 0xffff, 0xffff, 0xffff, 0xffff,
	0xffff, 0xffff, 0xffff, 0xffff, 0x9bf3, 0xffff, 0xffff, 0xffff, 0xffff, 0xffff, 0xffff, 0xffff,
	0xffff, 0xffff, 0xffff, 0xffff, 0xffff, 0xffff, 0xffff, 0xffff, 0xffff, 0xffff, 0xffff, 0xffff,
	0xffff, 0xffff, 0xffff, 0xffff, 0xffff, 0xffff, 0xffff, 0xffff, 0xffff, 0xffff, 0xffff, 0xffff,
	0xffff, 0xffff, 0xffff, 0xffff, 0xffff, 0xffff, 0x8c79, 0xffff, 0xffff, 0xffff, 0x935e, 0xffff,
	0xffff, 0xffff, 0xffff, 0xffff, 0xffff, 0xffff, 0xffff, 0xffff, 0xffff, 0xffff, 0xffff, 0xffff,
	0xffff, 0xffff, 0x89cb, 0xffff, 0xffff, 0xffff, 0xffff, 0xffff, 0xffff, 0x9f53, 0xffff, 0xffff,
	0xffff, 0xffff, 0xffff, 0xffff, 0xffff, 0xffff, 0xffff, 0xffff, 0xffff, 0xffff, 0xffff, 0xffff,
	0xffff, 0xffff, 0xffff, 0xffff, 0xffff, 0xffff, 0xffff, 0xffff, 0xffff, 0xffff, 0xffff, 0x93d7,
	0xffff, 0xffff, 0xffff, 0xffff, 0xffff, 0xffff, 0xffff, 0xffff, 0xffff, 0xffff, 0xffff, 0xffff,
	0xffff, 0xfbe1, 0xfed0, 0xffff, 0xffff, 0xffff, 0xffff, 0xffff, 0xffff, 0x8cf1, 0xffff, 0xffff,
	0xffff, 0xffff, 0xffff, 0xffff, 0xffff, 0xffff, 0xffff, 0xffff, 0xffff, 0xffff, 0xffff, 0xffff,
	0xffff, 0xffff, 0xffff, 0xffff, 0xffff, 0xfbe2, 0xffff, 0xffff, 0xffff, 0xffff, 0xffff, 0xfce3,
	0xffff, 0xffff, 0xffff, 0xffff, 0xffff, 0xffff, 0xffff, 0xffff, 0xffff, 0xffff, 0xffff, 0xffff,
	0xffff, 0xffff, 0xffff, 0xffff, 0xffff, 0xffff, 0xffff, 0xffff, 0xffff, 0xffff, 0xffff, 0xffff,
	0xffff, 0xffff, 0xffff, 0xffff, 0xffff, 0xffff, 0xffff, 0xffff, 0xffff, 0xffff, 0xffff, 0xffff,
	0xffff, 0xffff, 0xffff, 0xffff, 0xffff, 0xffff, 0xffff, 0xffff, 0xffff, 0xffff, 0xffff, 0xffff,
	0xffff, 0xffff, 0xffff, 0xffff, 0xffff, 0xffff, 0xffff, 0xffff, 0xffff, 0xffff, 0xffff, 0xffff,
	0xffff, 0xffff, 0xffff, 0xffff, 0xffff, 0xffff, 0xffff, 0xffff, 0xffff, 0xffff, 0xffff, 0xffff,
	0xffff, 0xffff, 0xffff, 0x9074, 0xffff, 0xffff, 0xffff, 0xffff, 0xffff, 0xffff, 0xffff, 0xffff,
	0xffff, 0xffff, 0xffff, 0xffff, 0xffff, 0xffff, 0xffff, 0xffff, 0xffff, 0xffff, 0xffff, 0xffff,
	0xffff, 0xffff, 0xffff, 0xffff, 0xffff, 0xffff, 0xfbe6, 0xffff, 0xffff, 0xffff, 0x9bb7, 0xffff,
	0xffff, 0xffff, 0xffff, 0xffff, 0xffff, 0xffff, 0xffff, 0xffff, 0xffff, 0xffff, 0xffff, 0xffff,
	0xffff, 0xffff, 0xffff, 0xffff, 0xffff, 0xffff, 0xffff, 0xffff, 0xffff, 0xffff, 0xffff, 0xffff,
	0xffff, 0xffff, 0xffff, 0xffff, 0xffff, 0xffff, 0x9b45, 0xffff, 0xffff, 0xffff, 0xffff, 0xffff,
	0xffff, 0xffff, 0xffff, 0xffff, 0xffff, 0xffff, 0xffff, 0x9b47, 0x9f50, 0xffff, 0xffff, 0xffff,
	0xffff, 0xffff, 0x9b48, 0xffff, 0xffff, 0xffff, 0xffff, 0xffff, 0xffff, 0xffff, 0xffff, 0xffff,
	0xffff, 0xffff, 0xffff, 0xffff, 0xffff, 0xffff, 0xffff, 0xffff, 0xffff, 0xffff, 0xffff, 0xffff,
	0xffff, 0xffff, 0xffff, 0xffff, 0xffff, 0xffff, 0xffff, 0xffff, 0xffff, 0xffff, 0xffff, 0xffff,
	0xffff, 0xffff, 0xffff, 0xffff, 0xffff, 0xffff, 0xffff, 0xffff, 0xffff, 0xffff, 0xffff, 0xffff,
	0xffff, 0xffff, 0xffff, 0xffff, 0xffff, 0xffff, 0xffff, 0xffff, 0xffff, 0xffff, 0xffff, 0xffff,
	0xffff, 0xffff, 0xffff, 0xffff, 0xffff, 0xffff, 0xffff, 0xffff, 0xffff, 0xffff, 0xffff, 0xffff,
	0xffff, 0xffff, 0xffff, 0xffff, 0xffff, 0xffff, 0xffff, 0xffff, 0xffff, 0xffff, 0xffff, 0xffff,
	0xffff, 0xffff, 0xffff, 0xfc5b, 0xffff, 0xffff, 0xffff, 0xffff, 0xffff, 0xffff, 0xffff, 0xffff,
	0xffff, 0xffff, 0xffff, 0xffff, 0xffff, 0xffff, 0xffff, 0xffff, 0xffff, 0xffff, 0xffff, 0xffff,
	0xffff, 0xffff, 0xffff, 0xffff, 0xffff, 0xffff, 0xffff, 0xffff, 0xffff, 0xffff, 0xffff, 0xffff,
	0xffff, 0xffff, 0xffff, 0xffff, 0xffff, 0xffff, 0xffff, 0xffff, 0xffff, 0xffff, 0xffff, 0xffff,
	0xffff, 0xffff, 0xffff, 0xffff, 0xffff, 0xffff, 0xffff, 0x98a9, 0xffff, 0xffff, 0x9cfd, 0xffff,
	0xffff, 0xffff, 0xffff, 0xffff, 0xffff, 0xffff, 0xffff, 0xffff, 0xffff, 0xffff, 0xffff, 0xffff,
	0xffff, 0xffff, 0xffff, 0xffff, 0xffff, 0xffff, 0xffff, 0xffff, 0xffff, 0xffff, 0xffff, 0xffff,
	0xffff, 0xffff, 0xffff, 0xffff, 0xffff, 0xffff, 0xffff, 0xffff, 0xffff, 0xffff, 0xffff, 0xffff,
	0xffff, 0xffff, 0xffff, 0xffff, 0xffff, 0xffff, 0xffff, 0xffff, 0xffff, 0xffff, 0xffff, 0xffff,
	0xffff, 0xffff, 0xffff, 0xffff, 0xffff, 0xffff, 0xffff, 0xffff, 0xffff, 0xffff, 0xffff, 0xffff,
	0xffff, 0xffff, 0xffff, 0xffff, 0xffff, 0xffff, 0xffff, 0xffff, 0xffff, 0x884c, 0x9b4b, 0xffff,
	0xffff, 0xffff, 0xfbec, 0xffff, 0xffff, 0xffff, 0xffff, 0xffff, 0xffff, 0xffff, 0xffff, 0xffff,
	0xffff, 0xffff, 0xffff, 0xffff, 0xffff, 0xffff, 0xffff, 0xffff, 0xffff, 0xffff, 0xffff, 0xffff,
	0xffff, 0xffff, 0xffff, 0xffff, 0xffff, 0xffff, 0xffff, 0xffff, 0xffff, 0xffff, 0xffff, 0xffff,
	0xffff, 0xffff, 0xffff, 0xffff, 0xffff, 0xffff, 0xffff, 0xffff, 0xffff, 0xffff, 0xffff, 0xffff,
	0xffff, 0xffff, 0xffff, 0xffff, 0xffff, 0xffff, 0xffff, 0x8c69, 0xffff, 0xffff, 0xffff, 0xffff,
	0xffff, 0xffff, 0xffff, 0xffff, 0xffff, 0xffff, 0xffff, 0xffff, 0xffff, 0xffff, 0xffff, 0xffff,
	0xffff, 0xffff, 0xffff, 0xffff, 0xffff, 0xffff, 0xffff, 0xffff, 0xffff, 0xffff, 0xffff, 0x9ba8,
	0xffff, 0xffff, 0xffff, 0xffff, 0xffff, 0xffff, 0xffff, 0xffff, 0xffff, 0xffff, 0xffff, 0xffff,
	0xffff, 0xffff, 0xffff, 0xffff, 0xffff, 0xffff, 0xffff, 0xffff, 0xffff, 0xffff, 0xffff, 0xffff,
	0xffff, 0xffff, 0xffff, 0xffff, 0xffff, 0xffff, 0xffff, 0xffff, 0xffff, 0xffff, 0xffff, 0xffff,
	0xffff, 0xffff, 0xffff, 0xffff, 0xffff, 0xffff, 0xffff, 0xffff, 0x8ad5, 0xffff, 0xffff, 0xffff,
	0xffff, 0xffff, 0xffff, 0xffff, 0xffff, 0xffff, 0xffff, 0xffff, 0xffff, 0xffff, 0xffff, 0xffff,
	0xffff, 0xffff, 0xffff, 0xffff, 0xffff, 0xffff, 0xffff, 0xffff, 0xffff, 0xffff, 0xffff, 0xffff,
	0xffff, 0xffff, 0xffff, 0xffff, 0xffff, 0xffff, 0xffff, 0xffff, 0xffff, 0xffff, 0xffff, 0xffff,
	0xffff, 0xffff, 0xffff, 0xffff, 0xffff, 0xffff, 0xffff, 0xffff, 0xffff, 0xffff, 0xffff, 0xffff,
	0xffff, 0xfa73, 0xfd59, 0xffff, 0xffff, 0xffff, 0xffff, 0xffff, 0xffff, 0xffff, 0xffff, 0xffff,
	0xffff, 0xffff, 0xffff, 0xffff, 0xffff, 0xffff, 0xffff, 0xffff, 0xffff, 0xffff, 0xffff, 0xffff,
	0xffff, 0xffff, 0xffff, 0xffff, 0xffff, 0xffff, 0xffff, 0xffff, 0xffff, 0xffff, 0xffff, 0xffff,
	0xffff, 0xffff, 0xffff, 0xffff, 0xffff, 0xffff, 0xffff, 0xffff, 0xffff, 0xffff, 0xffff, 0xffff,
	0xffff, 0xffff, 0xffff, 0x91a2, 0xffff, 0xffff, 0xffff, 0xffff, 0xffff, 0xffff, 0xffff, 0xffff,
	0xffff, 0xffff, 0xffff, 0xffff, 0xffff, 0xffff, 0xffff, 0xffff, 0xffff, 0xffff, 0xffff, 0xffff,
	0xffff, 0xffff, 0xffff, 0xfbed, 0xffff, 0xffff, 0xffff, 0xffff, 0xffff, 0xffff, 0x9ca9, 0xffff,
	0xffff, 0xffff, 0xffff, 0xffff, 0xffff, 0xffff, 0xffff, 0xffff, 0xffff, 0xffff, 0xffff, 0xffff,
	0xffff, 0xffff, 0xffff, 0xffff, 0xffff, 0xffff, 0xffff, 0xffff, 0xffff, 0xffff, 0xffff, 0xffff,
	0xffff, 0xffff, 0xffff, 0xffff, 0xffff, 0xffff, 0xffff, 0xffff, 0xffff, 0xffff, 0xffff, 0xffff,
	0xffff, 0x8aa8, 0xffff, 0xffff, 0xffff, 0xffff, 0xffff, 0xffff, 0xffff, 0xffff, 0xffff, 0xffff,
	0xffff, 0xffff, 0xffff, 0xffff, 0xffff, 0xffff, 0xffff, 0xffff, 0xffff, 0xffff, 0xffff, 0xffff,
	0xffff, 0xffff, 0xffff, 0xffff, 0xffff, 0xffff, 0xffff, 0xffff, 0xffff, 0x8d42, 0xffff, 0x9bc3,
	0x8ae1, 0xffff, 0xffff, 0xffff, 0xffff, 0xffff, 0xffff, 0xffff, 0xffff, 0xffff, 0xffff, 0xffff,
	0xffff, 0xffff, 0xffff, 0xffff, 0xffff, 0xffff, 0xffff, 0xffff, 0xffff, 0xffff, 0xffff, 0xffff,
	0xffff, 0xffff, 0xffff, 0xffff, 0xffff, 0xffff, 0xffff, 0xffff, 0xffff, 0xffff, 0xffff, 0xffff,
	0xffff, 0xffff, 0xffff, 0xffff, 0xffff, 0xffff, 0xffff, 0xffff, 0xffff, 0xffff, 0xffff, 0xffff,
	0xffff, 0xffff, 0xffff, 0xffff, 0xffff, 0xffff, 0xffff, 0xffff, 0xffff, 0xffff, 0xffff, 0xffff,
	0xffff, 0xffff, 0xffff, 0xffff, 0xffff, 0xffff, 0xffff, 0xffff, 0xffff, 0xffff, 0xffff, 0xffff,
	0xffff, 0xffff, 0xffff, 0xffff, 0xffff, 0xffff, 0xffff, 0xffff, 0xffff, 0xffff, 0xffff, 0xffff,
	0xffff, 0xffff, 0xffff, 0xffff, 0xffff, 0xffff, 0xffff, 0xffff, 0xffff, 0xffff, 0xffff, 0xffff,
	0xffff, 0xffff, 0xffff, 0xffff, 0xffff, 0xffff, 0xffff, 0xffff, 0xffff, 0xffff, 0xffff, 0xffff,
	0xffff, 0xffff, 0xffff, 0xffff, 0xffff, 0xffff, 0xffff, 0xffff, 0x9b4e, 0x95d0, 0xffff, 0xffff,
	0xffff, 0x905f, 0xffff, 0xffff, 0xffff, 0xffff, 0xffff, 0xffff, 0xffff, 0xffff, 0xffff, 0xffff,
	0xffff, 0xffff, 0xffff, 0xffff, 0xffff, 0xffff, 0xffff, 0xffff, 0xffff, 0xffff, 0xffff, 0xffff,
	0xffff, 0xffff, 0xffff, 0xffff, 0xffff, 0xffff, 0xffff, 0xffff, 0xffff, 0xffff, 0xffff, 0xffff,
	0xffff, 0xffff, 0xffff, 0xffff, 0xffff, 0xffff, 0xffff, 0xffff, 0xffff, 0xffff, 0xffff, 0xffff,
	0xffff, 0xffff, 0xffff, 0xffff, 0xffff, 0xffff, 0xffff, 0xffff, 0xffff, 0xffff, 0xffff, 0xffff,
	0xffff, 0xffff, 0xffff, 0xffff, 0xffff, 0xffff, 0xffff, 0xffff, 0xffff, 0xffff, 0xffff, 0xffff,
	0xffff, 0xffff, 0xffff, 0xffff, 0xffff, 0xffff, 0xffff, 0xffff, 0xffff, 0xffff, 0xffff, 0xffff,
	0xffff, 0xffff, 0xffff, 0xffff, 0xffff, 0xffff, 0xffff, 0xffff, 0xffff, 0xffff, 0xffff, 0xffff,
	0xffff, 0xffff, 0xffff, 0xffff, 0xffff, 0xffff, 0xffff, 0xffff, 0xffff, 0xffff, 0xffff, 0xffff,
	0xffff, 0xffff, 0xffff, 0xffff, 0xffff, 0xffff, 0xffff, 0xffff, 0xffff, 0xffff, 0xffff, 0xffff,
	0xffff, 0xffff, 0xffff, 0xffff, 0xffff, 0xffff, 0xffff, 0xffff, 0xffff, 0xffff, 0xffff, 0xffff,
	0xffff, 0xffff, 0xffff, 0xffff, 0xffff, 0xffff, 0xffff, 0xffff, 0xffff, 0xffff, 0xffff, 0xffff,
	0xffff, 0xffff, 0xffff, 0xffff, 0xffff, 0xffff, 0xffff, 0xffff, 0xffff, 0x97ee, 0xffff, 0xffff,
	0xffff, 0xffff, 0xffff, 0xffff, 0xffff, 0xffff, 0xffff, 0xffff, 0xffff, 0xffff, 0xffff, 0xffff,
	0xffff, 0xffff, 0xffff, 0xffff, 0xfc4e, 0xffff, 0xffff, 0xffff, 0xffff, 0xffff, 0xffff, 0x9b4f,
	0xffff, 0xffff, 0xffff, 0xffff, 0xffff, 0xffff, 0xffff, 0xffff, 0xffff, 0xffff, 0xffff, 0xffff,
	0xffff, 0xffff, 0xffff, 0xffff, 0xffff, 0xffff, 0xffff, 0xffff, 0xffff, 0xffff, 0xffff, 0xffff,
	0xffff, 0xffff, 0xffff, 0xffff, 0xffff, 0xffff, 0xffff, 0xffff, 0xffff, 0xffff, 0x9b50, 0x9ec6,
	0xffff, 0xffff, 0xffff, 0xffff, 0xffff, 0xffff, 0xffff, 0xffff, 0xffff, 0xffff, 0xffff, 0xfc50,
	0xffff, 0xffff, 0xffff, 0xffff, 0xffff, 0xffff, 0xffff, 0xffff, 0xffff, 0xffff, 0xffff, 0xffff,
	0xffff, 0xffff, 0xffff, 0xffff, 0xffff, 0xffff, 0xffff, 0xffff, 0xffff, 0xffff, 0xffff, 0xffff,
	0xffff, 0xfd73, 0xffff, 0xffff, 0xffff, 0xffff, 0xffff, 0xfda7, 0xffff, 0xffff, 0xffff, 0xffff,
	0xffff, 0xffff, 0xffff, 0xffff, 0xffff, 0xffff, 0xffff, 0xffff, 0xffff, 0xffff, 0xffff, 0xffff,
	0xffff, 0xffff, 0xffff, 0xffff, 0xffff, 0xffff, 0xffff, 0xffff, 0xffff, 0xffff, 0xffff, 0xffff,
	0xffff, 0xffff, 0x9da2, 0xffff, 0xffff, 0xffff, 0xffff, 0xffff, 0xffff, 0xffff, 0xffff, 0xffff,
	0xffff, 0xffff, 0xffff, 0xffff, 0xffff, 0xffff, 0xffff, 0xffff, 0xffff, 0xffff, 0xffff, 0xffff,
	0xffff, 0xffff, 0xffff, 0xffff, 0xffff, 0xffff, 0xffff, 0xffff, 0xffff, 0xffff, 0xffff, 0xffff,
	0xffff, 0xffff, 0xffff, 0xffff, 0xffff, 0xffff, 0xffff, 0xffff, 0xffff, 0xffff, 0xffff, 0xffff,
	0xffff, 0xffff, 0xffff, 0xffff, 0xffff, 0xffff, 0xffff, 0xffff, 0xffff, 0xffff, 0xffff, 0xffff,
	0xffff, 0xffff, 0xffff, 0xfa58, 0xfa5e, 0xffff, 0xffff, 0xffff, 0xffff, 0xffff, 0xffff, 0xffff,
	0xa059, 0xffff, 0xffff, 0xffff, 0xffff, 0xffff, 0xffff, 0xffff, 0xffff, 0xffff, 0xffff, 0xffff,
	0xffff, 0xffff, 0xffff, 0xffff, 0xffff, 0xffff, 0xffff, 0xffff, 0xffff, 0xfa75, 0xffff, 0xffff,
	0xffff, 0xffff, 0xffff, 0xffff, 0xffff, 0xffff, 0xffff, 0xffff, 0xffff, 0xffff, 0xffff, 0xffff,
	0xffff, 0xffff, 0xffff, 0xffff, 0xffff, 0xffff, 0xffff, 0xffff, 0xffff, 0xffff, 0xffff, 0xffff,
	0xffff, 0xffff, 0xffff, 0xffff, 0xffff, 0xffff, 0xffff, 0xffff, 0xffff, 0xfbbe, 0xffff, 0xffff,
	0xffff, 0xffff, 0xffff, 0xffff, 0xffff, 0xffff, 0xffff, 0xffff, 0xffff, 0xffff, 0xffff, 0xffff,
	0xffff, 0xffff, 0xffff, 0xffff, 0xffff, 0xffff, 0xffff, 0xffff, 0xffff, 0xffff, 0xffff, 0xffff,
	0xffff, 0xffff, 0xffff, 0xffff, 0xffff, 0xffff, 0xffff, 0xffff, 0xffff, 0xffff, 0xffff, 0xffff,
	0xffff, 0xffff, 0xffff, 0xffff, 0xffff, 0xffff, 0xffff, 0xffff, 0xffff, 0xffff, 0xffff, 0xffff,
	0xffff, 0xffff, 0xffff, 0xffff, 0xffff, 0xffff, 0x9ca2, 0xffff, 0xffff, 0xffff, 0xffff, 0xffff,
	0xffff, 0xffff, 0xffff, 0xffff, 0xffff, 0xffff, 0xffff, 0xffff, 0xffff, 0xffff, 0xffff, 0xffff,
	0xffff, 0xffff, 0xffff, 0xffff, 0xffff, 0xffff, 0xffff, 0xffff, 0xffff, 0xffff, 0xffff, 0xffff,
	0xffff, 0xffff, 0xffff, 0xffff, 0x9370, 0xffff, 0xffff, 0xffff, 0xffff, 0xffff, 0xffff, 0xffff,
	0xffff, 0xffff, 0xffff, 0xffff, 0xffff, 0xffff, 0xffff, 0x9371, 0x9377, 0xfeef, 0xffff, 0xffff,
	0xffff, 0xffff, 0xffff, 0xffff, 0xffff, 0xffff, 0xffff, 0xffff, 0xffff, 0xffff, 0xffff, 0xffff,
	0x936d, 0xffff, 0xffff, 0xffff, 0xffff, 0xffff, 0xffff, 0xffff, 0xffff, 0xffff, 0xffff, 0xffff,
	0xffff, 0xffff, 0xffff, 0xffff, 0xffff, 0xffff, 0xffff, 0xffff, 0xffff, 0xffff, 0xffff, 0xffff,
	0xffff, 0xffff, 0xffff, 0xffff, 0xffff, 0xffff, 0xffff, 0xffff, 0xffff, 0xffff, 0xffff, 0xffff,
	0xffff, 0xffff, 0xffff, 0xffff, 0xffff, 0xffff, 0xffff, 0xffff, 0xffff, 0xffff, 0xffff, 0xffff,
	0xffff, 0xffff, 0xffff, 0xffff, 0xffff, 0xffff, 0xffff, 0xffff, 0xffff, 0xffff, 0xffff, 0xffff,
	0xffff, 0xfc5d, 0xffff, 0xffff, 0xffff, 0xffff, 0xffff, 0xffff, 0xffff, 0xffff, 0xffff, 0xffff,
	0xffff, 0xffff, 0xffff, 0xffff, 0xffff, 0xffff, 0xffff, 0x90b8, 0xffff, 0xffff, 0xffff, 0xffff,
	0xffff, 0xffff, 0xffff, 0xffff, 0xffff, 0xffff, 0xffff, 0xffff, 0xffff, 0xffff, 0xffff, 0xffff,
	0xffff, 0xffff, 0xffff, 0xffff, 0xffff, 0xffff, 0xffff, 0xffff, 0xffff, 0xffff, 0xffff, 0x8afc,
	0xffff, 0xfb41, 0xffff, 0xffff, 0xffff, 0xffff, 0xffff, 0xffff, 0xffff, 0xffff, 0xffff, 0xffff,
	0xffff, 0xffff, 0xffff, 0xffff, 0xffff, 0xffff, 0xffff, 0xffff, 0xffff, 0xffff, 0xffff, 0xffff,
	0xffff, 0xffff, 0xffff, 0xffff, 0xffff, 0xffff, 0xffff, 0xffff, 0xffff, 0xffff, 0xffff, 0xffff,
	0xffff, 0xffff, 0xffff, 0xffff, 0xffff, 0xffff, 0xffff, 0xffff, 0xffff, 0xffff, 0xffff, 0xffff,
	0xffff, 0xffff, 0xffff, 0xffff, 0xffff, 0xffff, 0xffff, 0xffff, 0xffff, 0xffff, 0xffff, 0xffff,
	0xffff, 0xffff, 0xffff, 0xffff, 0xffff, 0xffff, 0xffff, 0xffff, 0xffff, 0xffff, 0xffff, 0xffff,
	0xffff, 0xffff, 0xffff, 0xffff, 0xffff, 0xffff, 0xffff, 0xffff, 0xffff, 0xffff, 0xffff, 0xffff,
	0xffff, 0xffff, 0xffff, 0xffff, 0xffff, 0xffff, 0xffff, 0xffff, 0xffff, 0x9e6b, 0x94e3, 0x8ee2,
	0x8c7d, 0xffff, 0x8ed7, 0xffff, 0xffff, 0xffff, 0xffff, 0xffff, 0xffff, 0x9c4d, 0xffff, 0xffff,
	0xffff, 0x96a3, 0xffff, 0xffff, 0xffff, 0xffff, 0xffff, 0xffff, 0xffff, 0xffff, 0xffff, 0xffff,
	0x9b51, 0xffff, 0xffff, 0xffff, 0xffff, 0xffff, 0xffff, 0xffff, 0xffff, 0xffff, 0xffff, 0xffff,
	0xffff, 0xffff, 0xffff, 0xffff, 0xffff, 0xffff, 0xffff, 0xffff, 0xffff, 0xffff, 0xffff, 0xffff,
	0xffff, 0xffff, 0xffff, 0xffff, 0xffff, 0xffff, 0xffff, 0xffff, 0xffff, 0xffff, 0xffff, 0xffff,
	0xffff, 0xffff, 0xffff, 0xffff, 0xffff, 0xffff, 0xffff, 0xffff, 0xffff, 0xffff, 0xffff, 0xffff,
	0xffff, 0xffff, 0xffff, 0xffff, 0xffff, 0xffff, 0xffff, 0xffff, 0xffff, 0xffff, 0xffff, 0xffff,
	0xffff, 0xffff, 0xffff, 0xffff, 0xffff, 0xffff, 0xffff, 0xffff, 0xffff, 0xffff, 0xffff, 0xffff,
	0xffff, 0xffff, 0xffff, 0x8ac3, 0xffff, 0xffff, 0xffff, 0xffff, 0xffff, 0xffff, 0xffff, 0xffff,
	0xffff, 0xffff, 0xffff, 0x96aa, 0xffff, 0xffff, 0xffff, 0xffff, 0xffff, 0xffff, 0xffff, 0xffff,
	0xffff, 0xffff, 0xffff, 0xffff, 0xffff, 0xffff, 0xffff, 0xffff, 0xffff, 0xffff, 0xffff, 0xffff,
	0x8ce2, 0xffff, 0xffff, 0xffff, 0xffff, 0xffff, 0xffff, 0xffff, 0xffff, 0xffff, 0xffff, 0xffff,
	0xffff, 0xffff, 0xffff, 0xffff, 0xffff, 0xffff, 0xffff, 0xffff, 0xffff, 0xffff, 0xffff, 0xffff,
	0xffff, 0xffff, 0xffff, 0xffff, 0xffff, 0xffff, 0xfc68, 0x8b6d, 0xffff, 0xffff, 0xffff, 0xffff,
	0xffff, 0xffff, 0xffff, 0xffff, 0xffff, 0xffff, 0xffff, 0xffff, 0xffff, 0xffff, 0xffff, 0xffff,
	0xffff, 0xffff, 0xffff, 0xffff, 0xffff, 0xffff, 0xffff, 0xfd67, 0x8ae9, 0xffff, 0xffff, 0xffff,
	0xffff, 0xffff, 0xffff, 0xffff, 0xffff, 0xffff, 0xffff, 0xffff, 0xffff, 0xffff, 0xffff, 0xffff,
	0xffff, 0xffff, 0xffff, 0xffff, 0xffff, 0xffff, 0xffff, 0xffff, 0xffff, 0xffff, 0xffff, 0xffff,
	0xffff, 0xffff, 0xffff, 0xffff, 0xffff, 0xffff, 0xffff, 0xffff, 0xffff, 0xffff, 0xffff, 0xffff,
	0xffff, 0xffff, 0xffff, 0xffff, 0xffff, 0xffff, 0xffff, 0xffff, 0xffff, 0xffff, 0xffff, 0xffff,
	0xffff, 0xffff, 0xffff, 0xffff, 0xffff, 0xffff, 0xffff, 0xffff, 0xffff, 0xffff, 0xffff, 0xffff,
	0xffff, 0xffff, 0xffff, 0xffff, 0xffff, 0xffff, 0xffff, 0xffff, 0xffff, 0xffff, 0xffff, 0xffff,
	0xffff, 0xffff, 0xffff, 0xffff, 0xffff, 0xffff, 0xffff, 0xffff, 0xffff, 0xffff, 0xffff, 0xffff,
	0xffff, 0xffff, 0xffff, 0xffff, 0xfca1, 0x936c, 0xffff, 0xffff, 0xffff, 0xffff, 0xffff, 0xffff,
	0xffff, 0xffff, 0xffff, 0xffff, 0xffff, 0xffff, 0xffff, 0xffff, 0xffff, 0xffff, 0x9b52, 0xffff,
	0xffff, 0xffff, 0xffff, 0xffff, 0xffff, 0xffff, 0xffff, 0xffff, 0xffff, 0xffff, 0xffff, 0xffff,
	0xffff, 0xffff, 0xffff, 0xffff, 0xffff, 0xffff, 0xffff, 0xffff, 0xffff, 0xffff, 0xffff, 0xffff,
	0xffff, 0xffff, 0xffff, 0xffff, 0xffff, 0xffff, 0xffff, 0xffff, 0xffff, 0xffff, 0xffff, 0xffff,
	0xffff, 0xffff, 0xffff, 0xffff, 0xffff, 0xffff, 0xffff, 0xffff, 0xffff, 0xffff, 0xffff, 0xffff,
	0xffff, 0xffff, 0xffff, 0xffff, 0xffff, 0xffff, 0xffff, 0xffff, 0xffff, 0xffff, 0xfe70, 0xffff,
	0xffff, 0xffff, 0xffff, 0xffff, 0xffff, 0xffff, 0xffff, 0xffff, 0xffff, 0xffff, 0xffff, 0xffff,
	0xffff, 0xffff, 0xffff, 0xffff, 0xffff, 0xffff, 0xfca8, 0xffff, 0xffff, 0xffff, 0xffff, 0xffff,
	0xffff, 0xffff, 0xffff, 0xffff, 0xffff, 0xffff, 0xffff, 0xffff, 0xffff, 0xffff, 0xffff, 0xffff,
	0xffff, 0xffff, 0xffff, 0xffff, 0xffff, 0xffff, 0xffff, 0xffff, 0xffff, 0xffff, 0xffff, 0xffff,
	0xffff, 0xffff, 0xffff, 0xffff, 0xffff, 0xffff, 0xffff, 0xffff, 0xffff, 0xffff, 0xffff, 0xffff,
	0xffff, 0xffff, 0xffff, 0xffff, 0xffff, 0xffff, 0xffff, 0xffff, 0xffff, 0xffff, 0xffff, 0xffff,
	0xfce9, 0x9cb4, 0xffff, 0xffff, 0xffff, 0xffff, 0xffff, 0xffff, 0xffff, 0xffff, 0xffff, 0xffff,
	0xffff, 0xffff, 0xffff, 0xffff, 0xffff, 0xffff, 0xffff, 0xffff, 0x8aea, 0xffff, 0xffff, 0xffff,
	0xffff, 0xffff, 0xffff, 0xffff, 0xffff, 0xffff, 0xffff, 0xffff, 0xffff, 0xffff, 0xffff, 0xffff,
	0xffff, 0xffff, 0xffff, 0xffff, 0xffff, 0xffff, 0x9b53, 0xffff, 0xffff, 0xffff, 0xffff, 0xffff,
	0xffff, 0xffff, 0xffff, 0xffff, 0xffff, 0xffff, 0xffff, 0xffff, 0xffff, 0xffff, 0xffff, 0xffff,
	0xffff, 0xffff, 0xffff, 0xffff, 0xffff, 0xffff, 0x9b55, 0xffff, 0xffff, 0xffff, 0x96ab, 0xffff,
	0xffff, 0xffff, 0xffff, 0xffff, 0xffff, 0xffff, 0xffff, 0xffff, 0xffff, 0xffff, 0xffff, 0xffff,
	0xffff, 0xffff, 0xffff, 0xffff, 0xffff, 0xffff, 0xffff, 0xfca7, 0xffff, 0xffff, 0xffff, 0xffff,
	0xffff, 0xffff, 0xffff, 0xffff, 0xffff, 0xffff, 0xffff, 0xffff, 0xffff, 0xffff, 0xffff, 0xffff,
	0xffff, 0xffff, 0x9b56, 0x8abc, 0xffff, 0xffff, 0xffff, 0xffff, 0xffff, 0xffff, 0xffff, 0xffff,
	0xffff, 0xffff, 0xffff, 0xffff, 0xffff, 0xffff, 0xffff, 0xffff, 0xffff, 0xffff, 0xffff, 0xffff,
	0xffff, 0xffff, 0xffff, 0xffff, 0xffff, 0xffff, 0xffff, 0xffff, 0xffff, 0xffff, 0xffff, 0xffff,
	0xffff, 0xffff, 0xffff, 0xffff, 0xffff, 0xffff, 0xffff, 0xffff, 0xffff, 0xffff, 0xffff, 0xffff,
	0xffff, 0xffff, 0xffff, 0xffff, 0xffff, 0xffff, 0xffff, 0xffff, 0xffff, 0xffff, 0xffff, 0xffff,
	0xffff, 0xffff, 0xffff, 0xffff, 0xffff, 0xffff, 0xffff, 0xffff, 0xffff, 0xffff, 0xffff, 0xffff,
	0xffff, 0xffff, 0xffff, 0xffff, 0xffff, 0xffff, 0xffff, 0xffff, 0xffff, 0xffff, 0xffff, 0xffff,
	0xffff, 0xffff, 0xffff, 0xffff, 0xffff, 0xffff, 0xffff, 0xffff, 0xffff, 0xffff, 0xffff, 0xffff,
	0xffff, 0xffff, 0xffff, 0xffff, 0xffff, 0xffff, 0xffff, 0xffff, 0xffff, 0xffff, 0xffff, 0xffff,
	0x8acb, 0xffff, 0xffff, 0xffff, 0xffff, 0xffff, 0x9b57, 0xffff, 0xffff, 0xffff, 0xffff, 0xffff,
	0xffff, 0xffff, 0xffff, 0xffff, 0xffff, 0xffff, 0xffff, 0xffff, 0xffff, 0xffff, 0xffff, 0x89cd,
	0xffff, 0x9b59, 0x9b5b, 0xffff, 0xffff, 0xffff, 0xffff, 0xffff, 0xffff, 0xffff, 0xffff, 0xffff,
	0xffff, 0xffff, 0xffff, 0xffff, 0xffff, 0xffff, 0xffff, 0xffff, 0xffff, 0xffff, 0x93a5, 0xffff,
	0xffff, 0xffff, 0xffff, 0xffff, 0xffff, 0xffff, 0xffff, 0xffff, 0xffff, 0xffff, 0xffff, 0xffff,
	0xffff, 0xffff, 0xffff, 0xffff, 0xffff, 0xffff, 0xffff, 0xffff, 0xffff, 0xffff, 0xffff, 0xffff,
	0xffff, 0xffff, 0xffff, 0x9b5d, 0xffff, 0xffff, 0xffff, 0x9e4f, 0xffff, 0xffff, 0xffff, 0xffff,
	0xffff, 0xffff, 0xffff, 0xffff, 0xffff, 0xffff, 0xffff, 0xffff, 0xffff, 0xffff, 0xffff, 0xffff,
	0xffff, 0xffff, 0xffff, 0xffff, 0xffff, 0xffff, 0xffff, 0xffff, 0xffff, 0xffff, 0xffff, 0xffff,
	0xffff, 0xffff, 0xffff, 0xffff, 0xffff, 0xffff, 0xffff, 0xffff, 0xffff, 0xffff, 0x93a3, 0xffff,
	0xffff, 0xffff, 0xffff, 0xffff, 0xffff, 0xffff, 0xffff, 0xffff, 0xffff, 0xffff, 0xffff, 0xffff,
	0xffff, 0xffff, 0xffff, 0xffff, 0xffff, 0xffff, 0xffff, 0xffff, 0xffff, 0xffff, 0xffff, 0xffff,
	0xffff, 0xffff, 0xffff, 0xffff, 0xffff, 0xffff, 0xffff, 0xffff, 0xffff, 0xffff, 0xffff, 0xffff,
	0xffff, 0xffff, 0xffff, 0xffff, 0xffff, 0xffff, 0xffff, 0xffff, 0xffff, 0xffff, 0xffff, 0xffff,
	0xffff, 0xffff, 0xffff, 0xffff, 0xffff, 0xffff, 0xffff, 0xffff, 0xffff, 0xffff, 0xffff, 0xffff,
	0xffff, 0xffff, 0xffff, 0xffff, 0xffff, 0xffff, 0xffff, 0xffff, 0xffff, 0xffff, 0xffff, 0xffff,
	0xffff, 0xffff, 0xffff, 0xffff, 0xffff, 0xffff, 0xffff, 0xffff, 0xffff, 0xffff, 0xffff, 0xffff,
	0xffff, 0xffff, 0xffff, 0xffff, 0xffff, 0xffff, 0xffff, 0xffff, 0xffff, 0xffff, 0x8a7b, 0xffff,
	0xffff, 0xffff, 0x8b42, 0x9750, 0x8fb3, 0xffff, 0xffff, 0xffff, 0xffff, 0xffff, 0xffff, 0xffff,
	0xffff, 0xffff, 0xffff, 0xffff, 0xffff, 0xffff, 0xffff, 0xffff, 0xffff, 0x8a50, 0xffff, 0xffff,
	0xffff, 0xffff, 0xffff, 0xffff, 0xffff, 0xffff, 0xffff, 0xffff, 0xffff, 0xffff, 0xffff, 0xffff,
	0xffff, 0xffff, 0xffff, 0xffff, 0xffff, 0x9b60, 0xffff, 0xffff, 0xffff, 0xffff, 0x8b45, 0xffff,
	0xffff, 0xffff, 0x8b46, 0xffff, 0xffff, 0xffff, 0xffff, 0xffff, 0xffff, 0xffff, 0xffff, 0xffff,
	0xffff, 0xffff, 0xffff, 0x9dfe, 0xffff, 0xffff, 0xffff, 0xffff, 0xffff, 0xffff, 0xffff, 0xffff,
	0xffff, 0xffff, 0xffff, 0xffff, 0xffff, 0xffff, 0xffff, 0xffff, 0xffff, 0xffff, 0xffff, 0xffff,
	0xffff, 0xffff, 0xffff, 0xffff, 0xffff, 0xffff, 0xffff, 0xffff, 0xffff, 0xffff, 0xffff, 0xffff,
	0xffff, 0xffff, 0xffff, 0xffff, 0xffff, 0x9b62, 0xffff, 0xffff, 0xffff, 0xffff, 0xffff, 0xffff,
	0xffff, 0xffff, 0xffff, 0xffff, 0xffff, 0xffff, 0xffff, 0xffff, 0xffff, 0xffff, 0xffff, 0xffff,
	0x937b, 0xffff, 0xffff, 0xffff, 0xffff, 0xffff, 0x93b1, 0xffff, 0xffff, 0xffff, 0xffff, 0xffff,
	0xffff, 0xffff, 0x8a60, 0xffff, 0xffff, 0xffff, 0xffff, 0xffff, 0xffff, 0xffff, 0xffff, 0x8ad8,
	0xffff, 0xffff, 0xffff, 0xffff, 0x9b63, 0xffff, 0xffff, 0xffff, 0xffff, 0xffff, 0xffff, 0xffff,
	0xffff, 0xffff, 0xffff, 0x8a69, 0xffff, 0xffff, 0xffff, 0x8a47, 0xffff, 0xffff, 0x8acc, 0x937c,
	0x9b65, 0xffff, 0xffff, 0xffff, 0xffff, 0xffff, 0xffff, 0xffff, 0xffff, 0xffff, 0x9b66, 0xffff,
	0xffff, 0xffff, 0xffff, 0xffff, 0xffff, 0xffff, 0xffff, 0xffff, 0xffff, 0xffff, 0xffff, 0xffff,
	0xffff, 0xffff, 0xffff, 0xffff, 0xffff, 0xffff, 0xffff, 0xffff, 0xffff, 0xffff, 0xffff, 0xffff,
	0xffff, 0xffff, 0xffff, 0xffff, 0xffff, 0xffff, 0xffff, 0xffff, 0xffff, 0xffff, 0xffff, 0xffff,
	0xffff, 0xffff, 0xffff, 0xffff, 0xffff, 0xffff, 0xffff, 0xffff, 0xffff, 0xffff, 0xffff, 0xffff,
	0x8a72, 0xffff, 0xffff, 0xffff, 0xffff, 0xffff, 0xffff, 0xffff, 0x8a7a, 0xffff, 0xffff, 0xffff,
	0xffff, 0xffff, 0xffff, 0xffff, 0xffff, 0xffff, 0xffff, 0xffff, 0xffff, 0xffff, 0xffff, 0xffff,
	0xffff, 0xffff, 0xffff, 0xffff, 0xffff, 0xffff, 0xffff, 0xffff, 0xffff, 0xffff, 0xffff, 0x93af,
	0xffff, 0xffff, 0xffff, 0xffff, 0xffff, 0xffff, 0xffff, 0xffff, 0xffff, 0xffff, 0xffff, 0xffff,
	0xffff, 0xffff, 0xffff, 0xffff, 0xffff, 0xffff, 0xffff, 0xffff, 0xffff, 0xffff, 0xffff, 0xffff,
	0xffff, 0xffff, 0xffff, 0xffff, 0xffff, 0xffff, 0xffff, 0xffff, 0xffff, 0xffff, 0xffff, 0xffff,
	0xffff, 0x8ab0, 0xffff, 0xffff, 0xffff, 0xffff, 0xffff, 0xffff, 0xffff, 0x9b68, 0xffff, 0xffff,
	0xffff, 0xffff, 0xffff, 0xffff, 0xffff, 0xffff, 0xffff, 0xffff, 0x9ea3, 0xffff, 0xffff, 0xfaec,
	0x8b77, 0xffff, 0xffff, 0xffff, 0xffff, 0xffff, 0xffff, 0xffff, 0xffff, 0xffff, 0xffff, 0xffff,
	0xffff, 0xffff, 0xffff, 0xffff, 0xffff, 0xffff, 0xffff, 0x9b67, 0xffff, 0xffff, 0xffff, 0xffff,
	0xffff, 0xffff, 0xffff, 0xffff, 0xffff, 0xffff, 0xffff, 0xffff, 0xffff, 0xffff, 0xffff, 0xffff,
	0xffff, 0xffff, 0xffff, 0xffff, 0xffff, 0xffff, 0xffff, 0xffff, 0xffff, 0xffff, 0xffff, 0xffff,
	0xffff, 0xffff, 0xffff, 0xffff, 0xffff, 0xffff, 0xffff, 0xffff, 0xffff, 0xffff, 0xffff, 0xffff,
	0xffff, 0xffff, 0xffff, 0xffff, 0xffff, 0xffff, 0xffff, 0xffff, 0xffff, 0xffff, 0xffff, 0xffff,
	0xffff, 0xffff, 0x8b59, 0xfcb1, 0xffff, 0xffff, 0xffff, 0xffff, 0xffff, 0xffff, 0xffff, 0xffff,
	0xffff, 0xffff, 0xffff, 0xffff, 0xffff, 0xffff, 0xffff, 0xffff, 0xffff, 0xffff, 0xffff, 0xffff,
	0xffff, 0xffff, 0xffff, 0xffff, 0xffff, 0xffff, 0xffff, 0xffff, 0xffff, 0xffff, 0xffff, 0xffff,
	0xffff, 0xffff, 0xffff, 0xffff, 0xffff, 0xffff, 0xffff, 0xffff, 0xfcbb, 0xffff, 0xffff, 0xffff,
	0xffff, 0xffff, 0xffff, 0xffff, 0xffff, 0xffff, 0xffff, 0xffff, 0x9b69, 0xffff, 0xffff, 0xffff,
	0xffff, 0xffff, 0xffff, 0xffff, 0xffff, 0xffff, 0xffff, 0xffff, 0xffff, 0xffff, 0xffff, 0xffff,
	0xffff, 0xffff, 0xffff, 0xffff, 0xffff, 0xffff, 0xffff, 0xffff, 0xffff, 0xffff, 0xffff, 0xffff,
	0xffff, 0xffff, 0xffff, 0xffff, 0xffff, 0xffff, 0xffff, 0xffff, 0xffff, 0xffff, 0xffff, 0xffff,
	0xffff, 0xffff, 0xffff, 0xffff, 0xffff, 0xffff, 0xffff, 0xffff, 0xffff, 0xffff, 0xffff, 0xffff,
	0xffff, 0xffff, 0x93a8, 0xffff, 0xffff, 0xffff, 0xffff, 0xffff, 0xffff, 0xffff, 0xffff, 0xffff,
	0xffff, 0xffff, 0xffff, 0xffff, 0xffff, 0xffff, 0xffff, 0xffff, 0xffff, 0x8ae0, 0xffff, 0xffff,
	0xffff, 0xffff, 0xffff, 0xffff, 0xffff, 0xffff, 0xffff, 0xffff, 0xffff, 0xffff, 0xffff, 0xffff,
	0xffff, 0xffff, 0xffff, 0xffff, 0xffff, 0xffff, 0xffff, 0xffff, 0xffff, 0xffff, 0xffff, 0xffff,
	0xffff, 0xffff, 0xffff, 0xffff, 0xffff, 0xffff, 0xffff, 0xffff, 0xffff, 0xffff, 0xffff, 0xffff,
	0xffff, 0x9e51, 0xffff, 0xffff, 0xffff, 0xffff, 0xffff, 0xffff, 0xffff, 0xffff, 0xffff, 0xffff,
	0xffff, 0xffff, 0xffff, 0xffff, 0xffff, 0xffff, 0xffff, 0xffff, 0xffff, 0xffff, 0xffff, 0xffff,
	0xffff, 0xffff, 0xffff, 0xffff, 0xffff, 0xffff, 0xffff, 0xffff, 0xffff, 0xffff, 0xffff, 0xffff,
	0xffff, 0xffff, 0xffff, 0xffff, 0xffff, 0xffff, 0xffff, 0xffff, 0xffff, 0xffff, 0xffff, 0xffff,
	0xffff, 0xffff, 0xffff, 0xffff, 0xffff, 0xffff, 0xffff, 0xffff, 0xffff, 0xffff, 0xffff, 0xffff,
	0xffff, 0x8f5f, 0x9b6a, 0xffff, 0xffff, 0xffff, 0xffff, 0xffff, 0xffff, 0xffff, 0xffff, 0xffff,
	0xffff, 0xffff, 0xffff, 0xffff, 0xffff, 0xffff, 0xffff, 0xffff, 0xffff, 0xffff, 0xffff, 0xffff,
	0xffff, 0xffff, 0xffff, 0xffff, 0xffff, 0xffff, 0xffff, 0xffff, 0xffff, 0xffff, 0xffff, 0xffff,
	0xffff, 0xffff, 0xffff, 0xffff, 0xffff, 0xffff, 0xffff, 0xffff, 0xffff, 0xffff, 0xffff, 0xffff,
	0xffff, 0xffff, 0xffff, 0xffff, 0xffff, 0xffff, 0xffff, 0xffff, 0xffff, 0xffff, 0xffff, 0xffff,
	0xffff, 0xffff, 0xffff, 0xffff, 0xffff, 0xffff, 0xffff, 0xffff, 0xffff, 0xffff, 0xffff, 0xffff,
	0xffff, 0xffff, 0xffff, 0xffff, 0xffff, 0xffff, 0xffff, 0xffff, 0xffff, 0xffff, 0xffff, 0xffff,
	0xffff, 0xffff, 0xffff, 0xffff, 0xffff, 0xffff, 0x9b6b, 0xffff, 0xffff, 0xffff, 0xffff, 0xffff,
	0xffff, 0xffff, 0xffff, 0xffff, 0xffff, 0xffff, 0xffff, 0xffff, 0xffff, 0xffff, 0xffff, 0xffff,
	0xffff, 0xffff, 0xffff, 0xffff, 0xffff, 0x97ec, 0x9b6c, 0xffff, 0xffff, 0xffff, 0xffff, 0xffff,
	0xffff, 0xffff, 0xffff, 0xffff, 0xffff, 0xffff, 0xffff, 0xffff, 0xffff, 0xffff, 0xffff, 0xfe4e,
	0xffff, 0xffff, 0xffff, 0xffff, 0xffff, 0xffff, 0xfdc2, 0xffff, 0xffff, 0xffff, 0xffff, 0xffff,
	0xffff, 0xffff, 0xffff, 0xffff, 0xffff, 0xffff, 0xffff, 0xffff, 0xffff, 0xffff, 0xffff, 0xffff,
	0xffff, 0xffff, 0xffff, 0xffff, 0xffff, 0xffff, 0xffff, 0xffff, 0xffff, 0x9b6d, 0xffff, 0xffff,
	0xffff, 0xffff, 0xffff, 0xffff, 0xffff, 0xffff, 0xffff, 0xffff, 0xffff, 0xffff, 0xffff, 0xffff,
	0xffff, 0xffff, 0xffff, 0xffff, 0xffff, 0xffff, 0xffff, 0xffff, 0x9167, 0xfccc, 0xffff, 0xffff,
	0xffff, 0xffff, 0xffff, 0xffff, 0xffff, 0xffff, 0xffff, 0xffff, 0xffff, 0xffff, 0xffff, 0xffff,
	0xffff, 0x93b6, 0xffff, 0xffff, 0xffff, 0xffff, 0xffff, 0xffff, 0xffff, 0xffff, 0xffff, 0xffff,
	0xffff, 0xffff, 0xffff, 0xffff, 0xffff, 0xffff, 0xffff, 0xffff, 0xffff, 0xffff, 0xffff, 0xffff,
	0xffff, 0xffff, 0xffff, 0xffff, 0xffff, 0xffff, 0xffff, 0xffff, 0xffff, 0xffff, 0xffff, 0xffff,
	0xffff, 0xffff, 0xffff, 0xffff, 0xffff, 0xffff, 0x90e4, 0xffff, 0xffff, 0xffff, 0xffff, 0x90e5,
	0xffff, 0xffff, 0xffff, 0xffff, 0xffff, 0xffff, 0xffff, 0xffff, 0xffff, 0xffff, 0xffff, 0xffff,
	0xffff, 0xffff, 0xffff, 0xffff, 0xffff, 0xffff, 0xffff, 0xffff, 0xffff, 0xffff, 0xffff, 0xffff,
	0xffff, 0xffff, 0xffff, 0xffff, 0xffff, 0x9ef2, 0x93ca, 0xffff, 0xffff, 0xffff, 0xffff, 0xffff,
	0xffff, 0xffff, 0xffff, 0xffff, 0xffff, 0xffff, 0xffff, 0xffff, 0xffff, 0xffff, 0xffff, 0xffff,
	0xffff, 0xffff, 0xffff, 0xffff, 0xffff, 0xffff, 0xffff, 0xffff, 0xffff, 0xffff, 0xffff, 0xffff,
	0xffff, 0xffff, 0xffff, 0xffff, 0xffff, 0xffff, 0xffff, 0xffff, 0xffff, 0xffff, 0xffff, 0xffff,
	0xffff, 0xffff, 0xffff, 0xffff, 0xffff, 0xffff, 0xffff, 0xffff, 0xffff, 0xffff, 0xffff, 0xffff,
	0xffff, 0xffff, 0xffff, 0xffff, 0x8bbc, 0xffff, 0xffff, 0xffff, 0xffff, 0xffff, 0xffff, 0xffff,
	0xffff, 0xffff, 0xffff, 0xffff, 0xffff, 0xffff, 0xffff, 0xffff, 0xffff, 0xffff, 0xffff, 0xffff,
	0xffff, 0xffff, 0xffff, 0xffff, 0xffff, 0xffff, 0xffff, 0xffff, 0xffff, 0xffff, 0xffff, 0xffff,
	0xffff, 0xffff, 0xffff, 0xffff, 0xffff, 0xffff, 0xffff, 0xffff, 0xffff, 0xffff, 0xffff, 0xffff,
	0xffff, 0xffff, 0xffff, 0xffff, 0xffff, 0xffff, 0xffff, 0xffff, 0xffff, 0xffff, 0xffff, 0xffff,
	0xffff, 0xffff, 0xffff, 0xffff, 0xffff, 0xffff, 0xffff, 0xffff, 0x8f46, 0xffff, 0xffff, 0xffff,
	0xffff, 0x93cf, 0xffff, 0xffff, 0xffff, 0xffff, 0xffff, 0xffff, 0xffff, 0xffff, 0xffff, 0xffff,
	0xffff, 0xffff, 0xffff, 0xffff, 0xffff, 0xffff, 0xffff, 0xffff, 0xffff, 0xffff, 0xffff, 0xffff,
	0xffff, 0xffff, 0xffff, 0xffff, 0xffff, 0xffff, 0xffff, 0xffff, 0xffff, 0xffff, 0xffff, 0xfcdb,
	0xfcdc, 0xffff, 0xffff, 0xffff, 0xffff, 0xffff, 0xffff, 0xffff, 0xffff, 0xffff, 0xffff, 0xffff,
	0xffff, 0xffff, 0x93c0, 0xffff, 0xffff, 0xffff, 0xffff, 0xffff, 0xffff, 0xffff, 0xffff, 0xffff,
	0xffff, 0xffff, 0xffff, 0xffff, 0xffff, 0xffff, 0xffff, 0xffff, 0xffff, 0xffff, 0xffff, 0xfce6,
	0x96e7, 0xffff, 0xffff, 0xffff, 0xffff, 0xffff, 0xffff, 0xffff, 0xffff, 0xffff, 0xffff, 0xffff,
	0xffff, 0xffff, 0xffff, 0xffff, 0xffff, 0xffff, 0xffff, 0xffff, 0xffff, 0xffff, 0xffff, 0xffff,
	0xffff, 0xffff, 0xffff, 0xffff, 0xffff, 0xffff, 0xffff, 0xffff, 0xffff, 0xffff, 0xffff, 0xffff,
	0xffff, 0xffff, 0xffff, 0xffff, 0xffff, 0xffff, 0xffff, 0xffff, 0xffff, 0xffff, 0xfcd8, 0xfcd9,
	0xfda6, 0x93ce, 0xffff, 0xffff, 0xffff, 0xffff, 0xffff, 0xffff, 0xffff, 0xffff, 0xffff, 0xffff,
	0xffff, 0xffff, 0xffff, 0xffff, 0xffff, 0xffff, 0xffff, 0xffff, 0xffff, 0xffff, 0xffff, 0x95f1,
	0xffff, 0xffff, 0xffff, 0xffff, 0xffff, 0xffff, 0xffff, 0xffff, 0xffff, 0x9ce9, 0xffff, 0xfce4,
	0x94af, 0xfa77, 0x93cc, 0xffff, 0xffff, 0xffff, 0xffff, 0xffff, 0xffff, 0xffff, 0xffff, 0xffff,
	0xffff, 0xffff, 0xffff, 0xffff, 0xffff, 0xffff, 0xffff, 0xffff, 0xffff, 0xffff, 0xffff, 0xffff,
	0xffff, 0xffff, 0xffff, 0xffff, 0xffff, 0xffff, 0xffff, 0xffff, 0xffff, 0xffff, 0xffff, 0xffff,
	0x8ce1, 0xffff, 0xffff, 0xffff, 0xffff, 0xffff, 0xffff, 0xffff, 0xffff, 0xffff, 0xffff, 0xffff,
	0x905a, 0xffff, 0xffff, 0xffff, 0xffff, 0xffff, 0xffff, 0xffff, 0xffff, 0xffff, 0xffff, 0xffff,
	0xffff, 0xffff, 0xffff, 0xffff, 0xffff, 0xffff, 0xffff, 0xffff, 0xffff, 0xffff, 0xffff, 0xffff,
	0xffff, 0xffff, 0xffff, 0xffff, 0xffff, 0xffff, 0xffff, 0x8c54, 0xffff, 0xffff, 0xffff, 0xffff,
	0xffff, 0xffff, 0xffff, 0x93bf, 0xfb51, 0xffff, 0xffff, 0xffff, 0xffff, 0xffff, 0xffff, 0xffff,
	0xffff, 0xffff, 0xffff, 0xffff, 0xffff, 0xffff, 0xffff, 0xffff, 0xffff, 0xffff, 0xffff, 0xffff,
	0xffff, 0xffff, 0xffff, 0xffff, 0xffff, 0xffff, 0xffff, 0xffff, 0xffff, 0xffff, 0xffff, 0xffff,
	0xffff, 0x93b9, 0xfed7, 0x93b7, 0xffff, 0xffff, 0xffff, 0xffff, 0xffff, 0xffff, 0xffff, 0xffff,
	0xffff, 0xffff, 0xffff, 0xffff, 0xffff, 0xffff, 0xffff, 0xffff, 0xffff, 0xffff, 0xffff, 0xffff,
	0xffff, 0xffff, 0xffff, 0xffff, 0xffff, 0xffff, 0xffff, 0xffff, 0xffff, 0xffff, 0xffff, 0xffff,
	0xffff, 0xffff, 0xffff, 0xffff, 0x93d9, 0xffff, 0xffff, 0xffff, 0xffff, 0xffff, 0xffff, 0xffff,
	0xffff, 0xffff, 0xffff, 0xffff, 0xffff, 0xffff, 0x93bb, 0x93da, 0x98a3, 0xffff, 0xffff, 0xffff,
	0xffff, 0xffff, 0xffff, 0xffff, 0xffff, 0xffff, 0x90d1, 0xffff, 0xffff, 0xffff, 0xffff, 0xffff,
	0xffff, 0xffff, 0xffff, 0xffff, 0xffff, 0xffff, 0xffff, 0xffff, 0xffff, 0xffff, 0xffff, 0xffff,
	0xffff, 0xffff, 0xffff, 0x9b6e, 0xffff, 0xffff, 0xffff, 0xffff, 0xffff, 0xffff, 0xffff, 0xffff,
	0xffff, 0xffff, 0xffff, 0xffff, 0xffff, 0xffff, 0xffff, 0xffff, 0xffff, 0xffff, 0xffff, 0xffff,
	0xffff, 0xffff, 0xffff, 0xffff, 0xffff, 0xffff, 0xffff, 0xffff, 0xffff, 0xffff, 0xffff, 0xffff,
	0xffff, 0xffff, 0xffff, 0xffff, 0xffff, 0xffff, 0xffff, 0xffff, 0xffff, 0xffff, 0xffff, 0xffff,
	0xffff, 0xffff, 0xffff, 0xffff, 0xffff, 0xffff, 0xffff, 0xffff, 0xffff, 0xffff, 0xffff, 0xffff,
	0xffff, 0xffff, 0xffff, 0xffff, 0xffff, 0xffff, 0xffff, 0xffff, 0xffff, 0xffff, 0xffff, 0xffff,
	0xffff, 0xffff, 0xffff, 0xffff, 0xffff, 0xffff, 0xffff, 0xffff, 0xffff, 0xffff, 0xffff, 0xffff,
	0xffff, 0xffff, 0xffff, 0xffff, 0xffff, 0xffff, 0xffff, 0xffff, 0xffff, 0xffff, 0xffff, 0xffff,
	0xffff, 0xffff, 0xffff, 0xffff, 0xffff, 0xffff, 0xffff, 0xffff, 0xffff, 0xffff, 0xffff, 0xffff,
	0xffff, 0xffff, 0xffff, 0xffff, 0xffff, 0xffff, 0xffff, 0xffff, 0xffff, 0xffff, 0xffff, 0xffff,
	0xffff, 0xffff, 0xffff, 0xffff, 0xffff, 0xffff, 0xffff, 0xffff, 0xffff, 0xffff, 0xffff, 0xffff,
	0xffff, 0xffff, 0xffff, 0xffff, 0xffff, 0xffff, 0xffff, 0xffff, 0xffff, 0xffff, 0xffff, 0xffff,
	0xffff, 0xffff, 0xffff, 0xffff, 0xffff, 0xffff, 0xffff, 0xffff, 0xfa70, 0xffff, 0xffff, 0xffff,
	0xffff, 0xffff, 0xffff, 0xffff, 0xffff, 0xffff, 0xffff, 0xffff, 0xffff, 0xffff, 0xffff, 0xffff,
	0xffff, 0xffff, 0xffff, 0xffff, 0xffff, 0xffff, 0xffff, 0xffff, 0x9beb, 0xffff, 0xffff, 0xffff,
	0xffff, 0xffff, 0xffff, 0xffff, 0xffff, 0xffff, 0xffff, 0xffff, 0xffff, 0xffff, 0xffff, 0xffff,
	0xffff, 0xffff, 0x9b6f, 0xffff, 0xffff, 0xffff, 0xffff, 0xffff, 0xffff, 0xffff, 0xfcfc, 0xffff,
	0xffff, 0xffff, 0xffff, 0xffff, 0xffff, 0xffff, 0xffff, 0xffff, 0xffff, 0xffff, 0xffff, 0xffff,
	0x8b40, 0xa07b, 0xffff, 0xffff, 0xffff, 0x8ca1, 0x97f7, 0xffff, 0xffff, 0xffff, 0x93e2, 0xfcd6,
	0xffff, 0xffff, 0xffff, 0xffff, 0xffff, 0xffff, 0xffff, 0xffff, 0xffff, 0xffff, 0xffff, 0xffff,
	0xffff, 0xffff, 0xffff, 0xffff, 0xffff, 0xffff, 0xffff, 0xffff, 0xffff, 0xffff, 0xffff, 0xffff,
	0xffff, 0xffff, 0xffff, 0xffff, 0xffff, 0xffff, 0xffff, 0xffff, 0xffff, 0xffff, 0xffff, 0xffff,
	0xffff, 0xffff, 0xffff, 0xffff, 0xffff, 0xffff, 0xffff, 0xffff, 0xffff, 0xffff, 0xffff, 0xffff,
	0xffff, 0xffff, 0xffff, 0xffff, 0xffff, 0xffff, 0xffff, 0xffff, 0xffff, 0xffff, 0xffff, 0xffff,
	0xffff, 0xffff, 0x9559, 0xffff, 0xffff, 0xffff, 0xffff, 0xffff, 0xffff, 0xffff, 0xffff, 0xffff,
	0xffff, 0xffff, 0xffff, 0xffff, 0xffff, 0xffff, 0xffff, 0x93a6, 0xffff, 0xffff, 0xffff, 0xffff,
	0xffff, 0xffff, 0xffff, 0xffff, 0xffff, 0xffff, 0xffff, 0xffff, 0xffff, 0xffff, 0xffff, 0xffff,
	0xffff, 0xffff, 0xffff, 0xffff, 0xffff, 0xffff, 0xffff, 0xffff, 0xffff, 0xffff, 0xffff, 0xffff,
	0xffff, 0xffff, 0xfd40, 0xffff, 0xffff, 0x935f, 0xffff, 0xffff, 0xffff, 0xffff, 0xffff, 0xffff,
	0xffff, 0xffff, 0xffff, 0xffff, 0xffff, 0xffff, 0xffff, 0xffff, 0xffff, 0xffff, 0xffff, 0xffff,
	0xffff, 0xffff, 0xffff, 0xffff, 0xffff, 0xffff, 0xffff, 0xffff, 0xffff, 0xffff, 0xffff, 0xffff,
	0xffff, 0xffff, 0xffff, 0xffff, 0xffff, 0xffff, 0xffff, 0xffff, 0xffff, 0xffff, 0xffff, 0xffff,
	0xffff, 0xffff, 0xffff, 0xffff, 0xffff, 0xffff, 0xffff, 0xffff, 0xffff, 0xffff, 0xffff, 0xffff,
	0xffff, 0xffff, 0xffff, 0xffff, 0xffff, 0xffff, 0xffff, 0xffff, 0xffff, 0xffff, 0xffff, 0xffff,
	0xffff, 0xffff, 0xffff, 0xffff, 0xffff, 0xffff, 0xffff, 0xffff, 0xffff, 0xffff, 0xffff, 0xffff,
	0xffff, 0xffff, 0xffff, 0xffff, 0xffff, 0xffff, 0xffff, 0xffff, 0xffff, 0xffff, 0xffff, 0xffff,
	0xffff, 0xffff, 0xffff, 0xffff, 0xffff, 0xffff, 0xffff, 0xffff, 0xffff, 0xffff, 0xffff, 0xffff,
	0xffff, 0xffff, 0xffff, 0xffff, 0xffff, 0xffff, 0xffff, 0xffff, 0xffff, 0xffff, 0xffff, 0xffff,
	0x97f2, 0x9c76, 0xffff, 0xffff, 0xffff, 0xffff, 0xffff, 0xffff, 0xffff, 0xffff, 0xffff, 0xffff,
	0xffff, 0xffff, 0xffff, 0xffff, 0xffff, 0xffff, 0xffff, 0xffff, 0xffff, 0xffff, 0xffff, 0xffff,
	0x8ef8, 0xffff, 0xffff, 0xffff, 0xffff, 0xffff, 0xffff, 0xffff, 0xffff, 0xffff, 0xffff, 0xffff,
	0xffff, 0xffff, 0xffff, 0xffff, 0xffff, 0xffff, 0xffff, 0xffff, 0xffff, 0xffff, 0xffff, 0xffff,
	0xffff, 0xffff, 0xffff, 0xffff, 0xffff, 0xffff, 0xffff, 0xffff, 0xffff, 0x8ceb, 0xffff, 0xffff,
	0xffff, 0xffff, 0xffff, 0xffff, 0xffff, 0xffff, 0x8f47, 0xffff, 0xffff, 0xffff, 0xffff, 0xffff,
	0xffff, 0xffff, 0xffff, 0xffff, 0xffff, 0xffff, 0xffff, 0x9b74, 0xffff, 0xffff, 0xffff, 0xffff,
	0xffff, 0xffff, 0xffff, 0xffff, 0xffff, 0xffff, 0xffff, 0xffff, 0xffff, 0xffff, 0xffff, 0xffff,
	0xffff, 0xffff, 0xffff, 0xffff, 0xffff, 0xffff, 0xffff, 0xffff, 0xffff, 0xffff, 0xffff, 0xffff,
	0xffff, 0xffff, 0xffff, 0xffff, 0xffff, 0xffff, 0xffff, 0xffff, 0xffff, 0xffff, 0xffff, 0xffff,
	0xffff, 0xffff, 0xffff, 0xffff, 0xffff, 0x92b4, 0xffff, 0xffff, 0xffff, 0x91ed, 0xffff, 0xffff,
	0x96d2, 0xffff, 0xffff, 0xffff, 0xffff, 0xffff, 0xffff, 0xffff, 0xffff, 0xffff, 0xffff, 0xffff,
	0xffff, 0xffff, 0xffff, 0xffff, 0xffff, 0xffff, 0xffff, 0xffff, 0xffff, 0xffff, 0xffff, 0xffff,
	0xffff, 0xffff, 0xffff, 0xffff, 0xffff, 0xffff, 0xffff, 0xffff, 0xffff, 0xffff, 0xffff, 0xffff,
	0xffff, 0xffff, 0xffff, 0xffff, 0xffff, 0xffff, 0xffff, 0xffff, 0xffff, 0xffff, 0xffff, 0xffff,
	0xffff, 0xfd46, 0x8f4f, 0x9549, 0xffff, 0xffff, 0xffff, 0xffff, 0xffff, 0xffff, 0xffff, 0xffff,
	0xffff, 0xffff, 0xffff, 0xffff, 0xffff, 0xffff, 0xffff, 0xffff, 0xffff, 0xffff, 0xffff, 0xffff,
	0xffff, 0xffff, 0xffff, 0xffff, 0xffff, 0xffff, 0xffff, 0xffff, 0xffff, 0xffff, 0xffff, 0xffff,
	0xffff, 0xffff, 0xffff, 0x9b75, 0xfa5c, 0xffff, 0xffff, 0xffff, 0xffff, 0xffff, 0xffff, 0xffff,
	0xffff, 0xffff, 0xffff, 0xffff, 0xffff, 0xffff, 0xffff, 0xffff, 0xffff, 0xffff, 0xffff, 0xffff,
	0xffff, 0xffff, 0xffff, 0x8751, 0xffff, 0xffff, 0x9b79, 0xffff, 0xffff, 0xffff, 0xffff, 0xffff,
	0xffff, 0xffff, 0xffff, 0xffff, 0xffff, 0xffff, 0xffff, 0xffff, 0xffff, 0xffff, 0xffff, 0xffff,
	0xffff, 0xffff, 0xffff, 0xffff, 0xffff, 0xffff, 0xffff, 0xffff, 0xffff, 0xffff, 0xffff, 0xffff,
	0xffff, 0xffff, 0xffff, 0xffff, 0xfd4b, 0xffff, 0xffff, 0xffff, 0x96d3, 0xffff, 0xffff, 0xffff,
	0xffff, 0xffff, 0xffff, 0xffff, 0xffff, 0xffff, 0xffff, 0xffff, 0xffff, 0xffff, 0xffff, 0xffff,
	0xffff, 0xffff, 0xffff, 0xffff, 0xffff, 0xffff, 0xffff, 0xffff, 0xffff, 0xfd58, 0xffff, 0xffff,
	0xffff, 0xffff, 0xffff, 0x945f, 0xffff, 0xffff, 0xffff, 0xffff, 0xffff, 0xffff, 0xffff, 0xffff,
	0xffff, 0xffff, 0xffff, 0xffff, 0xffff, 0xffff, 0xffff, 0xffff, 0xffff, 0xffff, 0xffff, 0xffff,
	0xffff, 0xffff, 0xffff, 0xa0f5, 0xffff, 0xffff, 0xffff, 0xffff, 0xffff, 0xffff, 0xffff, 0xffff,
	0xffff, 0xffff, 0xffff, 0xffff, 0xffff, 0xffff, 0xffff, 0xffff, 0xffff, 0xffff, 0xffff, 0xffff,
	0xffff, 0xffff, 0xffff, 0xffff, 0xffff, 0xffff, 0xffff, 0xffff, 0xffff, 0xffff, 0xffff, 0xffff,
	0xffff, 0xffff, 0xffff, 0xffff, 0xffff, 0xffff, 0xffff, 0xffff, 0xffff, 0xffff, 0xffff, 0xffff,
	0xffff, 0xffff, 0x9243, 0xffff, 0xffff, 0xffff, 0xffff, 0xffff, 0xffff, 0x97fa, 0xffff, 0xffff,
	0xffff, 0xffff, 0xffff, 0xffff, 0xffff, 0xffff, 0xffff, 0xffff, 0xffff, 0xffff, 0x9dd9, 0xffff,
	0xffff, 0xffff, 0xffff, 0xffff, 0xffff, 0xffff, 0xffff, 0xffff, 0xffff, 0xffff, 0xffff, 0xffff,
	0xffff, 0xffff, 0xffff, 0xffff, 0xffff, 0xffff, 0xffff, 0xffff, 0xffff, 0xffff, 0xffff, 0xffff,
	0xffff, 0xffff, 0xffff, 0xffff, 0xffff, 0xffff, 0xffff, 0xffff, 0xffff, 0xffff, 0xffff, 0x97f4,
	0xffff, 0xffff, 0xffff, 0xffff, 0xffff, 0xffff, 0xffff, 0xffff, 0xffff, 0xffff, 0xffff, 0xffff,
	0xffff, 0xffff, 0x924d, 0xfd5b, 0xffff, 0xffff, 0xffff, 0xffff, 0xffff, 0xffff, 0xffff, 0xffff,
	0xffff, 0xffff, 0xffff, 0xffff, 0xffff, 0xffff, 0xffff, 0xffff, 0xffff, 0xffff, 0x9b7a, 0xffff,
	0xffff, 0xffff, 0xffff, 0xffff, 0xffff, 0xffff, 0xffff, 0xffff, 0x9ed5, 0xffff, 0xffff, 0xffff,
	0xffff, 0xffff, 0xffff, 0xffff, 0xffff, 0xffff, 0xffff, 0xffff, 0xffff, 0xfaae, 0xffff, 0x9cc9,
	0xffff, 0xffff, 0xffff, 0xffff, 0xffff, 0xffff, 0xffff, 0xffff, 0xffff, 0xffff, 0xffff, 0xffff,
	0xffff, 0xffff, 0xffff, 0x9258, 0xffff, 0xffff, 0xffff, 0xffff, 0xffff, 0xffff, 0xffff, 0xffff,
	0xffff, 0xffff, 0xffff, 0xffff, 0xffff, 0xffff, 0xffff, 0xffff, 0xffff, 0xffff, 0xffff, 0xffff,
	0xffff, 0xffff, 0xffff, 0xffff, 0xffff, 0xffff, 0xffff, 0xffff, 0xffff, 0xffff, 0xffff, 0xffff,
	0xffff, 0xffff, 0xffff, 0xffff, 0xffff, 0xffff, 0x8ec8, 0xffff, 0xffff, 0xffff, 0xffff, 0xffff,
	0xffff, 0xffff, 0xffff, 0xffff, 0xffff, 0xffff, 0xffff, 0xffff, 0xffff, 0xffff, 0xffff, 0xffff,
	0xffff, 0xffff, 0xffff, 0xffff, 0xffff, 0xffff, 0xffff, 0xffff, 0xffff, 0x94b4, 0xffff, 0xffff,
	0xffff, 0xffff, 0xffff, 0xffff, 0xffff, 0xffff, 0xffff, 0xffff, 0xffff, 0xffff, 0xffff, 0xffff,
	0xffff, 0xffff, 0xffff, 0xffff, 0xffff, 0xffff, 0xffff, 0xffff, 0xffff, 0xffff, 0xffff, 0xffff,
	0xffff, 0xffff, 0xffff, 0xffff, 0xffff, 0xffff, 0x93e1, 0xffff, 0xffff, 0xffff, 0xffff, 0xffff,
	0xffff, 0xffff, 0xffff, 0xffff, 0xffff, 0xffff, 0xffff, 0xffff, 0xffff, 0xffff, 0xffff, 0xffff,
	0xffff, 0xffff, 0xffff, 0xffff, 0xffff, 0xffff, 0xffff, 0xffff, 0x93df, 0xffff, 0xffff, 0xffff,
	0xffff, 0xffff, 0xfcf0, 0xffff, 0xffff, 0xffff, 0xffff, 0xffff, 0xffff, 0xffff, 0xffff, 0xffff,
	0xffff, 0xffff, 0xffff, 0xffff, 0xffff, 0xffff, 0xffff, 0xffff, 0xffff, 0x93ec, 0x97f6, 0x96cf,
	0x93de, 0x8acf, 0x9ba2, 0xffff, 0xffff, 0xffff, 0xffff, 0xffff, 0xffff, 0xffff, 0xffff, 0xffff,
	0xffff, 0xffff, 0xffff, 0xffff, 0xffff, 0xffff, 0xffff, 0xffff, 0xffff, 0xffff, 0xffff, 0xffff,
	0xffff, 0xffff, 0xffff, 0xffff, 0xffff, 0xffff, 0xffff, 0xffff, 0xffff, 0xffff, 0xffff, 0xffff,
	0xffff, 0xffff, 0xffff, 0xffff, 0xffff, 0xffff, 0xffff, 0xffff, 0xffff, 0xffff, 0xffff, 0xffff,
	0xffff, 0xffff, 0xffff, 0xffff, 0xffff, 0xffff, 0xfd69, 0xffff, 0xffff, 0xffff, 0xffff, 0xffff,
	0xffff, 0xffff, 0xffff, 0xffff, 0xffff, 0xffff, 0xffff, 0xffff, 0xffff, 0xffff, 0xffff, 0xffff,
	0xffff, 0x9352, 0xffff, 0xffff, 0xffff, 0xffff, 0xffff, 0xffff, 0xffff, 0xffff, 0xffff, 0xffff,
	0xffff, 0x98a2, 0x8ce7, 0xffff, 0xffff, 0xffff, 0xffff, 0xffff, 0xffff, 0xffff, 0xffff, 0xffff,
	0xffff, 0xffff, 0xffff, 0xffff, 0xffff, 0xffff, 0xffff, 0xffff, 0xffff, 0xffff, 0xffff, 0xffff,
	0xffff, 0xffff, 0xffff, 0xffff, 0xffff, 0xffff, 0xffff, 0xffff, 0xffff, 0xffff, 0xffff, 0xffff,
	0xffff, 0xffff, 0xffff, 0xffff, 0xffff, 0xffff, 0xffff, 0xffff, 0xffff, 0xffff, 0xffff, 0xffff,
	0xffff, 0xffff, 0xffff, 0xffff, 0xffff, 0xffff, 0xffff, 0xffff, 0xffff, 0xffff, 0xffff, 0xffff,
	0xffff, 0xffff, 0xffff, 0xffff, 0xffff, 0xffff, 0xfd6e, 0x8ca4, 0xffff, 0xffff, 0xffff, 0xffff,
	0xffff, 0xffff, 0xffff, 0xffff, 0xffff, 0xffff, 0xffff, 0xffff, 0xffff, 0xffff, 0xffff, 0xffff,
	0xffff, 0xffff, 0xffff, 0xffff, 0xffff, 0xffff, 0xffff, 0xffff, 0xffff, 0xffff, 0xffff, 0xffff,
	0xffff, 0xffff, 0xffff, 0xffff, 0xffff, 0xffff, 0xffff, 0xffff, 0xffff, 0xffff, 0xffff, 0xffff,
	0xffff, 0xffff, 0xffff, 0xffff, 0xffff, 0xffff, 0xffff, 0xffff, 0xffff, 0xffff, 0xffff, 0xffff,
	0xffff, 0xfa7c, 0x93fa, 0x907c, 0xffff, 0xffff, 0xffff, 0xffff, 0xffff, 0xffff, 0xffff, 0xffff,
	0xffff, 0xffff, 0xffff, 0xffff, 0xffff, 0xffff, 0xffff, 0xffff, 0xffff, 0xffff, 0xffff, 0xffff,
	0xffff, 0xffff, 0xffff, 0xffff, 0xffff, 0x8f67, 0xffff, 0x9db7, 0xffff, 0xffff, 0xffff, 0xffff,
	0xffff, 0xffff, 0xffff, 0xffff, 0xffff, 0xffff, 0xffff, 0xffff, 0xffff, 0xffff, 0xffff, 0xa0e9,
	0xfa4e, 0xfda1, 0xffff, 0xffff, 0xffff, 0xffff, 0xffff, 0xffff, 0xffff, 0xffff, 0xffff, 0xffff,
	0xffff, 0xffff, 0xffff, 0xffff, 0xffff, 0xffff, 0xffff, 0xffff, 0xffff, 0xffff, 0xffff, 0xffff,
	0xffff, 0xffff, 0xffff, 0xffff, 0xffff, 0xffff, 0xffff, 0xffff, 0xffff, 0xffff, 0xffff, 0xffff,
	0xffff, 0xffff, 0xffff, 0xffff, 0xffff, 0xffff, 0xffff, 0xffff, 0xffff, 0xffff, 0xffff, 0xffff,
	0xffff, 0xffff, 0xffff, 0xffff, 0x9e74, 0x9fbf, 0x9ecb, 0x9bb9, 0x9dd4, 0xffff, 0xffff, 0xffff,
	0xffff, 0xffff, 0xffff, 0xffff, 0xffff, 0xffff, 0xffff, 0xffff, 0xffff, 0xffff, 0xffff, 0xffff,
	0xffff, 0xffff, 0xffff, 0xffff, 0xffff, 0xffff, 0xffff, 0xffff, 0xffff, 0xffff, 0xffff, 0x97b9,
	0xffff, 0xffff, 0xffff, 0xffff, 0xffff, 0xffff, 0xffff, 0xffff, 0xffff, 0xffff, 0xffff, 0xffff,
	0xffff, 0xffff, 0xffff, 0xffff, 0xffff, 0xffff, 0xffff, 0xffff, 0xffff, 0xffff, 0xffff, 0xffff,
	0xffff, 0xffff, 0xffff, 0xffff, 0xffff, 0xffff, 0xffff, 0xffff, 0xffff, 0xffff, 0x8ef1, 0xffff,
	0xffff, 0xffff, 0xffff, 0xffff, 0xffff, 0xffff, 0xffff, 0xffff, 0xffff, 0xffff, 0xffff, 0xffff,
	0xffff, 0xffff, 0xffff, 0x957b, 0xffff, 0xffff, 0xffff, 0xffff, 0xffff, 0xffff, 0xffff, 0xffff,
	0xffff, 0xffff, 0xffff, 0xffff, 0xffff, 0xffff, 0xffff, 0xffff, 0xffff, 0xffff, 0xffff, 0xffff,
	0xffff, 0xffff, 0xffff, 0xffff, 0xffff, 0xffff, 0xffff, 0xffff, 0xffff, 0xffff, 0xffff, 0xffff,
	0xffff, 0xffff, 0xffff, 0xffff, 0xffff, 0xffff, 0x9ed2, 0x9753, 0x96a4, 0x8fbe, 0x94d9, 0x9058,
	0xfd79, 0xfd7b, 0xffff, 0xffff, 0xffff, 0xffff, 0xffff, 0xffff, 0xffff, 0xffff, 0xffff, 0xffff,
	0xffff, 0xffff, 0xffff, 0xffff, 0xffff, 0xffff, 0xffff, 0xffff, 0xffff, 0xffff, 0xffff, 0xffff,
	0xffff, 0xffff, 0xffff, 0xffff, 0xffff, 0xffff, 0xffff, 0xffff, 0xffff, 0xffff, 0xffff, 0xffff,
	0xffff, 0xffff, 0xffff, 0x8eda, 0xffff, 0xffff, 0xffff, 0xffff, 0xffff, 0xffff, 0xffff, 0xffff,
	0xffff, 0xffff, 0xffff, 0xffff, 0xffff, 0xffff, 0xffff, 0xffff, 0xffff, 0xffff, 0xffff, 0xffff,
	0x8efa, 0x8762, 0xffff, 0xffff, 0xffff, 0xffff, 0xffff, 0xffff, 0xffff, 0xffff, 0xffff, 0xffff,
	0x9ba5, 0xffff, 0xffff, 0xffff, 0xffff, 0xffff, 0xffff, 0xffff, 0xffff, 0xffff, 0xffff, 0xffff,
	0xffff, 0xffff, 0xffff, 0xffff, 0xffff, 0xffff, 0xffff, 0xffff, 0xffff, 0xffff, 0xffff, 0xffff,
	0xffff, 0xffff, 0xffff, 0x9ed9, 0x97d4, 0x90bb, 0xfdbc, 0xfdc6, 0x9248, 0xffff, 0xffff, 0xffff,
	0xffff, 0xffff, 0xffff, 0xffff, 0x92b5, 0xffff, 0xffff, 0xffff, 0xffff, 0xffff, 0xffff, 0xffff,
	0xffff, 0xffff, 0xffff, 0xffff, 0xffff, 0xffff, 0xffff, 0xffff, 0xffff, 0xffff, 0xffff, 0xffff,
	0xffff, 0xffff, 0xffff, 0xffff, 0xffff, 0xffff, 0xffff, 0xffff, 0xffff, 0xffff, 0xffff, 0xffff,
	0xffff, 0xffff, 0xffff, 0xffff, 0xffff, 0xffff, 0xffff, 0xffff, 0xffff, 0xffff, 0xffff, 0xffff,
	0xffff, 0xffff, 0xffff, 0xffff, 0xffff, 0xffff, 0xffff, 0xffff, 0xffff, 0xffff, 0xffff, 0xffff,
	0xffff, 0xffff, 0xffff, 0xffff, 0xffff, 0xffff, 0xffff, 0xffff, 0xffff, 0xffff, 0xffff, 0xffff,
	0xffff, 0xffff, 0xffff, 0xffff, 0xffff, 0xffff, 0xffff, 0xffff, 0xffff, 0xffff, 0xffff, 0x9dc1,
	0x92b9, 0x92a6, 0x8f4b, 0xffff, 0xffff, 0xffff, 0xffff, 0xffff, 0xffff, 0xffff, 0xffff, 0xffff,
	0xffff, 0xffff, 0xffff, 0xffff, 0xffff, 0xffff, 0xffff, 0xffff, 0xffff, 0xffff, 0xffff, 0xffff,
	0xffff, 0xffff, 0xffff, 0xffff, 0xffff, 0xffff, 0xffff, 0xffff, 0xffff, 0xffff, 0xffff, 0xffff,
	0xffff, 0xffff, 0xffff, 0xffff, 0xffff, 0xffff, 0xffff, 0xffff, 0xffff, 0xffff, 0xffff, 0xffff,
	0x9ba6, 0xffff, 0xffff, 0xffff, 0xffff, 0xffff, 0x92b6, 0xffff, 0xffff, 0xffff, 0xffff, 0xffff,
	0xffff, 0xffff, 0xffff, 0xffff, 0xffff, 0xffff, 0xffff, 0xffff, 0xffff, 0xffff, 0xffff, 0xffff,
	0xffff, 0xffff, 0xffff, 0xffff, 0xffff, 0xffff, 0x8e40, 0xffff, 0xffff, 0xffff, 0xffff, 0xffff,
	0xffff, 0xffff, 0xffff, 0xffff, 0xffff, 0xffff, 0xffff, 0xffff, 0xffff, 0xffff, 0xffff, 0xffff,
	0xffff, 0xffff, 0xffff, 0xffff, 0xffff, 0xffff, 0xffff, 0xffff, 0xffff, 0xffff, 0xffff, 0xffff,
	0xffff, 0xffff, 0x9ed8, 0x945e, 0x985f, 0x94ce, 0x924a, 0xfd70, 0x9467, 0xffff, 0xffff, 0xffff,
	0xffff, 0xffff, 0xffff, 0xffff, 0xffff, 0xffff, 0xffff, 0xffff, 0x8dec, 0xffff, 0xffff, 0xffff,
	0xffff, 0xffff, 0xffff, 0xffff, 0xffff, 0x9bd8, 0xffff, 0xffff, 0xffff, 0xffff, 0xffff, 0xffff,
	0xffff, 0xffff, 0xffff, 0xffff, 0xffff, 0xffff, 0xffff, 0xffff, 0xffff, 0xffff, 0xffff, 0xffff,
	0xffff, 0xffff, 0xffff, 0xffff, 0x8763, 0xffff, 0xffff, 0xffff, 0xffff, 0xffff, 0xffff, 0xffff,
	0xffff, 0xffff, 0xffff, 0xffff, 0xffff, 0xffff, 0xffff, 0xffff, 0xffff, 0xffff, 0xffff, 0xffff,
	0xffff, 0xffff, 0xffff, 0xffff, 0xffff, 0xffff, 0xffff, 0xffff, 0xffff, 0xffff, 0x9448, 0xfac1,
	0x9cf7, 0xfdbe, 0xffff, 0xffff, 0xffff, 0xffff, 0xffff, 0xffff, 0xffff, 0xffff, 0xffff, 0xffff,
	0xffff, 0xffff, 0x8fda, 0xffff, 0xffff, 0xffff, 0xffff, 0xffff, 0xffff, 0xffff, 0xffff, 0xffff,
	0xffff, 0xffff, 0xffff, 0xffff, 0xffff, 0xffff, 0xffff, 0xffff, 0xffff, 0xffff, 0xffff, 0xffff,
	0xffff, 0xffff, 0xffff, 0xffff, 0xffff, 0xffff, 0xffff, 0xffff, 0xffff, 0xffff, 0xffff, 0xffff,
	0xffff, 0xffff, 0xffff, 0xfdd9, 0xffff, 0xffff, 0xfc7e, 0xffff, 0xffff, 0xffff, 0xffff, 0xffff,
	0xffff, 0xffff, 0xffff, 0x93f9, 0xffff, 0xffff, 0xffff, 0xffff, 0xfa43, 0xffff, 0xffff, 0xffff,
	0xffff, 0xffff, 0xffff, 0xffff, 0xffff, 0xffff, 0xffff, 0xffff, 0xffff, 0xffff, 0xffff, 0xffff,
	0xffff, 0xffff, 0xffff, 0xffff, 0xffff, 0xffff, 0xffff, 0xffff, 0xffff, 0xffff, 0xffff, 0xffff,
	0xffff, 0xffff, 0xffff, 0xffff, 0xffff, 0xffff, 0xffff, 0xffff, 0xffff, 0xffff, 0xfaeb, 0xfac3,
	0x97d3, 0x95f9, 0x9c48, 0xfdd8, 0xa0d8, 0xffff, 0xffff, 0xffff, 0xffff, 0xffff, 0xffff, 0xffff,
	0xffff, 0xffff, 0xffff, 0xffff, 0xffff, 0xffff, 0xffff, 0xffff, 0xffff, 0xffff, 0xffff, 0xffff,
	0xffff, 0xffff, 0xffff, 0xffff, 0xffff, 0xffff, 0xffff, 0xffff, 0xffff, 0xffff, 0xffff, 0xffff,
	0xffff, 0xffff, 0xffff, 0xffff, 0xffff, 0xffff, 0xffff, 0xffff, 0xfdd7, 0xfb4a, 0x9baf, 0x944b,
	0xfdc9, 0xffff, 0xffff, 0xffff, 0xffff, 0xffff, 0xffff, 0xffff, 0xffff, 0xffff, 0xffff, 0xffff,
	0xffff, 0xffff, 0xffff, 0xffff, 0xffff, 0xffff, 0xffff, 0xffff, 0xffff, 0xffff, 0xffff, 0xffff,
	0xffff, 0xffff, 0x8eac, 0xffff, 0xffff, 0xffff, 0xffff, 0xffff, 0xffff, 0xffff, 0xffff, 0xffff,
	0xffff, 0xffff, 0xffff, 0xffff, 0xffff, 0xffff, 0xffff, 0xffff, 0xffff, 0xffff, 0xffff, 0xffff,
	0xffff, 0xffff, 0xffff, 0xffff, 0xffff, 0xffff, 0xffff, 0xffff, 0xffff, 0xffff, 0xffff, 0xffff,
	0xffff, 0xffff, 0xffff, 0xffff, 0xffff, 0xffff, 0xffff, 0xffff, 0xffff, 0xffff, 0xffff, 0xffff,
	0xfdb2, 0xffff, 0xffff, 0xffff, 0xffff, 0xffff, 0x925a, 0xfcbd, 0x92d9, 0xffff, 0xffff, 0xffff,
	0xfdd5, 0xffff, 0xffff, 0xffff, 0xffff, 0xffff, 0xffff, 0xffff, 0xffff, 0xffff, 0xffff, 0xffff,
	0xffff, 0xffff, 0xffff, 0xffff, 0xffff, 0xffff, 0xffff, 0xffff, 0xffff, 0xffff, 0xffff, 0xffff,
	0xffff, 0xffff, 0xffff, 0xffff, 0xffff, 0xffff, 0xffff, 0xffff, 0xffff, 0xffff, 0xffff, 0xffff,
	0xffff, 0xffff, 0xffff, 0xffff, 0xffff, 0xffff, 0xffff, 0xffff, 0xffff, 0xffff, 0xffff, 0xffff,
	0xffff, 0xffff, 0xffff, 0xffff, 0xffff, 0xffff, 0xffff, 0xffff, 0x92dd, 0xffff, 0xffff, 0xffff,
	0xffff, 0xffff, 0xffff, 0xffff, 0xffff, 0xffff, 0xffff, 0xffff, 0xffff, 0xffff, 0xffff, 0xffff,
	0xffff, 0xffff, 0xffff, 0xffff, 0xffff, 0xffff, 0xffff, 0xffff, 0x9259, 0xffff, 0xffff, 0xffff,
	0xffff, 0xffff, 0xffff, 0xffff, 0xffff, 0xffff, 0xffff, 0x8cf0, 0x96ba, 0xffff, 0xffff, 0xffff,
	0xffff, 0xffff, 0xffff, 0xffff, 0xffff, 0xffff, 0xffff, 0x925b, 0xffff, 0xffff, 0xffff, 0xffff,
	0xffff, 0xffff, 0xffff, 0xffff, 0xffff, 0x9bab, 0xffff, 0xffff, 0xffff, 0xffff, 0xffff, 0xffff,
	0xffff, 0xffff, 0xffff, 0xffff, 0xffff, 0xffff, 0xffff, 0xffff, 0xffff, 0xffff, 0xffff, 0xffff,
	0xffff, 0xffff, 0xffff, 0xffff, 0xffff, 0xffff, 0xffff, 0xffff, 0xffff, 0xffff, 0xffff, 0xffff,
	0xffff, 0xffff, 0xffff, 0xffff, 0xffff, 0xffff, 0xffff, 0xfdda, 0xfdde, 0xffff, 0xffff, 0xffff,
	0xfdd3, 0xffff, 0xffff, 0xffff, 0xffff, 0xffff, 0xffff, 0xffff, 0xffff, 0xffff, 0x8c46, 0xffff,
	0xffff, 0xffff, 0xffff, 0xffff, 0xffff, 0xfdd6, 0xfddc, 0xfddd, 0xffff, 0xffff, 0xffff, 0xffff,
	0x90fe, 0xffff, 0xffff, 0xfea1, 0xffff, 0xffff, 0xffff, 0xffff, 0xffff, 0xffff, 0xffff, 0xffff,
	0xffff, 0xffff, 0xffff, 0xffff, 0xffff, 0xffff, 0xffff, 0xffff, 0xffff, 0xffff, 0xffff, 0xffff,
	0xffff, 0xffff, 0xffff, 0x8bad, 0xffff, 0xffff, 0x9cd8, 0xffff, 0xffff, 0xffff, 0xffff, 0xffff,
	0xffff, 0xffff, 0xffff, 0xffff, 0xffff, 0xffff, 0xffff, 0xffff, 0xffff, 0xffff, 0xffff, 0xffff,
	0xffff, 0xffff, 0xffff, 0xffff, 0xffff, 0xffff, 0xffff, 0xffff, 0xffff, 0xffff, 0xffff, 0xffff,
	0xffff, 0xffff, 0xffff, 0xffff, 0xffff, 0xffff, 0xffff, 0xffff, 0xffff, 0xffff, 0xffff, 0x9e6d,
	0xfd7c, 0xfb61, 0xffff, 0xffff, 0xffff, 0xffff, 0xffff, 0xffff, 0x96f8, 0xffff, 0xffff, 0xffff,
	0xffff, 0xffff, 0xffff, 0xffff, 0xffff, 0x96f0, 0xffff, 0xffff, 0xffff, 0xffff, 0xffff, 0xffff,
	0xffff, 0xffff, 0xffff, 0xffff, 0xffff, 0xffff, 0xffff, 0xffff, 0xffff, 0xffff, 0xffff, 0xffff,
	0xffff, 0xffff, 0xffff, 0xffff, 0xffff, 0xfcf4, 0xffff, 0xffff, 0xffff, 0xffff, 0xffff, 0xffff,
	0xffff, 0xffff, 0xffff, 0xffff, 0xffff, 0xffff, 0xffff, 0xffff, 0xffff, 0xffff, 0xffff, 0xffff,
	0xffff, 0xffff, 0xfe60, 0xffff, 0xffff, 0xffff, 0xffff, 0xffff, 0xffff, 0xffff, 0xffff, 0xffff,
	0xffff, 0xffff, 0xffff, 0xffff, 0xffff, 0xffff, 0xffff, 0xffff, 0xffff, 0xffff, 0xffff, 0xffff,
	0xffff, 0xffff, 0xffff, 0xffff, 0x9852, 0x964f, 0xffff, 0xffff, 0xffff, 0xffff, 0xffff, 0xffff,
	0xffff, 0xffff, 0xffff, 0xffff, 0xffff, 0xffff, 0xffff, 0xffff, 0xffff, 0xffff, 0xffff, 0xffff,
	0xffff, 0xffff, 0xffff, 0xffff, 0xffff, 0xffff, 0xffff, 0xffff, 0xffff, 0xffff, 0xffff, 0xffff,
	0xffff, 0xffff, 0xffff, 0xffff, 0xffff, 0xffff, 0xffff, 0xffff, 0xffff, 0xffff, 0xffff, 0xffff,
	0xffff, 0xffff, 0xffff, 0xffff, 0xffff, 0x916e, 0xffff, 0xffff, 0xffff, 0xffff, 0xffff, 0xffff,
	0xffff, 0xffff, 0xffff, 0xffff, 0x986d, 0xffff, 0xffff, 0x9864, 0xffff, 0xffff, 0xffff, 0xffff,
	0xffff, 0xffff, 0xffff, 0xffff, 0xffff, 0xffff, 0xffff, 0xffff, 0xffff, 0xffff, 0xffff, 0xffff,
	0xffff, 0xffff, 0xffff, 0xffff, 0xffff, 0xffff, 0xffff, 0xffff, 0xffff, 0xffff, 0xffff, 0xffff,
	0x9453, 0xfdec, 0xfb78, 0xffff, 0xffff, 0xffff, 0xffff, 0xffff, 0xffff, 0xffff, 0xffff, 0xffff,
	0xffff, 0xffff, 0x95ba, 0xffff, 0xffff, 0xffff, 0xffff, 0xffff, 0xffff, 0xffff, 0xffff, 0xffff,
	0xffff, 0xffff, 0xffff, 0xffff, 0xffff, 0x985d, 0xffff, 0x92f9, 0xffff, 0xffff, 0xffff, 0xffff,
	0xffff, 0xffff, 0xffff, 0xffff, 0xffff, 0xffff, 0xffff, 0xffff, 0xffff, 0xffff, 0xffff, 0x985a,
	0xffff, 0xffff, 0xffff, 0xffff, 0xffff, 0xffff, 0xffff, 0xffff, 0xffff, 0xffff, 0xffff, 0xffff,
	0xffff, 0xffff, 0xffff, 0xffff, 0xffff, 0xffff, 0xffff, 0xffff, 0xffff, 0xffff, 0xffff, 0xffff,
	0xffff, 0x8750, 0xffff, 0xfdf6, 0xffff, 0xffff, 0xffff, 0xffff, 0xffff, 0xffff, 0xffff, 0x93d0,
	0x9862, 0xffff, 0xffff, 0xffff, 0xffff, 0xffff, 0xffff, 0xffff, 0xffff, 0xffff, 0xffff, 0xffff,
	0xffff, 0xffff, 0xffff, 0xffff, 0xffff, 0xffff, 0xffff, 0xffff, 0xffff, 0xffff, 0xffff, 0xffff,
	0xffff, 0xffff, 0xffff, 0xffff, 0xffff, 0xffff, 0xffff, 0xffff, 0xffff, 0xffff, 0xffff, 0xffff,
	0x9bad, 0xffff, 0xffff, 0xffff, 0xffff, 0xffff, 0xffff, 0xffff, 0xffff, 0xffff, 0xffff, 0xffff,
	0x974f, 0x9bae, 0xffff, 0xffff, 0xffff, 0xffff, 0xffff, 0xffff, 0xffff, 0xffff, 0xffff, 0xffff,
	0xffff, 0xffff, 0x9452, 0xffff, 0xffff, 0xffff, 0xffff, 0xffff, 0xffff, 0xffff, 0xffff, 0xffff,
	0xffff, 0xffff, 0xffff, 0xffff, 0xffff, 0xffff, 0xffff, 0xffff, 0xffff, 0xffff, 0xffff, 0xffff,
	0xffff, 0xffff, 0xffff, 0xffff, 0x9bb0, 0xffff, 0xffff, 0xffff, 0xffff, 0xffff, 0xffff, 0xffff,
	0xffff, 0xffff, 0xffff, 0xffff, 0xffff, 0xffff, 0xffff, 0xffff, 0xffff, 0xffff, 0xffff, 0xffff,
	0x91d2, 0xffff, 0xffff, 0xffff, 0xffff, 0xffff, 0xffff, 0xffff, 0xffff, 0xffff, 0xffff, 0xffff,
	0xffff, 0xffff, 0xffff, 0xffff, 0xffff, 0xffff, 0xffff, 0xffff, 0xffff, 0xffff, 0xffff, 0xffff,
	0xffff, 0xffff, 0x97ea, 0xfb6b, 0x91b1, 0xfdf3, 0xffff, 0xffff, 0xffff, 0xffff, 0xffff, 0xffff,
	0xffff, 0xffff, 0xffff, 0xffff, 0xffff, 0xffff, 0xffff, 0xffff, 0xffff, 0xffff, 0xffff, 0xffff,
	0xffff, 0xffff, 0xffff, 0xffff, 0xffff, 0xffff, 0xffff, 0xffff, 0xffff, 0xffff, 0xffff, 0xffff,
	0xffff, 0xffff, 0xffff, 0xffff, 0xffff, 0xffff, 0xffff, 0xffff, 0x92cb, 0xffff, 0xffff, 0xffff,
	0xffff, 0xffff, 0xffff, 0xffff, 0xffff, 0xffff, 0x9bb1, 0xffff, 0xffff, 0xffff, 0xffff, 0xffff,
	0xfcec, 0xffff, 0xffff, 0xffff, 0xffff, 0xffff, 0xffff, 0xffff, 0xffff, 0xffff, 0xffff, 0xffff,
	0xffff, 0xffff, 0xffff, 0xffff, 0xffff, 0xffff, 0xffff, 0xffff, 0xffff, 0xffff, 0xffff, 0xffff,
	0xffff, 0xffff, 0xffff, 0xffff, 0xffff, 0xffff, 0xffff, 0xffff, 0xffff, 0x986b, 0xffff, 0xffff,
	0xffff, 0x9751, 0xffff, 0xffff, 0xffff, 0xffff, 0xffff, 0xffff, 0xffff, 0xffff, 0xffff, 0xffff,
	0xffff, 0xffff, 0xffff, 0xffff, 0xffff, 0xffff, 0xffff, 0xffff, 0xffff, 0xffff, 0xffff, 0xffff,
	0xffff, 0xffff, 0xffff, 0xffff, 0xffff, 0xffff, 0xffff, 0xffff, 0xffff, 0xffff, 0xffff, 0xffff,
	0xffff, 0xffff, 0xffff, 0xffff, 0xffff, 0x9871, 0x95ef, 0xffff, 0xffff, 0xffff, 0xffff, 0xffff,
	0xffff, 0xffff, 0x9ef3, 0xffff, 0xffff, 0xffff, 0xffff, 0xffff, 0x91e8, 0x9bba, 0xffff, 0xffff,
	0xffff, 0xffff, 0xffff, 0xffff, 0xffff, 0xffff, 0xffff, 0xffff, 0xffff, 0xffff, 0xffff, 0xffff,
	0xffff, 0xffff, 0xffff, 0xffff, 0xffff, 0xffff, 0xffff, 0xffff, 0xffff, 0xffff, 0xffff, 0xffff,
	0xffff, 0xffff, 0xffff, 0xffff, 0xffff, 0xffff, 0xffff, 0xffff, 0xffff, 0xffff, 0xffff, 0xffff,
	0xffff, 0xffff, 0xffff, 0xffff, 0xffff, 0xffff, 0xffff, 0xffff, 0xffff, 0xffff, 0xfb4c, 0x926a,
	0xffff, 0xffff, 0xffff, 0xffff, 0xffff, 0xffff, 0xffff, 0xffff, 0xffff, 0xffff, 0xffff, 0xffff,
	0xffff, 0xffff, 0xffff, 0xffff, 0xffff, 0xffff, 0xffff, 0xffff, 0xffff, 0xffff, 0xffff, 0xffff,
	0xffff, 0xffff, 0xffff, 0xffff, 0xffff, 0xffff, 0xffff, 0xffff, 0xffff, 0xffff, 0xffff, 0xfdf8,
	0x9861, 0xffff, 0xffff, 0xffff, 0xffff, 0xffff, 0xffff, 0xffff, 0xffff, 0xffff, 0xffff, 0xffff,
	0xffff, 0xffff, 0xffff, 0xffff, 0xffff, 0xffff, 0xffff, 0xffff, 0xffff, 0xffff, 0xffff, 0xffff,
	0x91e7, 0xffff, 0xffff, 0xffff, 0xffff, 0xffff, 0xffff, 0xffff, 0xffff, 0xffff, 0xffff, 0xffff,
	0xffff, 0xffff, 0xffff, 0xffff, 0xffff, 0xffff, 0xffff, 0xffff, 0x93ed, 0x9744, 0xffff, 0xffff,
	0xffff, 0xffff, 0xffff, 0xffff, 0xffff, 0xffff, 0xffff, 0xffff, 0xffff, 0xffff, 0xffff, 0xffff,
	0xffff, 0xffff, 0xffff, 0xffff, 0xffff, 0xffff, 0xffff, 0xffff, 0xffff, 0xffff, 0xffff, 0xffff,
	0xffff, 0xffff, 0xffff, 0xffff, 0xffff, 0xffff, 0xffff, 0xffff, 0xffff, 0xffff, 0xffff, 0xffff,
	0xffff, 0xffff, 0xffff, 0xffff, 0xffff, 0xffff, 0xffff, 0xffff, 0xffff, 0xffff, 0x91e1, 0xffff,
	0xffff, 0xfbf5, 0xffff, 0xffff, 0xffff, 0xffff, 0xffff, 0xffff, 0xffff, 0xffff, 0xffff, 0xffff,
	0xffff, 0xffff, 0xffff, 0xffff, 0xffff, 0xffff, 0xffff, 0x9869, 0xffff, 0xffff, 0xffff, 0xffff,
	0x8a62, 0xffff, 0xffff, 0x9bbb, 0x8ca8, 0xffff, 0xffff, 0xffff, 0xffff, 0xffff, 0xffff, 0xffff,
	0xffff, 0xffff, 0xffff, 0xffff, 0xffff, 0xffff, 0xffff, 0xffff, 0xffff, 0xffff, 0xffff, 0xffff,
	0xffff, 0xffff, 0xffff, 0xffff, 0xffff, 0xffff, 0xffff, 0xffff, 0x9c55, 0xffff, 0xffff, 0xffff,
	0xffff, 0xffff, 0xffff, 0xffff, 0xffff, 0xffff, 0xffff, 0xffff, 0xffff, 0xffff, 0xffff, 0xffff,
	0xffff, 0xffff, 0xffff, 0xffff, 0xffff, 0xffff, 0xffff, 0xffff, 0xffff, 0xffff, 0xffff, 0xffff,
	0xffff, 0xffff, 0xffff, 0xffff, 0xffff, 0xffff, 0xffff, 0xffff, 0xffff, 0xffff, 0xffff, 0xffff,
	0xffff, 0xffff, 0xffff, 0xffff, 0xffff, 0xffff, 0xffff, 0xffff, 0xffff, 0xffff, 0xffff, 0xffff,
	0xffff, 0xffff, 0xffff, 0xffff, 0xffff, 0xffff, 0xffff, 0xffff, 0xffff, 0xffff, 0xffff, 0xffff,
	0xffff, 0xffff, 0xffff, 0xffff, 0xffff, 0xffff, 0xffff, 0xffff, 0xffff, 0xffff, 0xffff, 0xffff,
	0xffff, 0xffff, 0xffff, 0xffff, 0xffff, 0xffff, 0xffff, 0xffff, 0xffff, 0xffff, 0xffff, 0x8e77,
	0xffff, 0xffff, 0xffff, 0xffff, 0xffff, 0xffff, 0xffff, 0xffff, 0xffff, 0xffff, 0xffff, 0xffff,
	0xffff, 0xffff, 0xffff, 0xffff, 0xffff, 0xffff, 0xffff, 0xffff, 0xffff, 0xffff, 0xffff, 0xffff,
	0xffff, 0xffff, 0xffff, 0xffff, 0xffff, 0xffff, 0xffff, 0xffff, 0xffff, 0xffff, 0xffff, 0xffff,
	0xffff, 0xffff, 0xffff, 0xffff, 0xffff, 0xffff, 0xffff, 0xffff, 0xffff, 0xffff, 0xffff, 0xffff,
	0xffff, 0xffff, 0xffff, 0xffff, 0xffff, 0xffff, 0xffff, 0xffff, 0xffff, 0xffff, 0xffff, 0xffff,
	0xffff, 0xffff, 0xffff, 0xffff, 0xffff, 0xffff, 0xffff, 0xffff, 0xffff, 0xffff, 0xffff, 0xffff,
	0xffff, 0xffff, 0xffff, 0xffff, 0xffff, 0xffff, 0xffff, 0x8ab2, 0x9ebc, 0xffff, 0xffff, 0xffff,
	0xffff, 0xffff, 0xffff, 0xffff, 0xffff, 0xffff, 0xffff, 0xffff, 0xffff, 0xffff, 0xffff, 0xffff,
	0xffff, 0xffff, 0x93e6, 0xffff, 0xffff, 0xffff, 0xffff, 0xffff, 0xffff, 0xffff, 0xffff, 0xffff,
	0xffff, 0xffff, 0xffff, 0xffff, 0xffff, 0xffff, 0xffff, 0xffff, 0xffff, 0xffff, 0xffff, 0xffff,
	0xffff, 0xffff, 0xffff, 0xffff, 0xffff, 0xffff, 0xffff, 0xffff, 0xffff, 0xffff, 0xffff, 0xffff,
	0xffff, 0xffff, 0xffff, 0xffff, 0xffff, 0xffff, 0xffff, 0xffff, 0xffff, 0xffff, 0xffff, 0xffff,
	0xffff, 0xffff, 0xffff, 0xffff, 0xffff, 0xffff, 0xffff, 0xffff, 0xffff, 0xffff, 0xffff, 0xffff,
	0xffff, 0x93a2, 0xffff, 0xffff, 0xffff, 0xffff, 0xffff, 0xffff, 0xffff, 0xffff, 0xffff, 0xffff,
	0xffff, 0xffff, 0xffff, 0xffff, 0x9bbd, 0xffff, 0xffff, 0xffff, 0xffff, 0xffff, 0xffff, 0xffff,
	0xffff, 0xffff, 0xffff, 0xffff, 0xffff, 0xffff, 0xffff, 0xffff, 0xffff, 0xffff, 0xffff, 0xffff,
	0xffff, 0xffff, 0xffff, 0xffff, 0xffff, 0xffff, 0xffff, 0xffff, 0xffff, 0xffff, 0xffff, 0xffff,
	0xffff, 0xffff, 0xffff, 0x94b3, 0xffff, 0xffff, 0xffff, 0xffff, 0xffff, 0xffff, 0xffff, 0xffff,
	0xffff, 0xffff, 0xffff, 0xffff, 0xffff, 0xffff, 0xffff, 0xffff, 0xffff, 0xffff, 0xffff, 0xffff,
	0xffff, 0xffff, 0xffff, 0xffff, 0xffff, 0xffff, 0xffff, 0xffff, 0xffff, 0xffff, 0xffff, 0xffff,
	0xffff, 0xffff, 0xffff, 0xffff, 0xffff, 0xffff, 0xffff, 0xffff, 0xffff, 0xffff, 0xffff, 0xffff,
	0xffff, 0xffff, 0xffff, 0xffff, 0xffff, 0xffff, 0xffff, 0xffff, 0xffff, 0xffff, 0xffff, 0xffff,
	0xffff, 0xffff, 0xffff, 0xffff, 0x937d, 0x9e66, 0xffff, 0xffff, 0xffff, 0xffff, 0xffff, 0xffff,
	0xffff, 0xffff, 0xffff, 0xffff, 0xffff, 0xffff, 0xffff, 0xffff, 0xffff, 0xffff, 0xffff, 0xffff,
	0xffff, 0xffff, 0xffff, 0xffff, 0xffff, 0xffff, 0xffff, 0xffff, 0xffff, 0xffff, 0xffff, 0xffff,
	0x9459, 0xffff, 0xffff, 0xffff, 0xffff, 0xffff, 0xffff, 0xffff, 0xffff, 0xffff, 0x9bbf, 0xffff,
	0xffff, 0xffff, 0xffff, 0xffff, 0xffff, 0xffff, 0xffff, 0xffff, 0xffff, 0xffff, 0xffff, 0xffff,
	0xffff, 0xffff, 0xffff, 0xffff, 0xffff, 0xffff, 0xffff, 0xffff, 0xffff, 0xffff, 0xffff, 0xffff,
	0xffff, 0xffff, 0xffff, 0xffff, 0xffff, 0xffff, 0xffff, 0xffff, 0xffff, 0xffff, 0xffff, 0xffff,
	0xffff, 0xffff, 0xffff, 0xffff, 0xffff, 0xffff, 0xffff, 0xffff, 0xffff, 0xffff, 0xffff, 0xffff,
	0xffff, 0xffff, 0xffff, 0xffff, 0xffff, 0xffff, 0xffff, 0xffff, 0xffff, 0xffff, 0xffff, 0xffff,
	0xffff, 0xffff, 0xffff, 0xffff, 0xffff, 0xffff, 0xffff, 0xffff, 0xffff, 0xffff, 0xffff, 0xffff,
	0xffff, 0xffff, 0xffff, 0xffff, 0xffff, 0xffff, 0xffff, 0xffff, 0xffff, 0xffff, 0xffff, 0xffff,
	0xffff, 0xffff, 0xffff, 0xffff, 0xffff, 0xffff, 0xffff, 0xffff, 0xffff, 0xffff, 0x9458, 0xffff,
	0xffff, 0xffff, 0xffff, 0xffff, 0xffff, 0xffff, 0xffff, 0xffff, 0xffff, 0xffff, 0xffff, 0xffff,
	0xffff, 0xffff, 0xffff, 0xffff, 0xffff, 0xffff, 0xffff, 0xffff, 0xffff, 0xffff, 0xffff, 0xffff,
	0xffff, 0xffff, 0xffff, 0xffff, 0xffff, 0xffff, 0xffff, 0xffff, 0xffff, 0xffff, 0xffff, 0xffff,
	0xffff, 0xffff, 0xffff, 0xffff, 0xffff, 0xffff, 0xffff, 0xffff, 0xffff, 0xffff, 0xffff, 0xffff,
	0xffff, 0xffff, 0xffff, 0xffff, 0xffff, 0xffff, 0xffff, 0xffff, 0xffff, 0xffff, 0xffff, 0xffff,
	0xffff, 0xffff, 0xffff, 0xffff, 0xffff, 0xffff, 0xffff, 0xffff, 0xffff, 0xffff, 0xffff, 0xffff,
	0xffff, 0xffff, 0xffff, 0xffff, 0xffff, 0xffff, 0xffff, 0x9ea5, 0x9bc7, 0xffff, 0xffff, 0xffff,
	0xffff, 0xffff, 0xffff, 0xffff, 0xffff, 0xffff, 0xffff, 0xffff, 0xffff, 0xffff, 0xffff, 0xffff,
	0xffff, 0xfe54, 0xffff, 0xffff, 0xffff, 0xffff, 0xffff, 0xffff, 0xffff, 0xffff, 0xffff, 0xffff,
	0xffff, 0xffff, 0xffff, 0xffff, 0xffff, 0xffff, 0xffff, 0xffff, 0xffff, 0xffff, 0xffff, 0xffff,
	0xffff, 0xffff, 0xffff, 0xffff, 0xffff, 0xffff, 0xffff, 0xffff, 0xffff, 0xffff, 0xffff, 0xffff,
	0xffff, 0xffff, 0xffff, 0xffff, 0xffff, 0xffff, 0xffff, 0xffff, 0xffff, 0xffff, 0xffff, 0xffff,
	0xffff, 0xffff, 0xffff, 0xffff, 0xffff, 0xffff, 0xffff, 0xffff, 0xffff, 0xffff, 0xffff, 0xffff,
	0xffff, 0xffff, 0xffff, 0xffff, 0xffff, 0xffff, 0xffff, 0xffff, 0xffff, 0xffff, 0xffff, 0xffff,
	0xffff, 0xffff, 0xffff, 0xffff, 0xffff, 0xffff, 0xffff, 0xffff, 0xffff, 0xffff, 0xffff, 0xffff,
	0xffff, 0xffff, 0xffff, 0xffff, 0xffff, 0xffff, 0xffff, 0xffff, 0xffff, 0xffff, 0xffff, 0xffff,
	0x8e74, 0xffff, 0xffff, 0xffff, 0xffff, 0xffff, 0xffff, 0xffff, 0xffff, 0xffff, 0xffff, 0xffff,
	0xffff, 0xffff, 0xffff, 0xffff, 0xffff, 0xffff, 0xffff, 0xffff, 0xffff, 0xffff, 0xffff, 0xffff,
	0xffff, 0xffff, 0xffff, 0xffff, 0xffff, 0xffff, 0xffff, 0xffff, 0xffff, 0xffff, 0xffff, 0xffff,
	0xffff, 0xffff, 0xffff, 0xffff, 0xffff, 0xffff, 0xffff, 0xffff, 0xffff, 0xffff, 0xffff, 0xffff,
	0xffff, 0xffff, 0xffff, 0xffff, 0xffff, 0xffff, 0xffff, 0xffff, 0xffff, 0xffff, 0xffff, 0xffff,
	0xffff, 0xffff, 0xffff, 0xffff, 0xffff, 0xffff, 0xffff, 0xffff, 0xffff, 0xffff, 0xffff, 0xffff,
	0xffff, 0xffff, 0xffff, 0xffff, 0xffff, 0xffff, 0xffff, 0xffff, 0xffff, 0xffff, 0xffff, 0xffff,
	0xffff, 0xffff, 0xffff, 0xffff, 0xffff, 0xffff, 0xffff, 0xffff, 0xffff, 0xffff, 0xffff, 0xffff,
	0xffff, 0xffff, 0xffff, 0xffff, 0xffff, 0xffff, 0xffff, 0x8bd6, 0xffff, 0xffff, 0xffff, 0xffff,
	0xffff, 0xffff, 0x94b6, 0xfd74, 0x98c0, 0x94a5, 0xffff, 0xffff, 0xffff, 0xffff, 0xffff, 0xffff,
	0xffff, 0x9bc8, 0xffff, 0xffff, 0xffff, 0x95ed, 0xfd7e, 0xfbeb, 0xffff, 0xffff, 0xffff, 0xffff,
	0xffff, 0xffff, 0xffff, 0xffff, 0xffff, 0xffff, 0xfd7d, 0xffff, 0xffff, 0xffff, 0xffff, 0xffff,
	0xffff, 0xffff, 0xffff, 0xffff, 0x976f, 0x9461, 0xffff, 0x9fc1, 0xffff, 0xffff, 0xffff, 0xffff,
	0xffff, 0xffff, 0xffff, 0xffff, 0xffff, 0xffff, 0xffff, 0xffff, 0xffff, 0xffff, 0xffff, 0xffff,
	0xffff, 0xffff, 0xffff, 0xffff, 0xffff, 0x95d7, 0xffff, 0xffff, 0xffff, 0xfa52, 0x9c58, 0xffff,
	0xffff, 0xffff, 0xffff, 0xffff, 0xffff, 0xffff, 0xffff, 0xffff, 0x9f68, 0x9be7, 0xfcce, 0x96e8,
	0xfa49, 0x97a1, 0xffff, 0xffff, 0xffff, 0xffff, 0xffff, 0xffff, 0xffff, 0xffff, 0xffff, 0xffff,
	0xffff, 0xffff, 0xffff, 0xffff, 0xffff, 0xffff, 0xffff, 0xffff, 0xffff, 0xffff, 0xffff, 0xffff,
	0xffff, 0xffff, 0xffff, 0xffff, 0xffff, 0xffff, 0xffff, 0xffff, 0x954d, 0x9ef8, 0xffff, 0xffff,
	0xffff, 0xffff, 0xffff, 0xffff, 0xffff, 0xffff, 0xffff, 0xffff, 0xffff, 0xffff, 0xffff, 0xffff,
	0xffff, 0xffff, 0xfe49, 0x91ce, 0x9771, 0xffff, 0xffff, 0xffff, 0xffff, 0x8ccf, 0xffff, 0xffff,
	0xffff, 0xfdb1, 0xffff, 0xffff, 0xfc6e, 0xffff, 0xffff, 0xffff, 0xffff, 0xffff, 0x9cf2, 0x93b8,
	0x9043, 0x9759, 0x94d7, 0xfe66, 0x947d, 0xfc6f, 0xffff, 0xffff, 0xffff, 0xffff, 0x9246, 0xffff,
	0xffff, 0xffff, 0xffff, 0xffff, 0xffff, 0xffff, 0xffff, 0xffff, 0xffff, 0xffff, 0xffff, 0xffff,
	0xffff, 0xffff, 0xfa6d, 0xffff, 0xffff, 0x8ef7, 0xffff, 0xfbb7, 0xffff, 0x947c, 0x92cd, 0x97b2,
	0xffff, 0xffff, 0xffff, 0xffff, 0xffff, 0xffff, 0xffff, 0xffff, 0xffff, 0xfe65, 0x967e, 0x9758,
	0x9b77, 0x91cf, 0xffff, 0xffff, 0xffff, 0xffff, 0xffff, 0xffff, 0xffff, 0xffff, 0xffff, 0x94a4,
	0xffff, 0xffff, 0xffff, 0xffff, 0xffff, 0xffff, 0xffff, 0xffff, 0xffff, 0xffff, 0x9cad, 0xffff,
	0xffff, 0xffff, 0xffff, 0xffff, 0xffff, 0xffff, 0xffff, 0xffff, 0x8bab, 0xffff, 0xffff, 0xffff,
	0x96d5, 0xfcb3, 0xffff, 0xffff, 0xffff, 0x93ae, 0xffff, 0x976d, 0xffff, 0xffff, 0xffff, 0xffff,
	0xffff, 0xffff, 0x9446, 0x95f7, 0xffff, 0xffff, 0xffff, 0xffff, 0xffff, 0xffff, 0xffff, 0xffff,
	0x9c46, 0x955b, 0x91d1, 0x94f4, 0xffff, 0xfe67, 0x92a5, 0xffff, 0xffff, 0xffff, 0xfedf, 0x8cab,
	0xffff, 0x9bc9, 0xffff, 0xffff, 0xffff, 0xffff, 0xffff, 0xffff, 0xffff, 0xffff, 0xffff, 0xffff,
	0xffff, 0xfced, 0xfdfa, 0xfcc8, 0xfe62, 0x91fc, 0xfe6b, 0xfdf9, 0xfcc7, 0x914e, 0x9cb8, 0xffff,
	0xffff, 0xffff, 0xffff, 0xffff, 0xffff, 0xffff, 0xffff, 0xffff, 0xffff, 0xffff, 0xffff, 0xffff,
	0xffff, 0xffff, 0xffff, 0xffff, 0xffff, 0xffff, 0x9767, 0xffff, 0xffff, 0xffff, 0x95ee, 0xffff,
	0xffff, 0x9bb2, 0xffff, 0xffff, 0xffff, 0xffff, 0x9460, 0xffff, 0xffff, 0xffff, 0x94a2, 0x9875,
	0x97ac, 0x91d3, 0xffff, 0xffff, 0xffff, 0xffff, 0xffff, 0xffff, 0xffff, 0xffff, 0xffff, 0xffff,
	0xffff, 0x987b, 0xffff, 0xffff, 0xffff, 0xffff, 0xffff, 0xffff, 0xffff, 0x8eeb, 0x976a, 0x965e,
	0xffff, 0xffff, 0xffff, 0xffff, 0xffff, 0xffff, 0xffff, 0xffff, 0xffff, 0x97eb, 0xffff, 0xffff,
	0xffff, 0xffff, 0xffff, 0x9ff9, 0x95f8, 0xfea2, 0x8fe6, 0xffff, 0xffff, 0xffff, 0xffff, 0xffff,
	0xffff, 0xffff, 0xffff, 0xffff, 0xffff, 0xffff, 0xffff, 0xffff, 0xffff, 0xffff, 0xffff, 0xffff,
	0xfe7e, 0xffff, 0xffff, 0xffff, 0xffff, 0xffff, 0xffff, 0x9da4, 0x9768, 0x8eec, 0x94bd, 0xffff,
	0xffff, 0xffff, 0xffff, 0xffff, 0xffff, 0xffff, 0xffff, 0xffff, 0xffff, 0xffff, 0xffff, 0xffff,
	0x945b, 0x9cf6, 0xfaa7, 0x9bd9, 0xffff, 0xffff, 0xffff, 0xffff, 0xffff, 0xffff, 0xffff, 0xffff,
	0xffff, 0xfa5d, 0x9656, 0x9762, 0xffff, 0xffff, 0xffff, 0xffff, 0xffff, 0xffff, 0x94ba, 0xa04f,
	0x92d8, 0xffff, 0xffff, 0xffff, 0x9bcb, 0xffff, 0xffff, 0xffff, 0xffff, 0xffff, 0xffff, 0x94bb,
	0xffff, 0xffff, 0x9d5f, 0xffff, 0xffff, 0xffff, 0xffff, 0xffff, 0xffff, 0x90cf, 0xffff, 0xffff,
	0xffff, 0xffff, 0xffff, 0xffff, 0xffff, 0xffff, 0xffff, 0xffff, 0xffff, 0xffff, 0xffff, 0x9465,
	0xffff, 0xffff, 0x9f4c, 0xffff, 0xffff, 0xffff, 0xffff, 0xffff, 0xffff, 0x90d8, 0x8d5b, 0xffff,
	0xffff, 0xffff, 0xffff, 0xffff, 0xffff, 0xffff, 0xffff, 0xffff, 0xffff, 0xffff, 0xffff, 0xffff,
	0xffff, 0xffff, 0xffff, 0xffff, 0xffff, 0xffff, 0xffff, 0xffff, 0xffff, 0xffff, 0xffff, 0xffff,
	0xffff, 0xffff, 0xffff, 0xffff, 0xffff, 0xffff, 0xffff, 0xffff, 0xffff, 0xffff, 0xffff, 0xffff,
	0xffff, 0xffff, 0xffff, 0xffff, 0xffff, 0xffff, 0xffff, 0xffff, 0xffff, 0xffff, 0xffff, 0xffff,
	0xffff, 0xffff, 0xffff, 0xffff, 0xffff, 0xffff, 0xffff, 0xffff, 0xffff, 0xffff, 0xffff, 0xffff,
	0xffff, 0xffff, 0xffff, 0xffff, 0xffff, 0xffff, 0xffff, 0xffff, 0xffff, 0xffff, 0xffff, 0xffff,
	0xffff, 0xffff, 0xffff, 0xffff, 0xffff, 0xffff, 0xffff, 0xffff, 0xffff, 0xffff, 0xffff, 0xffff,
	0xffff, 0xffff, 0xffff, 0xffff, 0xffff, 0xffff, 0xffff, 0xffff, 0xffff, 0x9ebe, 0xffff, 0xffff,
	0xffff, 0xffff, 0xffff, 0xffff, 0xffff, 0xffff, 0xffff, 0xffff, 0xffff, 0xffff, 0xffff, 0xffff,
	0xffff, 0xffff, 0xffff, 0xffff, 0xffff, 0xffff, 0xffff, 0xffff, 0xffff, 0xffff, 0xffff, 0xffff,
	0xffff, 0xffff, 0xffff, 0xffff, 0xffff, 0xffff, 0xffff, 0xffff, 0xffff, 0xffff, 0xffff, 0xffff,
	0xffff, 0xffff, 0xffff, 0xffff, 0xffff, 0xffff, 0xffff, 0xffff, 0xffff, 0xffff, 0xffff, 0xffff,
	0xffff, 0xffff, 0xffff, 0xffff, 0xffff, 0xffff, 0xffff, 0xffff, 0xffff, 0xffff, 0xffff, 0xffff,
	0xffff, 0xffff, 0xffff, 0xffff, 0xffff, 0xffff, 0xffff, 0xffff, 0xffff, 0xffff, 0xffff, 0xffff,
	0xffff, 0xffff, 0xffff, 0xffff, 0xffff, 0xffff, 0xffff, 0xffff, 0xffff, 0xffff, 0xffff, 0xffff,
	0xffff, 0xffff, 0xffff, 0xffff, 0xffff, 0xffff, 0xffff, 0xffff, 0xffff, 0xffff, 0xffff, 0xffff,
	0xffff, 0xffff, 0xffff, 0xffff, 0xffff, 0xffff, 0xffff, 0xffff, 0xffff, 0xffff, 0xffff, 0xffff,
	0xffff, 0xffff, 0xffff, 0xffff, 0xffff, 0xffff, 0xffff, 0xffff, 0xffff, 0xffff, 0xffff, 0xffff,
	0xffff, 0xffff, 0xffff, 0xffff, 0xffff, 0xffff, 0xffff, 0xffff, 0xffff, 0xffff, 0xffff, 0xffff,
	0xfb6d, 0x95ca, 0xffff, 0xffff, 0xffff, 0xffff, 0xffff, 0xffff, 0xffff, 0xffff, 0xffff, 0xffff,
	0xffff, 0xffff, 0xffff, 0xffff, 0xffff, 0xffff, 0xffff, 0xffff, 0xffff, 0xffff, 0xffff, 0xffff,
	0xffff, 0xffff, 0xffff, 0xffff, 0xffff, 0xffff, 0xffff, 0xffff, 0xffff, 0xffff, 0xffff, 0xffff,
	0xffff, 0xffff, 0xffff, 0xffff, 0xffff, 0xffff, 0xffff, 0xffff, 0xffff, 0xffff, 0xffff, 0xffff,
	0xffff, 0xffff, 0xffff, 0xffff, 0xffff, 0xffff, 0xffff, 0xffff, 0xffff, 0xffff, 0xffff, 0xffff,
	0xffff, 0xffff, 0xffff, 0xffff, 0xffff, 0xffff, 0xffff, 0xffff, 0xffff, 0xffff, 0xffff, 0xffff,
	0xffff, 0xffff, 0xffff, 0xffff, 0xffff, 0xffff, 0xffff, 0xffff, 0xffff, 0xffff, 0xffff, 0xffff,
	0xffff, 0xffff, 0xffff, 0xffff, 0xffff, 0xffff, 0xffff, 0xffff, 0xffff, 0xffff, 0xffff, 0xffff,
	0xffff, 0xffff, 0xffff, 0xffff, 0xffff, 0xffff, 0xffff, 0xffff, 0xffff, 0xffff, 0xffff, 0xffff,
	0xffff, 0xffff, 0xffff, 0xffff, 0xffff, 0xffff, 0xffff, 0xffff, 0xffff, 0xffff, 0xffff, 0xffff,
	0xffff, 0xffff, 0xffff, 0xffff, 0xffff, 0xffff, 0xffff, 0xffff, 0xffff, 0xffff, 0xffff, 0xffff,
	0xffff, 0xffff, 0xffff, 0xffff, 0xffff, 0xffff, 0xffff, 0xffff, 0xffff, 0xffff, 0xffff, 0xffff,
	0xffff, 0xffff, 0xffff, 0xffff, 0xffff, 0xffff, 0x9dc2, 0x97f8, 0xffff, 0xffff, 0xffff, 0xffff,
	0xffff, 0xffff, 0xffff, 0xffff, 0xffff, 0xffff, 0xffff, 0xffff, 0xffff, 0xffff, 0xffff, 0xffff,
	0xffff, 0xffff, 0xffff, 0xffff, 0xffff, 0xffff, 0xffff, 0xffff, 0xffff, 0xffff, 0xffff, 0xffff,
	0xffff, 0xffff, 0xffff, 0xffff, 0xffff, 0xffff, 0xffff, 0xffff, 0xffff, 0xffff, 0xffff, 0xffff,
	0xffff, 0x8ffc, 0xffff, 0xffff, 0xffff, 0xffff, 0xffff, 0xffff, 0xffff, 0xffff, 0xffff, 0xffff,
	0xffff, 0xffff, 0xffff, 0xffff, 0xffff, 0x9473, 0x9474, 0xffff, 0xffff, 0xffff, 0xffff, 0xffff,
	0xffff, 0xffff, 0xffff, 0xffff, 0xffff, 0xffff, 0xffff, 0xfeb7, 0xffff, 0xffff, 0xffff, 0xffff,
	0xffff, 0xffff, 0xffff, 0xffff, 0xffff, 0xffff, 0xffff, 0xffff, 0xffff, 0xffff, 0xffff, 0xffff,
	0xffff, 0xffff, 0xffff, 0xffff, 0xffff, 0xffff, 0xffff, 0xffff, 0xffff, 0xffff, 0xffff, 0xffff,
	0xffff, 0xffff, 0xffff, 0xffff, 0xffff, 0xffff, 0xffff, 0xffff, 0xffff, 0xffff, 0xffff, 0xffff,
	0xffff, 0xffff, 0xffff, 0xffff, 0xffff, 0xffff, 0xffff, 0xffff, 0xffff, 0xffff, 0xffff, 0xffff,
	0xffff, 0xffff, 0xffff, 0xffff, 0xffff, 0xffff, 0xffff, 0xffff, 0xffff, 0xffff, 0xffff, 0xffff,
	0xffff, 0xffff, 0xffff, 0xffff, 0xffff, 0xffff, 0xffff, 0xffff, 0xffff, 0xffff, 0xffff, 0xffff,
	0xffff, 0xffff, 0xffff, 0xffff, 0xffff, 0xffff, 0xffff, 0xffff, 0xffff, 0xffff, 0xffff, 0xffff,
	0xffff, 0xffff, 0xffff, 0xffff, 0xffff, 0xffff, 0xffff, 0xffff, 0xffff, 0xffff, 0xffff, 0xffff,
	0xffff, 0xffff, 0xffff, 0xffff, 0xffff, 0xffff, 0xffff, 0xffff, 0xffff, 0xffff, 0xffff, 0xffff,
	0xffff, 0xffff, 0xffff, 0xffff, 0xffff, 0xffff, 0xffff, 0xffff, 0xffff, 0xffff, 0xffff, 0xffff,
	0xffff, 0xffff, 0xffff, 0xffff, 0xffff, 0xffff, 0xffff, 0xffff, 0xffff, 0xffff, 0xffff, 0xffff,
	0xffff, 0xffff, 0xffff, 0xffff, 0xffff, 0xffff, 0xffff, 0xffff, 0xffff, 0xffff, 0xffff, 0xffff,
	0xffff, 0xffff, 0xffff, 0xffff, 0xffff, 0xffff, 0xffff, 0xffff, 0xffff, 0xffff, 0xffff, 0xffff,
	0xffff, 0xffff, 0xffff, 0xffff, 0x8a4b, 0xffff, 0xffff, 0xffff, 0xffff, 0xffff, 0xffff, 0xffff,
	0xffff, 0xffff, 0xffff, 0xffff, 0xffff, 0xffff, 0xffff, 0xffff, 0xffff, 0xffff, 0xffff, 0xffff,
	0xffff, 0xffff, 0xffff, 0xffff, 0xffff, 0xffff, 0xffff, 0xffff, 0xffff, 0xffff, 0xffff, 0xffff,
	0xffff, 0xffff, 0xffff, 0xffff, 0xffff, 0xffff, 0xffff, 0xffff, 0xffff, 0xffff, 0xffff, 0xffff,
	0xffff, 0xffff, 0xffff, 0xffff, 0xffff, 0xffff, 0x8a55, 0x8b69, 0x8adc, 0xffff, 0xffff, 0xffff,
	0xffff, 0xffff, 0xffff, 0xffff, 0xffff, 0xffff, 0xffff, 0xffff, 0xffff, 0xffff, 0xffff, 0xffff,
	0xffff, 0xffff, 0xffff, 0xffff, 0xffff, 0x8b76, 0xffff, 0xffff, 0xffff, 0xffff, 0xffff, 0xffff,
	0xffff, 0xffff, 0xffff, 0xffff, 0xffff, 0xffff, 0xffff, 0xffff, 0xffff, 0xffff, 0xffff, 0xffff,
	0xffff, 0xffff, 0xffff, 0xffff, 0xffff, 0xffff, 0xffff, 0xffff, 0xffff, 0xffff, 0xffff, 0xffff,
	0xffff, 0xffff, 0xffff, 0xffff, 0xffff, 0xffff, 0xffff, 0xffff, 0xffff, 0xffff, 0xffff, 0xffff,
	0xffff, 0xffff, 0xffff, 0xffff, 0xffff, 0xffff, 0xffff, 0xffff, 0xffff, 0xffff, 0xffff, 0xffff,
	0xffff, 0xffff, 0xffff, 0xffff, 0xffff, 0xffff, 0xffff, 0xffff, 0xffff, 0xffff, 0xffff, 0xffff,
	0xffff, 0xffff, 0xffff, 0xffff, 0xffff, 0xffff, 0xffff, 0xffff, 0xffff, 0xffff, 0xffff, 0xffff,
	0xffff, 0xffff, 0xffff, 0xffff, 0xffff, 0xffff, 0x9bce, 0xffff, 0x8a68, 0xa0f8, 0xffff, 0xffff,
	0xffff, 0xffff, 0xffff, 0xffff, 0xffff, 0xffff, 0xffff, 0xffff, 0xffff, 0xffff, 0xffff, 0xffff,
	0xffff, 0xffff, 0xffff, 0xffff, 0xffff, 0xffff, 0xffff, 0xffff, 0xffff, 0xffff, 0xffff, 0xffff,
	0xffff, 0xffff, 0xffff, 0xffff, 0xffff, 0xffff, 0xffff, 0xffff, 0xffff, 0xffff, 0xffff, 0xffff,
	0xffff, 0xffff, 0xffff, 0xffff, 0xffff, 0xffff, 0xffff, 0xffff, 0xffff, 0xffff, 0xffff, 0xffff,
	0xffff, 0xffff, 0xffff, 0xffff, 0xffff, 0xffff, 0xffff, 0xffff, 0xffff, 0xffff, 0xffff, 0xffff,
	0xffff, 0xffff, 0xffff, 0xffff, 0xffff, 0xffff, 0xffff, 0xffff, 0xffff, 0xffff, 0xffff, 0xffff,
	0xffff, 0xffff, 0xffff, 0x98df, 0xffff, 0xffff, 0xffff, 0xffff, 0xffff, 0xffff, 0xffff, 0xffff,
	0xffff, 0xffff, 0xffff, 0xffff, 0xffff, 0xffff, 0xffff, 0xffff, 0xffff, 0xffff, 0xffff, 0xffff,
	0xffff, 0xffff, 0xffff, 0xffff, 0xffff, 0xffff, 0xffff, 0xffff, 0xffff, 0xffff, 0xffff, 0xffff,
	0xffff, 0xffff, 0xffff, 0xffff, 0xffff, 0xfeb5, 0xffff, 0xffff, 0xffff, 0x9bcf, 0xffff, 0xffff,
	0xffff, 0xffff, 0xffff, 0xffff, 0xffff, 0xffff, 0xffff, 0xffff, 0xffff, 0xffff, 0xffff, 0xffff,
	0xffff, 0xffff, 0x96fb, 0xffff, 0xffff, 0x9bfb, 0xffff, 0xffff, 0xffff, 0xffff, 0xffff, 0xffff,
	0xffff, 0xffff, 0xffff, 0xffff, 0xffff, 0xffff, 0xffff, 0xffff, 0x9ece, 0xffff, 0xffff, 0xffff,
	0xffff, 0xffff, 0xffff, 0xffff, 0xffff, 0xffff, 0xffff, 0xffff, 0xffff, 0xffff, 0xffff, 0x8ee5,
	0xffff, 0xffff, 0xffff, 0xffff, 0xffff, 0xffff, 0xffff, 0xffff, 0xffff, 0x9e7b, 0x9bd2, 0xffff,
	0xffff, 0xffff, 0xffff, 0xffff, 0xffff, 0xffff, 0xffff, 0xffff, 0xffff, 0xffff, 0xffff, 0xffff,
	0xffff, 0xffff, 0xffff, 0xffff, 0xffff, 0xffff, 0xffff, 0xffff, 0xffff, 0xffff, 0xffff, 0xffff,
	0xffff, 0xffff, 0xffff, 0xffff, 0xffff, 0xffff, 0xffff, 0xffff, 0xffff, 0xffff, 0xffff, 0xffff,
	0x8aa5, 0xffff, 0xffff, 0xffff, 0xffff, 0xffff, 0xffff, 0xffff, 0xffff, 0xffff, 0xffff, 0xffff,
	0xffff, 0xffff, 0xffff, 0xffff, 0xffff, 0xffff, 0xffff, 0xffff, 0xffff, 0xffff, 0xffff, 0xffff,
	0xffff, 0xffff, 0xffff, 0xffff, 0xffff, 0xffff, 0xffff, 0xffff, 0xffff, 0xffff, 0xffff, 0xffff,
	0xffff, 0xffff, 0xffff, 0xffff, 0xffff, 0xffff, 0xffff, 0xffff, 0xffff, 0xffff, 0xffff, 0xffff,
	0xffff, 0xffff, 0xffff, 0xffff, 0xffff, 0xffff, 0xffff, 0xffff, 0xffff, 0xffff, 0xffff, 0xffff,
	0xffff, 0xffff, 0xffff, 0xffff, 0xffff, 0xffff, 0xffff, 0xffff, 0xffff, 0xffff, 0xffff, 0xffff,
	0xffff, 0xffff, 0xffff, 0xfece, 0x8a45, 0xffff, 0xffff, 0xffff, 0xffff, 0xffff, 0xffff, 0xffff,
	0xffff, 0xffff, 0xffff, 0xffff, 0xffff, 0xffff, 0xffff, 0xffff, 0xffff, 0xffff, 0xffff, 0xffff,
	0xffff, 0xffff, 0xffff, 0xffff, 0xffff, 0xffff, 0xffff, 0xffff, 0xffff, 0x9dfc, 0xffff, 0xffff,
	0xffff, 0xffff, 0xffff, 0xffff, 0xffff, 0xffff, 0xffff, 0xffff, 0xffff, 0xffff, 0xffff, 0xffff,
	0xffff, 0xffff, 0xffff, 0xffff, 0xffff, 0xffff, 0xffff, 0xffff, 0xffff, 0xffff, 0xffff, 0xffff,
	0xffff, 0xffff, 0xffff, 0xffff, 0xffff, 0xffff, 0xffff, 0xffff, 0xffff, 0xffff, 0xffff, 0xffff,
	0xffff, 0xffff, 0xffff, 0xffff, 0xffff, 0xffff, 0xffff, 0xffff, 0xffff, 0xffff, 0xffff, 0xffff,
	0xffff, 0xffff, 0xfecf, 0x8ba5, 0xffff, 0xffff, 0xffff, 0xffff, 0xffff, 0xffff, 0xffff, 0xffff,
	0xffff, 0xffff, 0xffff, 0xffff, 0xffff, 0xffff, 0xffff, 0xffff, 0xffff, 0xffff, 0xffff, 0xffff,
	0xffff, 0xffff, 0xffff, 0xffff, 0xffff, 0xffff, 0xffff, 0xffff, 0xffff, 0xffff, 0xffff, 0xffff,
	0xffff, 0xffff, 0xffff, 0xffff, 0xffff, 0xffff, 0xffff, 0xffff, 0xffff, 0xffff, 0xffff, 0xffff,
	0xffff, 0xffff, 0xffff, 0xffff, 0xffff, 0xffff, 0xffff, 0xffff, 0xffff, 0xffff, 0xffff, 0xffff,
	0xffff, 0xffff, 0xffff, 0xffff, 0xffff, 0xffff, 0xffff, 0xffff, 0xffff, 0xffff, 0xffff, 0xffff,
	0xffff, 0xffff, 0xffff, 0xffff, 0xffff, 0xffff, 0xffff, 0xffff, 0xffff, 0xffff, 0x8c4a, 0xffff,
	0xffff, 0xffff, 0xffff, 0xffff, 0xffff, 0xffff, 0xffff, 0xffff, 0xffff, 0xffff, 0xffff, 0xffff,
	0xffff, 0xffff, 0xffff, 0xffff, 0xffff, 0xffff, 0xffff, 0xffff, 0x8aec, 0xffff, 0xffff, 0xfce0,
	0x94ad, 0xfed5, 0x94ac, 0xffff, 0xffff, 0xffff, 0xffff, 0xffff, 0xffff, 0xffff, 0xffff, 0xffff,
	0xffff, 0xffff, 0xffff, 0xffff, 0xffff, 0xffff, 0xffff, 0xffff, 0xffff, 0xffff, 0xffff, 0xffff,
	0xffff, 0xffff, 0xffff, 0xffff, 0xffff, 0xffff, 0xffff, 0xffff, 0xffff, 0xffff, 0xffff, 0xffff,
	0xffff, 0xffff, 0xffff, 0xffff, 0xffff, 0xffff, 0xffff, 0xffff, 0xffff, 0xffff, 0xffff, 0xffff,
	0xffff, 0xfc5a, 0xffff, 0xffff, 0xffff, 0xffff, 0xffff, 0xffff, 0xffff, 0xffff, 0xffff, 0xffff,
	0xffff, 0xffff, 0xffff, 0xffff, 0xffff, 0xffff, 0xffff, 0xffff, 0xffff, 0xffff, 0xffff, 0xffff,
	0xffff, 0xffff, 0xffff, 0xffff, 0xffff, 0xffff, 0xffff, 0xffff, 0xffff, 0xffff, 0xffff, 0xffff,
	0xffff, 0xffff, 0xffff, 0xffff, 0xffff, 0xffff, 0xffff, 0xffff, 0xffff, 0xffff, 0xffff, 0xffff,
	0xffff, 0xffff, 0xffff, 0xffff, 0xffff, 0xffff, 0xffff, 0xffff, 0xffff, 0xffff, 0xffff, 0xffff,
	0xffff, 0xffff, 0xffff, 0xffff, 0xffff, 0xffff, 0xffff, 0xffff, 0xffff, 0xffff, 0xffff, 0xffff,
	0xffff, 0xffff, 0x9bd6, 0xffff, 0xffff, 0xffff, 0xffff, 0xffff, 0xffff, 0xffff, 0xffff, 0xffff,
	0xffff, 0xffff, 0xffff, 0xffff, 0xffff, 0xffff, 0xffff, 0xffff, 0xffff, 0xffff, 0xffff, 0xffff,
	0xffff, 0xffff, 0xffff, 0xffff, 0xffff, 0xffff, 0xffff, 0xffff, 0xffff, 0xffff, 0xffff, 0xffff,
	0xffff, 0xffff, 0xffff, 0xffff, 0xffff, 0xffff, 0xffff, 0xffff, 0xffff, 0xffff, 0xffff, 0xffff,
	0x8a6f, 0xffff, 0xffff, 0xffff, 0xffff, 0xffff, 0xffff, 0xffff, 0xffff, 0xffff, 0xffff, 0xffff,
	0xffff, 0xffff, 0xffff, 0xffff, 0xffff, 0x8ba9, 0x8e5f, 0xffff, 0xffff, 0x9dcb, 0xffff, 0xfce7,
	0x9bd7, 0xffff, 0xffff, 0xffff, 0xffff, 0xffff, 0xffff, 0xffff, 0xffff, 0xffff, 0xffff, 0xffff,
	0x93c8, 0xffff, 0xffff, 0xffff, 0xffff, 0xffff, 0xffff, 0xffff, 0xffff, 0xffff, 0x91f0, 0x8fe0,
	0xffff, 0xffff, 0xffff, 0xffff, 0xffff, 0xffff, 0xffff, 0xffff, 0xffff, 0xffff, 0xffff, 0xffff,
	0xffff, 0xffff, 0xffff, 0xffff, 0xffff, 0xffff, 0xffff, 0xffff, 0xffff, 0x9bdb, 0xffff, 0xffff,
	0xffff, 0xffff, 0xffff, 0xffff, 0xffff, 0xffff, 0xffff, 0xffff, 0xffff, 0xffff, 0xffff, 0xffff,
	0xffff, 0xffff, 0xffff, 0xffff, 0xffff, 0xffff, 0xffff, 0xffff, 0xffff, 0xffff, 0xffff, 0xffff,
	0xffff, 0xffff, 0xffff, 0xffff, 0xffff, 0xffff, 0xffff, 0xffff, 0xffff, 0xffff, 0xffff, 0x90ed,
	0xffff, 0x9bdc, 0xffff, 0xffff, 0xffff, 0xffff, 0xffff, 0xffff, 0xffff, 0xffff, 0xffff, 0xffff,
	0xffff, 0xffff, 0xffff, 0xffff, 0xffff, 0xffff, 0xffff, 0xffff, 0xffff, 0xffff, 0xffff, 0xffff,
	0xffff, 0xffff, 0xffff, 0xffff, 0xffff, 0xffff, 0xffff, 0xffff, 0xffff, 0xffff, 0xffff, 0xffff,
	0xffff, 0xffff, 0xffff, 0xffff, 0xffff, 0xffff, 0xffff, 0xffff, 0xffff, 0x8d53, 0xa0ec, 0xffff,
	0xffff, 0xffff, 0x98fa, 0xffff, 0xffff, 0xffff, 0xffff, 0xffff, 0xffff, 0xffff, 0xffff, 0xffff,
	0x9be0, 0xffff, 0xffff, 0xffff, 0xffff, 0xffff, 0xffff, 0xffff, 0xffff, 0xffff, 0xffff, 0xffff,
	0xffff, 0xffff, 0xffff, 0xffff, 0xffff, 0xffff, 0xffff, 0xffff, 0xffff, 0xffff, 0xffff, 0xffff,
	0xffff, 0xffff, 0xffff, 0xffff, 0x93c7, 0x9249, 0x96e1, 0x9be2, 0xffff, 0xffff, 0xffff, 0x9be4,
	0xffff, 0xffff, 0x8fe1, 0x9be5, 0xffff, 0xffff, 0xffff, 0xffff, 0xffff, 0xffff, 0xffff, 0xffff,
	0xffff, 0xffff, 0xffff, 0xffff, 0xffff, 0xffff, 0xffff, 0xffff, 0xffff, 0xffff, 0xffff, 0xffff,
	0xffff, 0xffff, 0xffff, 0xffff, 0xffff, 0xffff, 0x94c0, 0xffff, 0xffff, 0x93c3, 0xffff, 0xffff,
	0xffff, 0xffff, 0xffff, 0xffff, 0xffff, 0xffff, 0xffff, 0xffff, 0x93c5, 0xffff, 0xffff, 0xffff,
	0xffff, 0xffff, 0xffff, 0xffff, 0xffff, 0xffff, 0xffff, 0xffff, 0xffff, 0xffff, 0xffff, 0xffff,
	0xffff, 0xffff, 0xffff, 0xffff, 0xffff, 0xffff, 0xffff, 0xffff, 0xffff, 0xffff, 0xffff, 0xffff,
	0xffff, 0xffff, 0xffff, 0xffff, 0xffff, 0xffff, 0xffff, 0xffff, 0xffff, 0xffff, 0xffff, 0xffff,
	0xffff, 0xffff, 0x9079, 0xffff, 0xffff, 0xffff, 0xffff, 0xffff, 0xffff, 0xffff, 0xffff, 0xffff,
	0xffff, 0xffff, 0xffff, 0xffff, 0xffff, 0xffff, 0xffff, 0xffff, 0xffff, 0xffff, 0xffff, 0xffff,
	0xffff, 0xffff, 0xffff, 0xffff, 0xffff, 0xffff, 0x977b, 0xffff, 0xffff, 0xffff, 0xffff, 0xffff,
	0x907e, 0xffff, 0xffff, 0xffff, 0xffff, 0xfee6, 0xfe46, 0xffff, 0xffff, 0xffff, 0xffff, 0xffff,
	0xffff, 0xffff, 0xffff, 0xffff, 0xffff, 0xffff, 0xffff, 0xffff, 0xffff, 0xffff, 0xffff, 0xffff,
	0xffff, 0xffff, 0xffff, 0xffff, 0xffff, 0xffff, 0xffff, 0xffff, 0xffff, 0xffff, 0xffff, 0xffff,
	0xffff, 0xffff, 0xffff, 0xffff, 0xffff, 0xffff, 0xffff, 0xffff, 0xffff, 0xffff, 0xffff, 0xffff,
	0xffff, 0xffff, 0xffff, 0xffff, 0xffff, 0xffff, 0x9db8, 0xffff, 0xffff, 0xffff, 0xffff, 0xffff,
	0xffff, 0xffff, 0xffff, 0xffff, 0xffff, 0xffff, 0xffff, 0xffff, 0xffff, 0xffff, 0xffff, 0xffff,
	0xffff, 0xffff, 0xffff, 0xffff, 0xffff, 0xffff, 0xffff, 0xffff, 0xffff, 0xffff, 0x9270, 0xffff,
	0xffff, 0xffff, 0xffff, 0xffff, 0xffff, 0xffff, 0xffff, 0xffff, 0xffff, 0xffff, 0xffff, 0xffff,
	0xffff, 0xffff, 0xffff, 0xffff, 0xffff, 0xffff, 0xffff, 0xffff, 0xffff, 0xffff, 0xffff, 0xffff,
	0xffff, 0xffff, 0xffff, 0xffff, 0xffff, 0xffff, 0xffff, 0xffff, 0xffff, 0xffff, 0xffff, 0xffff,
	0xffff, 0xffff, 0xffff, 0xffff, 0xffff, 0xffff, 0xffff, 0xffff, 0xffff, 0xffff, 0xffff, 0xffff,
	0x95a8, 0xffff, 0xffff, 0xffff, 0xffff, 0xffff, 0xffff, 0xffff, 0xffff, 0xffff, 0xffff, 0xffff,
	0xffff, 0xffff, 0xffff, 0xffff, 0xffff, 0xffff, 0x8cb0, 0xffff, 0xffff, 0xffff, 0xffff, 0xffff,
	0xffff, 0xffff, 0xffff, 0xffff, 0xffff, 0xffff, 0xffff, 0xffff, 0xffff, 0xffff, 0xffff, 0xffff,
	0xffff, 0xffff, 0xffff, 0xffff, 0xffff, 0xffff, 0xffff, 0xffff, 0xffff, 0xffff, 0xffff, 0xffff,
	0xffff, 0xffff, 0xffff, 0xffff, 0xffff, 0xffff, 0xffff, 0xffff, 0xffff, 0xffff, 0xffff, 0xffff,
	0xffff, 0xffff, 0xffff, 0xffff, 0xffff, 0xffff, 0xffff, 0xffff, 0xffff, 0xffff, 0xffff, 0xffff,
	0xffff, 0xffff, 0xffff, 0xffff, 0xffff, 0xffff, 0xffff, 0xffff, 0xffff, 0xffff, 0xffff, 0xffff,
	0xffff, 0xffff, 0xffff, 0xffff, 0xffff, 0xffff, 0xffff, 0xffff, 0xffff, 0xffff, 0xffff, 0xffff,
	0x94c8, 0xffff, 0xffff, 0xffff, 0xffff, 0xffff, 0xffff, 0xffff, 0xffff, 0xffff, 0xffff, 0xffff,
	0xffff, 0xffff, 0xffff, 0xffff, 0xffff, 0xffff, 0xffff, 0x98b9, 0x9140, 0xffff, 0xffff, 0xffff,
	0xffff, 0xffff, 0xffff, 0xffff, 0xffff, 0xffff, 0xffff, 0xffff, 0xffff, 0xffff, 0xffff, 0xffff,
	0xffff, 0xffff, 0xffff, 0xffff, 0xffff, 0xffff, 0xffff, 0xfcbe, 0xffff, 0xffff, 0xffff, 0xffff,
	0xffff, 0xffff, 0xffff, 0x9157, 0xffff, 0xffff, 0xffff, 0xffff, 0xffff, 0xffff, 0xffff, 0xffff,
	0xffff, 0xffff, 0xffff, 0xffff, 0xffff, 0xffff, 0xffff, 0xffff, 0xffff, 0xffff, 0xffff, 0xffff,
	0xffff, 0xffff, 0xffff, 0x8bb2, 0xffff, 0xffff, 0xffff, 0xffff, 0xffff, 0xffff, 0xffff, 0xffff,
	0xffff, 0xffff, 0xffff, 0xffff, 0xffff, 0xffff, 0xffff, 0xffff, 0xffff, 0xffff, 0xffff, 0xffff,
	0xffff, 0xffff, 0xffff, 0xffff, 0xffff, 0xffff, 0xffff, 0xffff, 0xffff, 0xffff, 0xffff, 0xffff,
	0xffff, 0xffff, 0xffff, 0xffff, 0xffff, 0xffff, 0xffff, 0xffff, 0xffff, 0xffff, 0xffff, 0xffff,
	0xffff, 0xffff, 0xffff, 0xffff, 0xffff, 0xffff, 0xffff, 0xffff, 0xfadf, 0xffff, 0xffff, 0xffff,
	0xffff, 0xffff, 0xffff, 0xffff, 0xffff, 0xffff, 0xffff, 0xffff, 0xffff, 0xffff, 0xffff, 0xffff,
	0xffff, 0xffff, 0xffff, 0xffff, 0xffff, 0xffff, 0xffff, 0xffff, 0xffff, 0xffff, 0xffff, 0xffff,
	0xffff, 0xffff, 0xffff, 0xffff, 0xffff, 0xffff, 0xffff, 0xffff, 0xffff, 0xffff, 0xffff, 0xffff,
	0xffff, 0xffff, 0xffff, 0xffff, 0xffff, 0xffff, 0xffff, 0xffff, 0xffff, 0xffff, 0xffff, 0xffff,
	0xffff, 0xffff, 0xffff, 0xffff, 0xffff, 0xffff, 0xffff, 0xffff, 0xffff, 0xffff, 0xffff, 0xffff,
	0xffff, 0xffff, 0xffff, 0xffff, 0xffff, 0xffff, 0xffff, 0xffff, 0xffff, 0xffff, 0xffff, 0xffff,
	0xffff, 0xffff, 0xffff, 0xffff, 0xffff, 0xffff, 0xffff, 0xffff, 0xffff, 0x9be6, 0xffff, 0xffff,
	0xffff, 0xffff, 0xffff, 0xffff, 0xffff, 0xffff, 0xffff, 0xffff, 0xffff, 0xffff, 0xffff, 0xffff,
	0xffff, 0xffff, 0xffff, 0xffff, 0xffff, 0xffff, 0xffff, 0xffff, 0xffff, 0x9643, 0x8e44, 0x9c4f,
	0xfef4, 0xffff, 0xffff, 0xffff, 0xffff, 0xffff, 0x9be8, 0xffff, 0xffff, 0xffff, 0xffff, 0xffff,
	0xffff, 0xffff, 0xffff, 0xffff, 0xffff, 0xffff, 0xffff, 0xffff, 0xffff, 0xffff, 0xffff, 0xffff,
	0xffff, 0xffff, 0xffff, 0x93dc, 0xffff, 0xffff, 0xffff, 0xffff, 0xffff, 0xffff, 0xffff, 0xffff,
	0xffff, 0xffff, 0xffff, 0xffff, 0xffff, 0xffff, 0xffff, 0xffff, 0xffff, 0xffff, 0xffff, 0xffff,
	0xffff, 0xffff, 0xffff, 0xffff, 0xffff, 0xffff, 0xffff, 0xffff, 0xffff, 0xffff, 0xffff, 0xffff,
	0xffff, 0xffff, 0xffff, 0xffff, 0xffff, 0xffff, 0xffff, 0xffff, 0xffff, 0xffff, 0xffff, 0xffff,
	0xffff, 0xffff, 0xffff, 0xffff, 0xffff, 0xffff, 0xffff, 0xffff, 0xffff, 0xffff, 0xffff, 0xffff,
	0xffff, 0xffff, 0xffff, 0xffff, 0xffff, 0xffff, 0xffff, 0xffff, 0xffff, 0xffff, 0xffff, 0xffff,
	0xffff, 0xffff, 0xffff, 0xffff, 0xffff, 0xffff, 0xffff, 0xffff, 0xffff, 0xffff, 0xffff, 0xffff,
	0xffff, 0xffff, 0xffff, 0xffff, 0xffff, 0x966f, 0xffff, 0xffff, 0xffff, 0xffff, 0xffff, 0xffff,
	0xffff, 0xffff, 0xffff, 0xffff, 0xffff, 0xffff, 0xffff, 0xffff, 0xffff, 0xffff, 0xffff, 0xffff,
	0xffff, 0xffff, 0xffff, 0xffff, 0xffff, 0xffff, 0x8e4a, 0x9bed, 0xffff, 0xffff, 0xffff, 0xffff,
	0xffff, 0xffff, 0xffff, 0xffff, 0xffff, 0xffff, 0xffff, 0xffff, 0xffff, 0xffff, 0xffff, 0xffff,
	0xffff, 0xffff, 0xffff, 0xffff, 0xffff, 0xffff, 0xffff, 0xffff, 0xffff, 0xffff, 0xffff, 0xffff,
	0xffff, 0xffff, 0xffff, 0xffff, 0xffff, 0xffff, 0xffff, 0xffff, 0xffff, 0xffff, 0xffff, 0xffff,
	0xffff, 0xffff, 0xffff, 0xffff, 0xffff, 0xffff, 0xffff, 0xffff, 0xffff, 0xffff, 0xffff, 0xffff,
	0xffff, 0xffff, 0xffff, 0xffff, 0xffff, 0xffff, 0xffff, 0xffff, 0xffff, 0xffff, 0xffff, 0xffff,
	0xffff, 0xffff, 0x92f6, 0xffff, 0xffff, 0xffff, 0xffff, 0xffff, 0xffff, 0xffff, 0xffff, 0xffff,
	0xffff, 0xffff, 0xffff, 0xffff, 0xffff, 0xffff, 0x9db9, 0xffff, 0xffff, 0xffff, 0xffff, 0xffff,
	0xffff, 0xffff, 0xffff, 0xffff, 0xffff, 0xffff, 0xffff, 0xffff, 0xffff, 0xffff, 0xffff, 0xffff,
	0xffff, 0xffff, 0xffff, 0xffff, 0xffff, 0xffff, 0xffff, 0xffff, 0xffff, 0xffff, 0xffff, 0xffff,
	0xffff, 0xffff, 0xffff, 0xffff, 0xffff, 0xffff, 0xffff, 0xffff, 0xffff, 0xffff, 0xffff, 0xffff,
	0xffff, 0xffff, 0xffff, 0xffff, 0xffff, 0xffff, 0xffff, 0xffff, 0xffff, 0xffff, 0xffff, 0xffff,
	0xffff, 0xffff, 0xffff, 0xffff, 0xffff, 0xffff, 0xffff, 0xffff, 0xffff, 0xffff, 0xffff, 0xffff,
	0xffff, 0xffff, 0xffff, 0xffff, 0xffff, 0xffff, 0xffff, 0xffff, 0xffff, 0xffff, 0xffff, 0xffff,
	0xffff, 0xffff, 0xffff, 0xffff, 0xffff, 0xffff, 0xffff, 0xffff, 0x8e4e, 0xffff, 0xffff, 0xffff,
	0xffff, 0xffff, 0xffff, 0xffff, 0xffff, 0xffff, 0xffff, 0xffff, 0xffff, 0xffff, 0xffff, 0xffff,
	0xffff, 0xffff, 0xffff, 0xffff, 0xffff, 0xffff, 0xffff, 0xffff, 0xffff, 0xffff, 0xffff, 0xffff,
	0xffff, 0xffff, 0xffff, 0xffff, 0xfbcf, 0x8760, 0xffff, 0xffff, 0xffff, 0xffff, 0xffff, 0xffff,
	0xffff, 0xffff, 0xffff, 0xffff, 0xffff, 0xffff, 0xffff, 0xffff, 0xffff, 0xffff, 0xffff, 0xffff,
	0xffff, 0xffff, 0xffff, 0xffff, 0xffff, 0xffff, 0xffff, 0xffff, 0xffff, 0xffff, 0xffff, 0xffff,
	0xffff, 0xffff, 0xffff, 0xffff, 0xffff, 0xffff, 0xffff, 0xffff, 0xffff, 0xffff, 0xffff, 0xffff,
	0xffff, 0xffff, 0xffff, 0xffff, 0xffff, 0xffff, 0xffff, 0xffff, 0xffff, 0xffff, 0xffff, 0xffff,
	0xffff, 0xffff, 0xffff, 0xffff, 0xffff, 0xffff, 0xffff, 0xffff, 0xffff, 0xffff, 0x9ec2, 0xffff,
	0xffff, 0xffff, 0xffff, 0xffff, 0xffff, 0x94e5, 0xffff, 0xffff, 0xffff, 0xffff, 0xffff, 0xffff,
	0xffff, 0xffff, 0xffff, 0xffff, 0xffff, 0xffff, 0xffff, 0xffff, 0xffff, 0xffff, 0xffff, 0x9bf0,
	0x94e4, 0xffff, 0xffff, 0xffff, 0xffff, 0xffff, 0xffff, 0xffff, 0xffff, 0xffff, 0xffff, 0xffff,
	0xffff, 0xffff, 0xffff, 0xffff, 0xffff, 0xffff, 0xffff, 0xffff, 0xffff, 0xffff, 0xffff, 0xffff,
	0xffff, 0xffff, 0xffff, 0xffff, 0xffff, 0xffff, 0xffff, 0xffff, 0xffff, 0xffff, 0xffff, 0xffff,
	0xffff, 0xffff, 0xffff, 0xffff, 0xffff, 0xffff, 0xffff, 0xffff, 0xffff, 0xffff, 0xffff, 0xffff,
	0xffff, 0xffff, 0xffff, 0xffff, 0xffff, 0xffff, 0xffff, 0xffff, 0xffff, 0xffff, 0x9551, 0x8bbb,
	0xffff, 0xffff, 0xffff, 0xffff, 0xffff, 0xffff, 0xffff, 0xffff, 0xffff, 0xffff, 0xffff, 0xffff,
	0xffff, 0xffff, 0xffff, 0xffff, 0xffff, 0xffff, 0xffff, 0xffff, 0x9bf1, 0xffff, 0xffff, 0xffff,
	0xffff, 0xffff, 0xffff, 0xffff, 0xffff, 0xffff, 0xffff, 0xffff, 0xffff, 0xffff, 0xffff, 0xffff,
	0xffff, 0xffff, 0xffff, 0xffff, 0xffff, 0xffff, 0xffff, 0xffff, 0xffff, 0xffff, 0xffff, 0xffff,
	0xffff, 0xffff, 0xffff, 0xffff, 0xffff, 0xffff, 0xffff, 0xffff, 0xffff, 0xffff, 0xffff, 0xffff,
	0xffff, 0xffff, 0x94f0, 0x8e64, 0xffff, 0xffff, 0xffff, 0xffff, 0xffff, 0xffff, 0xffff, 0xffff,
	0xffff, 0xffff, 0xffff, 0xffff, 0xffff, 0xffff, 0xffff, 0xffff, 0xffff, 0x94ea, 0xffff, 0xffff,
	0xffff, 0xffff, 0xffff, 0xffff, 0xffff, 0xffff, 0xffff, 0xffff, 0xffff, 0xffff, 0xffff, 0xffff,
	0xffff, 0xffff, 0xffff, 0xffff, 0xffff, 0xffff, 0xffff, 0xffff, 0xffff, 0xffff, 0xffff, 0xffff,
	0xffff, 0xffff, 0xffff, 0x8f61, 0xffff, 0xffff, 0xffff, 0x9b64, 0x8e5b, 0xffff, 0xffff, 0xffff,
	0xffff, 0x9bf2, 0xffff, 0xffff, 0xffff, 0xffff, 0xffff, 0xffff, 0xffff, 0xffff, 0xffff, 0xffff,
	0xffff, 0xffff, 0xffff, 0xffff, 0xffff, 0xffff, 0xffff, 0xffff, 0xffff, 0xffff, 0xffff, 0xffff,
	0xffff, 0xffff, 0xffff, 0xffff, 0x9fbe, 0xffff, 0xffff, 0xffff, 0xffff, 0xffff, 0xffff, 0xffff,
	0xffff, 0xffff, 0xffff, 0xffff, 0xffff, 0xffff, 0xffff, 0xffff, 0xffff, 0xffff, 0xffff, 0xffff,
	0xffff, 0xffff, 0xffff, 0xffff, 0xffff, 0xffff, 0xffff, 0xffff, 0xffff, 0xffff, 0xffff, 0xffff,
	0xffff, 0xffff, 0xffff, 0xffff, 0xffff, 0xffff, 0xffff, 0xffff, 0xffff, 0x9dc9, 0xffff, 0xffff,
	0xffff, 0xffff, 0xffff, 0xffff, 0xffff, 0xffff, 0xffff, 0xffff, 0xffff, 0xffff, 0xffff, 0xffff,
	0xffff, 0xffff, 0xffff, 0xffff, 0xffff, 0xffff, 0xffff, 0xffff, 0xffff, 0xffff, 0xffff, 0xffff,
	0x8e6c, 0xffff, 0xffff, 0xffff, 0xffff, 0xffff, 0xffff, 0xffff, 0xffff, 0xffff, 0xffff, 0xffff,
	0xffff, 0xffff, 0xffff, 0xffff, 0xffff, 0xffff, 0xffff, 0xffff, 0xffff, 0xffff, 0xffff, 0xffff,
	0xffff, 0xffff, 0xffff, 0xffff, 0xffff, 0xffff, 0xffff, 0xffff, 0xffff, 0xffff, 0xffff, 0xffff,
	0xffff, 0xffff, 0xffff, 0xffff, 0xffff, 0xffff, 0xffff, 0xffff, 0x8f73, 0xffff, 0xffff, 0xffff,
	0xffff, 0xffff, 0xffff, 0xffff, 0xffff, 0xffff, 0xffff, 0xffff, 0xffff, 0xffff, 0xffff, 0xffff,
	0xffff, 0xffff, 0xffff, 0x8caf, 0xffff, 0xffff, 0xffff, 0xffff, 0xffff, 0xffff, 0xffff, 0xffff,
	0xffff, 0xffff, 0xffff, 0xffff, 0xffff, 0xffff, 0xffff, 0xffff, 0xffff, 0xffff, 0xffff, 0xffff,
	0xffff, 0xffff, 0xffff, 0xffff, 0xffff, 0xffff, 0xffff, 0x8f75, 0x8e71, 0xffff, 0xffff, 0xffff,
	0xffff, 0xffff, 0xffff, 0xffff, 0xffff, 0xffff, 0xffff, 0xffff, 0xffff, 0xffff, 0xffff, 0xffff,
	0xffff, 0xffff, 0xffff, 0xffff, 0xffff, 0xffff, 0xffff, 0xffff, 0xffff, 0xffff, 0xffff, 0xffff,
	0xffff, 0xffff, 0xffff, 0xffff, 0xffff, 0xffff, 0xffff, 0xffff, 0xffff, 0xffff, 0xffff, 0xffff,
	0xffff, 0xffff, 0xffff, 0xffff, 0xffff, 0xffff, 0xffff, 0xffff, 0xffff, 0xffff, 0xffff, 0xffff,
	0xffff, 0xffff, 0xffff, 0xffff, 0xffff, 0xffff, 0xffff, 0xffff, 0xffff, 0x8e60, 0x8e6a, 0xffff,
	0xffff, 0xffff, 0xffff, 0xffff, 0xffff, 0xffff, 0xffff, 0xffff, 0xffff, 0xffff, 0xffff, 0xffff,
	0xffff, 0xffff, 0x8c4c, 0xffff, 0xffff, 0xffff, 0xffff, 0xffff, 0xffff, 0xffff, 0xffff, 0xffff,
	0xffff, 0xffff, 0xffff, 0xffff, 0xffff, 0xffff, 0xffff, 0xffff, 0xffff, 0x9552, 0x9554, 0xffff,
	0xffff, 0xffff, 0xffff, 0xffff, 0xffff, 0xffff, 0xffff, 0xffff, 0xffff, 0xffff, 0xffff, 0xffff,
	0xffff, 0xffff, 0xffff, 0xffff, 0xffff, 0xffff, 0xffff, 0xffff, 0xffff, 0xffff, 0xffff, 0xffff,
	0xffff, 0xffff, 0xffff, 0xffff, 0xffff, 0xffff, 0xffff, 0xffff, 0xffff, 0xffff, 0xffff, 0xffff,
	0xffff, 0xffff, 0xffff, 0xffff, 0xffff, 0xffff, 0xffff, 0xffff, 0xffff, 0xffff, 0xffff, 0xffff,
	0xffff, 0xffff, 0xffff, 0xffff, 0xffff, 0xffff, 0xffff, 0xffff, 0xffff, 0x8ad4, 0xffff, 0xffff,
	0xffff, 0xffff, 0xffff, 0xffff, 0xffff, 0xffff, 0xffff, 0xffff, 0xffff, 0xffff, 0xffff, 0xffff,
	0xffff, 0xffff, 0xffff, 0xffff, 0xffff, 0xffff, 0xffff, 0xffff, 0xffff, 0xffff, 0xffff, 0xffff,
	0xffff, 0xffff, 0xffff, 0xffff, 0xffff, 0xffff, 0xffff, 0xffff, 0xffff, 0xffff, 0xffff, 0xffff,
	0xffff, 0xffff, 0xffff, 0xffff, 0xffff, 0xffff, 0xffff, 0xffff, 0xffff, 0xffff, 0xffff, 0xffff,
	0xffff, 0xffff, 0xffff, 0xffff, 0xffff, 0x9dbb, 0x9543, 0x92fe, 0xffff, 0xffff, 0xffff, 0xffff,
	0xffff, 0xffff, 0xffff, 0xffff, 0xffff, 0xffff, 0xffff, 0xffff, 0xffff, 0xffff, 0xffff, 0xffff,
	0xffff, 0xffff, 0xffff, 0xffff, 0xffff, 0xffff, 0xffff, 0xffff, 0xffff, 0xffff, 0xffff, 0xffff,
	0xffff, 0xffff, 0xffff, 0xffff, 0xffff, 0xffff, 0x94f2, 0xffff, 0xffff, 0xffff, 0xffff, 0xffff,
	0xffff, 0xffff, 0xffff, 0xffff, 0xffff, 0xffff, 0xffff, 0xffff, 0xffff, 0xffff, 0xffff, 0xffff,
	0xffff, 0xffff, 0xffff, 0xffff, 0x94f1, 0xffff, 0xffff, 0xffff, 0xffff, 0xffff, 0xffff, 0xffff,
	0xffff, 0xffff, 0xffff, 0xffff, 0xffff, 0xffff, 0xffff, 0xffff, 0xffff, 0xffff, 0xffff, 0xffff,
	0xffff, 0xffff, 0xffff, 0xffff, 0xffff, 0xffff, 0xffff, 0xa0ea, 0x9dd2, 0xa0b1, 0xffff, 0xffff,
	0xffff, 0xffff, 0xffff, 0xffff, 0xffff, 0xffff, 0xffff, 0xffff, 0xffff, 0xffff, 0xffff, 0xffff,
	0xffff, 0xffff, 0xffff, 0xffff, 0xffff, 0xffff, 0xffff, 0xffff, 0xffff, 0xffff, 0xffff, 0xffff,
	0xffff, 0xffff, 0xffff, 0xffff, 0xffff, 0xffff, 0xffff, 0xffff, 0xffff, 0xffff, 0xffff, 0xffff,
	0xffff, 0xffff, 0xffff, 0xffff, 0xffff, 0xffff, 0xffff, 0xffff, 0xffff, 0xffff, 0x91f8, 0xffff,
	0xffff, 0xffff, 0xffff, 0xffff, 0xffff, 0xffff, 0xffff, 0xffff, 0xffff, 0xffff, 0xffff, 0xffff,
	0xffff, 0xffff, 0xffff, 0xffff, 0xffff, 0xffff, 0xffff, 0xffff, 0xffff, 0xffff, 0xffff, 0xffff,
	0xffff, 0xffff, 0xffff, 0xffff, 0xffff, 0xffff, 0xffff, 0xffff, 0xffff, 0xffff, 0xffff, 0xffff,
	0xffff, 0xffff, 0xffff, 0xffff, 0xffff, 0xffff, 0xffff, 0xffff, 0xffff, 0xffff, 0xffff, 0xffff,
	0xffff, 0xffff, 0xffff, 0xffff, 0xffff, 0xffff, 0xffff, 0xffff, 0xffff, 0xffff, 0xffff, 0xffff,
	0xffff, 0xffff, 0xffff, 0xffff, 0xffff, 0xffff, 0xffff, 0xffff, 0xffff, 0xffff, 0xffff, 0xffff,
	0xffff, 0xffff, 0xffff, 0xffff, 0xffff, 0xffff, 0xffff, 0xffff, 0xffff, 0xffff, 0xffff, 0xffff,
	0xffff, 0xffff, 0xffff, 0xffff, 0xffff, 0xffff, 0xffff, 0xffff, 0xffff, 0xffff, 0xffff, 0xffff,
	0xffff, 0xffff, 0xffff, 0xffff, 0xffff, 0xffff, 0xffff, 0xffff, 0xffff, 0xffff, 0xffff, 0xffff,
	0xffff, 0xffff, 0xffff, 0xffff, 0xffff, 0xffff, 0xffff, 0xffff, 0xffff, 0xffff, 0xffff, 0xffff,
	0xffff, 0xffff, 0xffff, 0xffff, 0xffff, 0xffff, 0xffff, 0xffff, 0xffff, 0xffff, 0xffff, 0xffff,
	0xffff, 0xffff, 0xffff, 0xffff, 0xffff, 0xffff, 0xffff, 0xffff, 0xffff, 0xffff, 0xffff, 0xffff,
	0xffff, 0xffff, 0xffff, 0xffff, 0x9462, 0x9ba4, 0x8ead, 0xffff, 0xffff, 0xffff, 0xffff, 0xffff,
	0xffff, 0xffff, 0xffff, 0xffff, 0xffff, 0xffff, 0xffff, 0xffff, 0xffff, 0xffff, 0xffff, 0xffff,
	0xffff, 0xffff, 0xffff, 0xffff, 0xffff, 0xffff, 0xffff, 0xffff, 0xffff, 0xffff, 0xffff, 0xffff,
	0xffff, 0x9ead, 0xffff, 0xffff, 0xffff, 0xffff, 0xffff, 0xffff, 0xffff, 0xffff, 0xffff, 0xffff,
	0xffff, 0xffff, 0xffff, 0xffff, 0xffff, 0xffff, 0xffff, 0xffff, 0xffff, 0xffff, 0xffff, 0xffff,
	0xffff, 0xffff, 0xffff, 0xffff, 0xffff, 0x96d0, 0xffff, 0xffff, 0xffff, 0xffff, 0xffff, 0xffff,
	0xffff, 0xffff, 0xffff, 0xffff, 0xffff, 0xffff, 0xffff, 0xffff, 0xffff, 0xffff, 0xffff, 0xffff,
	0xffff, 0xffff, 0xffff, 0xffff, 0xffff, 0xffff, 0xffff, 0xffff, 0xffff, 0xffff, 0xffff, 0xffff,
	0xfeee, 0xffff, 0xffff, 0xffff, 0xffff, 0xffff, 0xffff, 0xffff, 0xffff, 0xffff, 0xffff, 0xffff,
	0xffff, 0xffff, 0xffff, 0xffff, 0xffff, 0xffff, 0xffff, 0xffff, 0x8ab4, 0xffff, 0xffff, 0xffff,
	0xffff, 0xffff, 0xffff, 0xffff, 0xffff, 0xffff, 0xffff, 0xffff, 0xffff, 0x9757, 0x8a77, 0x9bf7,
	0xffff, 0xffff, 0xffff, 0xffff, 0xffff, 0xffff, 0xffff, 0xffff, 0xffff, 0xffff, 0xffff, 0xffff,
	0xffff, 0xffff, 0xffff, 0xffff, 0xffff, 0xffff, 0xffff, 0xffff, 0xffff, 0xffff, 0xffff, 0xffff,
	0xffff, 0xffff, 0xffff, 0xffff, 0xffff, 0xffff, 0x8eb5, 0xffff, 0xffff, 0xffff, 0xffff, 0xffff,
	0xffff, 0xffff, 0xffff, 0xffff, 0xffff, 0xffff, 0xffff, 0xffff, 0xffff, 0xffff, 0xffff, 0xffff,
	0xffff, 0xffff, 0xffff, 0xffff, 0xffff, 0xffff, 0xffff, 0xffff, 0xffff, 0xffff, 0xffff, 0xffff,
	0xffff, 0xffff, 0xffff, 0xffff, 0xffff, 0xffff, 0xffff, 0xffff, 0xffff, 0xffff, 0xffff, 0xffff,
	0xffff, 0xffff, 0xffff, 0xffff, 0xffff, 0xffff, 0xffff, 0xffff, 0xffff, 0xffff, 0xffff, 0xffff,
	0xffff, 0xffff, 0xa06d, 0x8eb6, 0x9756, 0x9540, 0xffff, 0xffff, 0xffff, 0xffff, 0xffff, 0xffff,
	0xffff, 0xffff, 0xffff, 0xffff, 0xffff, 0xffff, 0xffff, 0xffff, 0xffff, 0xffff, 0xffff, 0xffff,
	0xffff, 0xffff, 0xffff, 0xffff, 0xffff, 0xffff, 0xffff, 0xffff, 0xffff, 0xffff, 0xffff, 0xffff,
	0xffff, 0xffff, 0xffff, 0xffff, 0xffff, 0xffff, 0xffff, 0xffff, 0xffff, 0xffff, 0xffff, 0xffff,
	0xffff, 0xffff, 0xffff, 0xffff, 0xffff, 0xffff, 0xffff, 0xffff, 0xffff, 0xffff, 0xffff, 0xffff,
	0xffff, 0xffff, 0xffff, 0xffff, 0xffff, 0xffff, 0xffff, 0xffff, 0xffff, 0xffff, 0xffff, 0xffff,
	0xffff, 0xffff, 0xffff, 0xffff, 0xffff, 0xffff, 0xffff, 0xffff, 0xffff, 0xffff, 0xffff, 0xffff,
	0xffff, 0xffff, 0xa0f3, 0x94be, 0xffff, 0xffff, 0xffff, 0x9bfa, 0xffff, 0xffff, 0xffff, 0xffff,
	0xffff, 0xffff, 0xffff, 0xffff, 0xffff, 0xffff, 0xffff, 0xffff, 0xffff, 0xffff, 0xffff, 0xffff,
	0xffff, 0xffff, 0xffff, 0xffff, 0xffff, 0xffff, 0xffff, 0xffff, 0xffff, 0xffff, 0xffff, 0xffff,
	0xffff, 0xffff, 0xffff, 0xffff, 0xffff, 0xffff, 0xffff, 0xffff, 0xffff, 0xffff, 0xffff, 0xffff,
	0xffff, 0xffff, 0xfddf, 0x9dbc, 0xffff, 0xffff, 0xffff, 0xffff, 0xffff, 0xffff, 0xffff, 0xffff,
	0x94fe, 0xffff, 0xffff, 0xffff, 0xffff, 0xffff, 0xffff, 0xffff, 0xffff, 0x8bdb, 0xa0fe, 0xffff,
	0xffff, 0xffff, 0xffff, 0xffff, 0xffff, 0xffff, 0xffff, 0xffff, 0xffff, 0xffff, 0xffff, 0xffff,
	0xffff, 0xffff, 0xffff, 0xffff, 0xffff, 0xffff, 0xffff, 0xffff, 0xffff, 0xffff, 0xffff, 0xffff,
	0xffff, 0xffff, 0xffff, 0xffff, 0xffff, 0xffff, 0xffff, 0xffff, 0xffff, 0xffff, 0xffff, 0xffff,
	0xffff, 0xffff, 0xffff, 0xffff, 0xffff, 0xffff, 0xffff, 0xffff, 0xffff, 0xffff, 0xffff, 0xffff,
	0xffff, 0xffff, 0xffff, 0xffff, 0xffff, 0xffff, 0xffff, 0xffff, 0xffff, 0xffff, 0xffff, 0xffff,
	0xffff, 0xffff, 0xffff, 0xffff, 0xffff, 0xffff, 0xffff, 0xffff, 0xffff, 0xffff, 0xffff, 0xffff,
	0xffff, 0xffff, 0xffff, 0xffff, 0xffff, 0xffff, 0xffff, 0xffff, 0xffff, 0xffff, 0xffff, 0xffff,
	0xffff, 0xffff, 0xffff, 0xffff, 0xffff, 0xffff, 0xffff, 0xffff, 0xffff, 0xffff, 0xffff, 0xffff,
	0xffff, 0xffff, 0xffff, 0x8ec0, 0x9f47, 0xffff, 0xffff, 0xffff, 0xffff, 0xffff, 0xffff, 0xffff,
	0xffff, 0xffff, 0xffff, 0xffff, 0xffff, 0xffff, 0xffff, 0xffff, 0xffff, 0xffff, 0xffff, 0xffff,
	0xffff, 0xffff, 0x8bde, 0xa0fb, 0xffff, 0xffff, 0xffff, 0xffff, 0x8ec3, 0xffff, 0xffff, 0xffff,
	0xffff, 0xffff, 0xffff, 0xffff, 0xffff, 0xffff, 0xffff, 0xffff, 0xffff, 0xffff, 0xffff, 0xffff,
	0xffff, 0xffff, 0xffff, 0xffff, 0xffff, 0xffff, 0xffff, 0xffff, 0xffff, 0xffff, 0xffff, 0xffff,
	0xffff, 0xffff, 0xffff, 0xffff, 0xffff, 0xffff, 0xffff, 0xffff, 0xffff, 0xffff, 0xffff, 0xffff,
	0xffff, 0xffff, 0xffff, 0xffff, 0xffff, 0xffff, 0xffff, 0xffff, 0xffff, 0xffff, 0xffff, 0xffff,
	0xffff, 0xffff, 0xffff, 0xffff, 0xffff, 0xffff, 0xffff, 0xffff, 0xffff, 0xffff, 0xffff, 0xffff,
	0xffff, 0xffff, 0xffff, 0xffff, 0xffff, 0xffff, 0xffff, 0xffff, 0xffff, 0xffff, 0xffff, 0xffff,
	0xffff, 0xffff, 0xffff, 0xffff, 0xffff, 0xffff, 0xffff, 0xffff, 0xffff, 0xffff, 0xffff, 0xffff,
	0xffff, 0xffff, 0xffff, 0xffff, 0xffff, 0xffff, 0xffff, 0xffff, 0xffff, 0xffff, 0xffff, 0xffff,
	0xffff, 0xffff, 0xffff, 0xffff, 0xffff, 0xffff, 0xffff, 0xffff, 0xffff, 0x9649, 0xffff, 0xffff,
	0xffff, 0xffff, 0xffff, 0xffff, 0xffff, 0xffff, 0xffff, 0xffff, 0xffff, 0xffff, 0xffff, 0xffff,
	0xffff, 0xffff, 0xffff, 0xffff, 0xffff, 0xffff, 0xffff, 0xffff, 0xffff, 0xffff, 0xffff, 0xffff,
	0xffff, 0xffff, 0xffff, 0xffff, 0xffff, 0xffff, 0xffff, 0xffff, 0xffff, 0xffff, 0xffff, 0xffff,
	0xffff, 0xffff, 0xffff, 0xffff, 0xffff, 0xffff, 0xffff, 0xffff, 0xffff, 0xffff, 0xffff, 0xffff,
	0xffff, 0xffff, 0xffff, 0xffff, 0xfec2, 0xffff, 0xffff, 0x954c, 0x9bfd, 0xffff, 0xffff, 0xffff,
	0xffff, 0xffff, 0xffff, 0xffff, 0xffff, 0xffff, 0xffff, 0xffff, 0xffff, 0xffff, 0x90cc, 0x9c60,
	0x954b, 0xffff, 0xffff, 0xffff, 0xffff, 0xffff, 0xffff, 0xffff, 0xffff, 0xffff, 0xffff, 0xffff,
	0xffff, 0xffff, 0xffff, 0xffff, 0xffff, 0xffff, 0xffff, 0xffff, 0xffff, 0xffff, 0xffff, 0xffff,
	0xffff, 0xffff, 0xffff, 0xffff, 0xffff, 0xffff, 0xffff, 0xffff, 0xffff, 0xffff, 0xffff, 0xffff,
	0xffff, 0xffff, 0xffff, 0xffff, 0xffff, 0xffff, 0xffff, 0xffff, 0xffff, 0xffff, 0xffff, 0xffff,
	0xffff, 0xffff, 0xffff, 0xffff, 0xffff, 0xffff, 0xffff, 0xffff, 0x9bfe, 0xffff, 0xffff, 0xffff,
	0xffff, 0xffff, 0xffff, 0xffff, 0xffff, 0xffff, 0xffff, 0xffff, 0xffff, 0xffff, 0xffff, 0xffff,
	0xffff, 0xffff, 0xffff, 0xffff, 0xffff, 0xffff, 0xffff, 0xffff, 0xffff, 0xffff, 0xffff, 0xffff,
	0xffff, 0xffff, 0xffff, 0x9c70, 0xffff, 0xffff, 0xffff, 0xffff, 0xffff, 0xffff, 0xffff, 0xffff,
	0xffff, 0xffff, 0xffff, 0xffff, 0xffff, 0xffff, 0xffff, 0xffff, 0xffff, 0xffff, 0xffff, 0xffff,
	0xffff, 0xffff, 0xffff, 0xffff, 0xffff, 0xffff, 0x9c43, 0xffff, 0xffff, 0xffff, 0x9c47, 0x8ecc,
	0xffff, 0xffff, 0xffff, 0x8e54, 0xffff, 0xffff, 0xffff, 0xffff, 0xffff, 0xffff, 0xffff, 0xffff,
	0xffff, 0xffff, 0x8ee4, 0x9c49, 0xffff, 0xffff, 0xffff, 0xffff, 0xffff, 0xffff, 0xffff, 0xffff,
	0xffff, 0xffff, 0xffff, 0xffff, 0xffff, 0xffff, 0xffff, 0xffff, 0xffff, 0xffff, 0xffff, 0xffff,
	0xffff, 0xffff, 0xffff, 0xffff, 0xffff, 0xffff, 0xffff, 0xffff, 0xffff, 0xffff, 0xffff, 0xffff,
	0xffff, 0xffff, 0xffff, 0xffff, 0xffff, 0xffff, 0xffff, 0xffff, 0xffff, 0xffff, 0xffff, 0xffff,
	0xffff, 0xffff, 0xffff, 0xffff, 0xffff, 0xffff, 0xffff, 0xffff, 0xffff, 0xffff, 0xffff, 0xffff,
	0xffff, 0xffff, 0xffff, 0xffff, 0xffff, 0xffff, 0xffff, 0xffff, 0xffff, 0xffff, 0xffff, 0xffff,
	0xffff, 0xffff, 0xffff, 0xffff, 0xffff, 0xffff, 0xffff, 0xffff, 0xffff, 0xffff, 0xffff, 0xffff,
	0xffff, 0xffff, 0xffff, 0xffff, 0xffff, 0xffff, 0xffff, 0xffff, 0xffff, 0xffff, 0xffff, 0xffff,
	0xffff, 0xffff, 0xffff, 0x8b5e, 0xffff, 0xffff, 0xffff, 0xffff, 0xffff, 0xffff, 0xffff, 0xffff,
	0xffff, 0xffff, 0xffff, 0xffff, 0xffff, 0xffff, 0xffff, 0xffff, 0xffff, 0xffff, 0xffff, 0xffff,
	0xffff, 0xffff, 0xffff, 0xffff, 0xffff, 0xffff, 0xffff, 0xffff, 0xffff, 0xffff, 0xffff, 0xffff,
	0xffff, 0xffff, 0xffff, 0xffff, 0xffff, 0xffff, 0xffff, 0xffff, 0xffff, 0xffff, 0xffff, 0xffff,
	0xffff, 0x955e, 0xffff, 0xffff, 0xffff, 0xffff, 0xffff, 0xffff, 0xffff, 0xffff, 0xffff, 0xffff,
	0xffff, 0xffff, 0x955c, 0xffff, 0xffff, 0xffff, 0xffff, 0xffff, 0xffff, 0xffff, 0xffff, 0xffff,
	0xffff, 0xffff, 0xffff, 0xffff, 0xffff, 0xffff, 0xffff, 0xffff, 0x9c4b, 0x8be1, 0xffff, 0xffff,
	0xffff, 0xffff, 0xffff, 0xffff, 0xffff, 0xffff, 0xffff, 0xffff, 0xffff, 0xffff, 0xffff, 0xffff,
	0xffff, 0xffff, 0xffff, 0xffff, 0xffff, 0x8ed9, 0xffff, 0xffff, 0xffff, 0xffff, 0xffff, 0xffff,
	0xffff, 0xffff, 0xffff, 0xffff, 0xffff, 0xffff, 0xffff, 0xffff, 0xffff, 0xffff, 0xffff, 0xffff,
	0xffff, 0xffff, 0xffff, 0xffff, 0xffff, 0xffff, 0xffff, 0xffff, 0xffff, 0xffff, 0xffff, 0xffff,
	0xffff, 0xffff, 0xffff, 0xffff, 0xffff, 0xffff, 0xffff, 0xffff, 0xffff, 0xffff, 0xffff, 0xffff,
	0xffff, 0xffff, 0xffff, 0xffff, 0xffff, 0xffff, 0xffff, 0xffff, 0xffff, 0xffff, 0xffff, 0xffff,
	0xffff, 0xffff, 0xffff, 0xffff, 0xffff, 0xffff, 0xffff, 0xffff, 0xffff, 0xffff, 0xffff, 0xffff,
	0xffff, 0xffff, 0xffff, 0xffff, 0xffff, 0xffff, 0xffff, 0xffff, 0xffff, 0xffff, 0xffff, 0xffff,
	0xffff, 0xffff, 0xffff, 0xffff, 0xffff, 0xffff, 0xffff, 0xffff, 0xffff, 0xffff, 0xffff, 0xffff,
	0xffff, 0xffff, 0xffff, 0xffff, 0xffff, 0xffff, 0xffff, 0xffff, 0xffff, 0xffff, 0xffff, 0xffff,
	0xffff, 0xffff, 0xffff, 0xffff, 0xffff, 0xffff, 0xffff, 0xffff, 0xffff, 0xffff, 0xffff, 0xffff,
	0xffff, 0xffff, 0xffff, 0xffff, 0xffff, 0xffff, 0xffff, 0xffff, 0xffff, 0xffff, 0xffff, 0xffff,
	0xffff, 0xffff, 0xffff, 0xffff, 0xffff, 0xffff, 0xffff, 0xffff, 0xffff, 0xffff, 0x9db4, 0xffff,
	0x925f, 0xffff, 0xffff, 0xffff, 0x9c4c, 0xffff, 0xffff, 0xffff, 0xffff, 0xffff, 0xffff, 0xffff,
	0xffff, 0xffff, 0xffff, 0xffff, 0xffff, 0xffff, 0xffff, 0xffff, 0xffff, 0xffff, 0xffff, 0xffff,
	0xffff, 0xffff, 0xffff, 0xffff, 0xffff, 0xffff, 0xffff, 0xffff, 0xffff, 0xffff, 0xffff, 0xffff,
	0xffff, 0xffff, 0xffff, 0xffff, 0xffff, 0x8aa1, 0xffff, 0xffff, 0xffff, 0xffff, 0xffff, 0xffff,
	0xffff, 0xffff, 0xffff, 0xffff, 0xffff, 0xffff, 0xffff, 0x8edb, 0xffff, 0xffff, 0xffff, 0xffff,
	0xffff, 0xffff, 0xffff, 0xffff, 0xffff, 0xffff, 0xffff, 0xffff, 0xffff, 0xffff, 0xffff, 0xffff,
	0xffff, 0xffff, 0xffff, 0x9c56, 0x8aa2, 0xffff, 0xffff, 0xffff, 0xffff, 0xffff, 0xffff, 0xffff,
	0xffff, 0xffff, 0xffff, 0xffff, 0xffff, 0xffff, 0xffff, 0xffff, 0xffff, 0xffff, 0xffff, 0xffff,
	0xffff, 0xffff, 0xffff, 0xffff, 0xffff, 0xffff, 0xffff, 0xffff, 0xffff, 0xffff, 0xffff, 0xffff,
	0xffff, 0xffff, 0xffff, 0xffff, 0xffff, 0xffff, 0xffff, 0xffff, 0xffff, 0xffff, 0xffff, 0x9754,
	0xffff, 0xffff, 0xffff, 0xffff, 0xffff, 0xffff, 0xffff, 0xffff, 0xffff, 0xffff, 0xffff, 0xffff,
	0xffff, 0xffff, 0xffff, 0xffff, 0xffff, 0xffff, 0xffff, 0xffff, 0xffff, 0xffff, 0xffff, 0xffff,
	0xffff, 0xffff, 0xffff, 0xffff, 0xffff, 0xffff, 0xffff, 0xffff, 0xffff, 0xffff, 0xffff, 0xffff,
	0xffff, 0xffff, 0xffff, 0xffff, 0xffff, 0xffff, 0xffff, 0xffff, 0xffff, 0xffff, 0xffff, 0xffff,
	0xffff, 0xffff, 0xffff, 0xffff, 0xffff, 0xffff, 0xffff, 0xffff, 0xffff, 0xffff, 0xffff, 0xffff,
	0xffff, 0xffff, 0xffff, 0xffff, 0xffff, 0xffff, 0xffff, 0xffff, 0xffff, 0xffff, 0xffff, 0xffff,
	0xffff, 0xffff, 0xffff, 0xffff, 0xffff, 0xffff, 0xffff, 0xffff, 0xffff, 0xffff, 0xffff, 0xffff,
	0xffff, 0xffff, 0xffff, 0x9c5e, 0xffff, 0xffff, 0xffff, 0xffff, 0xffff, 0xffff, 0xffff, 0xffff,
	0xffff, 0xffff, 0xffff, 0xffff, 0xffff, 0xffff, 0xffff, 0xffff, 0xffff, 0xffff, 0xffff, 0xffff,
	0xffff, 0xffff, 0xffff, 0xffff, 0xffff, 0x9ed4, 0x9568, 0xffff, 0xffff, 0xffff, 0xffff, 0xffff,
	0xffff, 0xffff, 0xffff, 0xffff, 0xffff, 0xffff, 0xffff, 0xffff, 0xffff, 0xffff, 0xffff, 0xffff,
	0xffff, 0xffff, 0xffff, 0xffff, 0xffff, 0xffff, 0xa0c3, 0x8ae6, 0xffff, 0xffff, 0xffff, 0xffff,
	0xffff, 0xffff, 0xffff, 0xffff, 0xffff, 0xffff, 0xffff, 0xffff, 0xffff, 0xffff, 0xffff, 0xffff,
	0xffff, 0xffff, 0xffff, 0xffff, 0xffff, 0xffff, 0xffff, 0xffff, 0xffff, 0xffff, 0xffff, 0xffff,
	0xffff, 0xffff, 0xffff, 0xffff, 0xffff, 0xffff, 0xffff, 0xffff, 0xffff, 0xffff, 0xffff, 0xffff,
	0xffff, 0xa0f7, 0xffff, 0xffff, 0xffff, 0xffff, 0xffff, 0xffff, 0xffff, 0xffff, 0xffff, 0xffff,
	0xffff, 0xffff, 0xffff, 0xffff, 0xffff, 0xffff, 0xffff, 0xffff, 0xffff, 0xffff, 0xffff, 0xffff,
	0xffff, 0x9c61, 0xffff, 0xffff, 0xffff, 0xffff, 0xffff, 0xffff, 0xffff, 0xffff, 0xffff, 0xffff,
	0xffff, 0xffff, 0xffff, 0xffff, 0xffff, 0x9c5f, 0xffff, 0xffff, 0xffff, 0xffff, 0xffff, 0xffff,
	0xffff, 0xffff, 0xffff, 0xffff, 0xffff, 0xffff, 0xffff, 0xffff, 0xffff, 0xffff, 0xffff, 0xffff,
	0xffff, 0xffff, 0xffff, 0xffff, 0xffff, 0xffff, 0xffff, 0xfc4d, 0xffff, 0x9e5b, 0xffff, 0xffff,
	0xffff, 0xffff, 0xffff, 0xffff, 0xffff, 0xffff, 0x9e69, 0xffff, 0xffff, 0xffff, 0xffff, 0xffff,
	0xffff, 0xffff, 0xffff, 0xffff, 0xffff, 0xffff, 0xffff, 0xffff, 0xffff, 0xffff, 0xffff, 0xffff,
	0xffff, 0xffff, 0xffff, 0xffff, 0xffff, 0xffff, 0xffff, 0xffff, 0xffff, 0xffff, 0xffff, 0xffff,
	0xffff, 0xffff, 0xffff, 0xffff, 0xffff, 0xffff, 0xffff, 0xffff, 0xffff, 0xffff, 0xffff, 0xffff,
	0xffff, 0xffff, 0xffff, 0xffff, 0xffff, 0xffff, 0xffff, 0xffff, 0xffff, 0xffff, 0x9c63, 0xfec7,
	0xffff, 0xffff, 0xfec6, 0xffff, 0xffff, 0xffff, 0xffff, 0xffff, 0xffff, 0xffff, 0xffff, 0xffff,
	0xffff, 0xffff, 0xffff, 0xffff, 0xffff, 0xffff, 0xffff, 0xffff, 0xffff, 0xffff, 0xffff, 0x9c67,
	0xffff, 0xffff, 0xffff, 0xffff, 0xffff, 0xffff, 0xffff, 0xffff, 0xffff, 0xffff, 0xffff, 0xffff,
	0xffff, 0xffff, 0xffff, 0xffff, 0xffff, 0xffff, 0x9c69, 0xffff, 0xffff, 0xffff, 0xffff, 0xffff,
	0xffff, 0xffff, 0xffff, 0xffff, 0xffff, 0xffff, 0xffff, 0xffff, 0xffff, 0xffff, 0xffff, 0xffff,
	0xffff, 0xffff, 0xffff, 0xffff, 0xffff, 0xffff, 0x8be2, 0xffff, 0xffff, 0xffff, 0xffff, 0xffff,
	0xffff, 0xffff, 0xffff, 0xffff, 0xffff, 0xffff, 0xffff, 0xffff, 0xffff, 0xffff, 0xffff, 0xffff,
	0xffff, 0xffff, 0xffff, 0xffff, 0xffff, 0xffff, 0xffff, 0xffff, 0xffff, 0xffff, 0xffff, 0xffff,
	0xffff, 0xffff, 0xffff, 0xffff, 0xffff, 0xffff, 0xffff, 0xffff, 0xffff, 0xffff, 0xffff, 0xffff,
	0xffff, 0xffff, 0xffff, 0xffff, 0xffff, 0xffff, 0xffff, 0xffff, 0xffff, 0xffff, 0xffff, 0xffff,
	0xffff, 0xffff, 0xffff, 0xffff, 0xffff, 0xffff, 0xffff, 0xffff, 0xffff, 0xffff, 0xffff, 0xffff,
	0xffff, 0xffff, 0xffff, 0xffff, 0xffff, 0xffff, 0xffff, 0xffff, 0xffff, 0xffff, 0xffff, 0xffff,
	0xffff, 0xffff, 0xffff, 0xffff, 0xffff, 0xffff, 0xffff, 0xffff, 0xffff, 0x9165, 0xffff, 0xffff,
	0xffff, 0xffff, 0xffff, 0xffff, 0xffff, 0xffff, 0xffff, 0xffff, 0xffff, 0xffff, 0x9ce7, 0xffff,
	0xffff, 0xffff, 0xffff, 0xffff, 0xffff, 0xffff, 0xffff, 0xffff, 0xffff, 0xffff, 0xffff, 0xffff,
	0xffff, 0xffff, 0xffff, 0xffff, 0xffff, 0xffff, 0xffff, 0xffff, 0xffff, 0xffff, 0xffff, 0xffff,
	0xffff, 0xffff, 0xffff, 0xffff, 0xffff, 0xffff, 0xffff, 0xffff, 0xffff, 0xffff, 0xffff, 0xffff,
	0xffff, 0xffff, 0xffff, 0xffff, 0xffff, 0xffff, 0xffff, 0xffff, 0xffff, 0xffff, 0xffff, 0xffff,
	0xffff, 0xffff, 0xffff, 0xffff, 0xffff, 0xffff, 0xffff, 0xffff, 0xffff, 0xffff, 0xffff, 0x8a54,
	0xffff, 0xffff, 0xffff, 0xffff, 0xffff, 0xffff, 0xffff, 0x9c6c, 0x9c6e, 0xfe5d, 0xffff, 0xffff,
	0xffff, 0xffff, 0xffff, 0x9c73, 0xffff, 0xffff, 0xffff, 0xffff, 0xffff, 0xffff, 0xffff, 0xffff,
	0xffff, 0xffff, 0xffff, 0xffff, 0xffff, 0x956a, 0xffff, 0xffff, 0xffff, 0xffff, 0xffff, 0xffff,
	0xffff, 0xffff, 0xffff, 0xffff, 0xffff, 0xffff, 0xffff, 0xffff, 0x956d, 0x8ef0, 0x8f4d, 0xffff,
	0xffff, 0xffff, 0xffff, 0x8ef6, 0xffff, 0xffff, 0xffff, 0xffff, 0xffff, 0xffff, 0xffff, 0xffff,
	0xfabc, 0xffff, 0x8cd5, 0xffff, 0xffff, 0xffff, 0xffff, 0xffff, 0xffff, 0xffff, 0xffff, 0xffff,
	0xffff, 0xffff, 0xffff, 0xffff, 0x875e, 0xffff, 0xffff, 0xffff, 0xffff, 0xfbda, 0xffff, 0xffff,
	0xffff, 0xffff, 0xffff, 0xffff, 0xffff, 0xffff, 0xffff, 0xffff, 0xffff, 0xffff, 0xffff, 0xffff,
	0xffff, 0xffff, 0xffff, 0xffff, 0xffff, 0xffff, 0xffff, 0xffff, 0xffff, 0xffff, 0xffff, 0xffff,
	0xffff, 0xffff, 0xffff, 0xffff, 0xffff, 0xffff, 0xffff, 0xffff, 0xffff, 0xffff, 0xffff, 0xffff,
	0xffff, 0x8b4c, 0xfd75, 0x9bdd, 0xfaf5, 0xffff, 0xffff, 0xffff, 0xffff, 0xffff, 0xffff, 0xffff,
	0x9c74, 0xffff, 0xffff, 0xffff, 0xffff, 0xffff, 0xffff, 0xffff, 0xffff, 0xffff, 0xffff, 0xffff,
	0xffff, 0xffff, 0xffff, 0xffff, 0xffff, 0xffff, 0xffff, 0xffff, 0xffff, 0xffff, 0xffff, 0xffff,
	0xffff, 0xffff, 0x9545, 0xffff, 0xffff, 0xffff, 0xffff, 0xffff, 0xffff, 0xffff, 0xffff, 0xffff,
	0xffff, 0xffff, 0xffff, 0x96c6, 0xffff, 0xffff, 0xffff, 0xffff, 0xffff, 0xffff, 0xffff, 0xffff,
	0xffff, 0xffff, 0xffff, 0xffff, 0xffff, 0xffff, 0xffff, 0xffff, 0xffff, 0xffff, 0xffff, 0x8f6a,
	0x8f4e, 0xffff, 0xffff, 0xffff, 0xffff, 0xffff, 0x9c78, 0xffff, 0xffff, 0xffff, 0xffff, 0xffff,
	0xffff, 0xffff, 0xffff, 0xffff, 0xffff, 0xffff, 0xffff, 0xffff, 0xffff, 0xffff, 0xffff, 0xffff,
	0xffff, 0xffff, 0xffff, 0xffff, 0xfa55, 0xffff, 0xffff, 0xffff, 0xffff, 0xffff, 0xffff, 0xffff,
	0xffff, 0xffff, 0xffff, 0xffff, 0xffff, 0x97e4, 0xffff, 0xffff, 0xffff, 0xffff, 0xffff, 0xffff,
	0xffff, 0xffff, 0xffff, 0xffff, 0xffff, 0xffff, 0xffff, 0xffff, 0xffff, 0xffff, 0xffff, 0xffff,
	0xffff, 0xffff, 0xffff, 0xffff, 0xffff, 0xffff, 0xffff, 0xffff, 0xffff, 0xffff, 0xffff, 0xffff,
	0xffff, 0xffff, 0xffff, 0xffff, 0xffff, 0xffff, 0xffff, 0xffff, 0xffff, 0xffff, 0xffff, 0xffff,
	0xffff, 0xffff, 0xffff, 0xffff, 0xffff, 0xffff, 0xffff, 0xffff, 0xffff, 0xffff, 0xffff, 0xffff,
	0x9c41, 0x925c, 0xffff, 0xffff, 0xffff, 0xffff, 0xffff, 0xffff, 0xffff, 0xffff, 0xffff, 0xffff,
	0xffff, 0xffff, 0xffff, 0xffff, 0xffff, 0xffff, 0xffff, 0xffff, 0xffff, 0xffff, 0xffff, 0xffff,
	0xffff, 0xffff, 0xffff, 0xffff, 0xffff, 0xffff, 0xffff, 0xffff, 0x96fa, 0x8cf6, 0xffff, 0xffff,
	0xffff, 0xffff, 0x8d4d, 0xffff, 0xffff, 0xffff, 0xffff, 0xffff, 0xffff, 0xffff, 0xffff, 0xffff,
	0xffff, 0xffff, 0xffff, 0xffff, 0xffff, 0xffff, 0xffff, 0xffff, 0xffff, 0xffff, 0xffff, 0xffff,
	0xffff, 0xffff, 0xffff, 0xffff, 0xffff, 0xffff, 0xffff, 0xffff, 0xffff, 0xffff, 0xffff, 0xffff,
	0xffff, 0xffff, 0xffff, 0xffff, 0xffff, 0xffff, 0xffff, 0xffff, 0xffff, 0xffff, 0xffff, 0xffff,
	0xffff, 0xffff, 0xffff, 0xffff, 0xffff, 0xffff, 0xffff, 0xffff, 0xffff, 0xffff, 0xfb66, 0x8e65,
	0x9849, 0xfba8, 0x9842, 0xffff, 0xffff, 0xffff, 0xffff, 0xffff, 0xffff, 0xffff, 0xffff, 0xffff,
	0xffff, 0xffff, 0xffff, 0xffff, 0xffff, 0xffff, 0xffff, 0xffff, 0xffff, 0xffff, 0xffff, 0xffff,
	0xffff, 0xffff, 0xffff, 0xffff, 0xffff, 0xffff, 0xffff, 0xffff, 0xffff, 0xffff, 0xffff, 0xffff,
	0x9c7a, 0xffff, 0xffff, 0xffff, 0xffff, 0xffff, 0xffff, 0xffff, 0xffff, 0xffff, 0xffff, 0xffff,
	0xffff, 0xffff, 0xffff, 0xffff, 0xffff, 0xffff, 0xffff, 0x97fb, 0x90ca, 0xffff, 0xffff, 0xffff,
	0xffff, 0x9c5b, 0xffff, 0xffff, 0x974d, 0xffff, 0xffff, 0x8ed3, 0xffff, 0xffff, 0xffff, 0xffff,
	0xffff, 0xffff, 0xffff, 0xffff, 0xffff, 0xffff, 0xffff, 0xffff, 0xffff, 0x9561, 0x9f4b, 0x9fb5,
	0x93d2, 0xfdaa, 0x9840, 0x9146, 0x9867, 0xfa5a, 0xfba9, 0xffff, 0xffff, 0xffff, 0xffff, 0xffff,
	0xffff, 0xffff, 0xffff, 0xffff, 0xffff, 0xffff, 0xffff, 0xffff, 0xffff, 0xffff, 0xffff, 0xffff,
	0xffff, 0xffff, 0xffff, 0xffff, 0xffff, 0xffff, 0xffff, 0xffff, 0xffff, 0xffff, 0xffff, 0xffff,
	0xffff, 0xffff, 0xffff, 0xffff, 0xffff, 0xffff, 0xffff, 0xffff, 0xffff, 0x9841, 0xffff, 0xffff,
	0xffff, 0xffff, 0xffff, 0xffff, 0xffff, 0xffff, 0xffff, 0xffff, 0xffff, 0xffff, 0xffff, 0xffff,
	0xffff, 0xffff, 0xffff, 0xffff, 0xffff, 0xffff, 0xffff, 0xffff, 0xffff, 0xffff, 0xffff, 0xffff,
	0xffff, 0xffff, 0xffff, 0xffff, 0xffff, 0xffff, 0xffff, 0xffff, 0x8cd3, 0xffff, 0xffff, 0xffff,
	0xffff, 0xffff, 0xffff, 0xffff, 0xffff, 0xffff, 0xffff, 0xffff, 0xffff, 0xffff, 0xffff, 0xffff,
	0xffff, 0xffff, 0xffff, 0xffff, 0xffff, 0xffff, 0xffff, 0xffff, 0xffff, 0xffff, 0xffff, 0xffff,
	0xffff, 0xffff, 0xffff, 0xffff, 0xffff, 0xffff, 0xffff, 0xffff, 0xffff, 0xffff, 0xffff, 0xffff,
	0xffff, 0xffff, 0xffff, 0xffff, 0xfcfd, 0xfdab, 0x91bd, 0x8f4c, 0x96c9, 0x8f55, 0xfbae, 0x956f,
	0xffff, 0xffff, 0xffff, 0xffff, 0xffff, 0xffff, 0x9c7d, 0xffff, 0xffff, 0xffff, 0xffff, 0xffff,
	0xffff, 0xffff, 0xffff, 0xffff, 0xffff, 0xffff, 0xffff, 0xffff, 0xffff, 0xffff, 0xffff, 0xffff,
	0xffff, 0xffff, 0xffff, 0xffff, 0xffff, 0xffff, 0xffff, 0xffff, 0xffff, 0xffff, 0xffff, 0xffff,
	0xffff, 0xffff, 0xffff, 0xffff, 0xffff, 0xffff, 0xffff, 0xffff, 0xffff, 0xffff, 0xffff, 0xffff,
	0xffff, 0xffff, 0xffff, 0xffff, 0xa0f0, 0xffff, 0xffff, 0xffff, 0xffff, 0xffff, 0xffff, 0xffff,
	0xffff, 0xffff, 0xffff, 0xffff, 0xffff, 0xffff, 0x946f, 0xfdac, 0xffff, 0xffff, 0xffff, 0xffff,
	0x96cb, 0x96ce, 0xffff, 0xffff, 0xffff, 0xffff, 0xa056, 0xffff, 0x9ce1, 0xffff, 0xffff, 0xffff,
	0xffff, 0xffff, 0xffff, 0xffff, 0xffff, 0xffff, 0xffff, 0x96c4, 0xffff, 0xffff, 0xffff, 0xffff,
	0xffff, 0xffff, 0xffff, 0xffff, 0xffff, 0xffff, 0xffff, 0xffff, 0xffff, 0xffff, 0xffff, 0xffff,
	0xffff, 0xffff, 0xffff, 0xffff, 0xffff, 0xffff, 0xffff, 0xffff, 0xffff, 0xffff, 0xffff, 0xffff,
	0xffff, 0xffff, 0xffff, 0xffff, 0xffff, 0xffff, 0xffff, 0xffff, 0xffff, 0xffff, 0xffff, 0xffff,
	0xffff, 0xffff, 0xffff, 0xffff, 0xffff, 0xffff, 0xffff, 0x8f5e, 0x8f6c, 0x8ea3, 0xfbb3, 0xffff,
	0xffff, 0xffff, 0xffff, 0xffff, 0xffff, 0xffff, 0xffff, 0xffff, 0xffff, 0xffff, 0xffff, 0xffff,
	0xffff, 0xffff, 0xffff, 0xffff, 0xffff, 0xffff, 0xffff, 0xffff, 0xffff, 0xffff, 0xffff, 0xffff,
	0xffff, 0xffff, 0xffff, 0xffff, 0xffff, 0xffff, 0xffff, 0xffff, 0xffff, 0xffff, 0xffff, 0xffff,
	0xffff, 0xffff, 0xffff, 0xfc53, 0xffff, 0xffff, 0xffff, 0xfdb3, 0xffff, 0xffff, 0xffff, 0xffff,
	0x8f6b, 0xffff, 0xffff, 0xffff, 0xffff, 0xffff, 0xffff, 0xffff, 0xffff, 0xffff, 0xffff, 0xffff,
	0xffff, 0x96ca, 0xffff, 0xffff, 0xffff, 0xffff, 0xffff, 0xffff, 0x8753, 0xffff, 0xffff, 0xffff,
	0xffff, 0xffff, 0xffff, 0xffff, 0xffff, 0xffff, 0xffff, 0xffff, 0xffff, 0xffff, 0x8f79, 0xffff,
	0xffff, 0xffff, 0xffff, 0xffff, 0xffff, 0xffff, 0xffff, 0xffff, 0xffff, 0xffff, 0xffff, 0xffff,
	0xffff, 0xffff, 0xffff, 0xffff, 0xffff, 0xffff, 0xffff, 0xffff, 0xffff, 0xffff, 0xffff, 0xffff,
	0xffff, 0xffff, 0xffff, 0xffff, 0xffff, 0xffff, 0xffff, 0xffff, 0xffff, 0xffff, 0xffff, 0xffff,
	0xffff, 0xffff, 0xffff, 0xffff, 0xffff, 0xffff, 0xffff, 0xffff, 0xffff, 0xffff, 0xffff, 0xffff,
	0xffff, 0xffff, 0xffff, 0xffff, 0xffff, 0x9e6f, 0xa0c5, 0xfc78, 0x8e42, 0x8f5a, 0x90c2, 0x8ea5,
	0x9061, 0x924f, 0xffff, 0xffff, 0xffff, 0xffff, 0xffff, 0xffff, 0xffff, 0xffff, 0xffff, 0xffff,
	0xffff, 0xffff, 0xffff, 0xffff, 0xffff, 0xffff, 0xffff, 0xffff, 0xffff, 0xffff, 0xffff, 0xffff,
	0xffff, 0xffff, 0xffff, 0xffff, 0xffff, 0xffff, 0xffff, 0xffff, 0xffff, 0xffff, 0xffff, 0xffff,
	0xffff, 0xffff, 0xffff, 0xffff, 0xffff, 0xffff, 0xffff, 0xffff, 0xffff, 0xffff, 0xffff, 0xffff,
	0xffff, 0xffff, 0xffff, 0xffff, 0xffff, 0xffff, 0xffff, 0xffff, 0xffff, 0xffff, 0xffff, 0xffff,
	0xffff, 0xffff, 0xffff, 0xffff, 0xffff, 0xffff, 0xffff, 0xffff, 0xffff, 0xffff, 0xffff, 0xffff,
	0xffff, 0xffff, 0xffff, 0xffff, 0xffff, 0xffff, 0x9373, 0xfdb5, 0xffff, 0xffff, 0xffff, 0xffff,
	0xffff, 0xffff, 0xffff, 0xffff, 0xffff, 0xffff, 0xffff, 0xffff, 0xffff, 0xffff, 0xffff, 0xffff,
	0xffff, 0xffff, 0xffff, 0xffff, 0xffff, 0xffff, 0xffff, 0xffff, 0xffff, 0xffff, 0xffff, 0xffff,
	0xffff, 0xffff, 0xffff, 0xffff, 0xffff, 0xffff, 0xffff, 0xffff, 0xffff, 0xffff, 0xffff, 0xffff,
	0xffff, 0xffff, 0xfecc, 0xffff, 0xfbbd, 0xffff, 0xffff, 0xffff, 0xffff, 0xffff, 0xffff, 0xffff,
	0xffff, 0xffff, 0xffff, 0xffff, 0xffff, 0xffff, 0xffff, 0xffff, 0xffff, 0xffff, 0xffff, 0xffff,
	0xffff, 0xffff, 0xffff, 0xffff, 0xffff, 0xffff, 0xffff, 0xffff, 0xffff, 0x8cd6, 0xffff, 0xffff,
	0xffff, 0xffff, 0xffff, 0xffff, 0xffff, 0xffff, 0xffff, 0xffff, 0xffff, 0xffff, 0xffff, 0xffff,
	0xffff, 0xffff, 0xffff, 0xffff, 0xffff, 0xffff, 0xffff, 0xffff, 0xffff, 0xffff, 0xffff, 0xffff,
	0xffff, 0xffff, 0xffff, 0xffff, 0xffff, 0x9843, 0x96c5, 0x89bc, 0xffff, 0xffff, 0xffff, 0xffff,
	0xffff, 0xffff, 0xffff, 0xffff, 0xffff, 0xffff, 0xffff, 0xffff, 0xffff, 0xffff, 0xffff, 0xffff,
	0xffff, 0xffff, 0xffff, 0xffff, 0xffff, 0xffff, 0xffff, 0xffff, 0xffff, 0xffff, 0xffff, 0xffff,
	0xffff, 0xffff, 0xffff, 0xffff, 0xffff, 0xffff, 0xffff, 0xffff, 0xffff, 0xffff, 0xffff, 0xffff,
	0xffff, 0xffff, 0xffff, 0xffff, 0xffff, 0xffff, 0xffff, 0xffff, 0xffff, 0xffff, 0xffff, 0xffff,
	0xffff, 0xffff, 0xffff, 0xffff, 0xffff, 0xffff, 0xffff, 0xffff, 0x9ca3, 0xffff, 0xffff, 0xffff,
	0xffff, 0xffff, 0xffff, 0x924b, 0x984a, 0xffff, 0xffff, 0xffff, 0xffff, 0xffff, 0xffff, 0xffff,
	0xffff, 0xffff, 0xffff, 0xffff, 0xffff, 0xffff, 0xffff, 0xffff, 0xffff, 0xffff, 0xffff, 0xffff,
	0xffff, 0xffff, 0xffff, 0xffff, 0xffff, 0xffff, 0xffff, 0xffff, 0xffff, 0xffff, 0xffff, 0xffff,
	0xffff, 0xffff, 0xffff, 0xffff, 0xffff, 0xffff, 0xffff, 0xffff, 0xffff, 0xffff, 0xffff, 0xffff,
	0xffff, 0xffff, 0xffff, 0xffff, 0xffff, 0xffff, 0xffff, 0xffff, 0xffff, 0x8fa4, 0xffff, 0xffff,
	0xffff, 0xffff, 0xffff, 0xffff, 0xffff, 0xffff, 0xffff, 0xffff, 0xffff, 0xffff, 0xffff, 0xffff,
	0xffff, 0xffff, 0xffff, 0xffff, 0xffff, 0xffff, 0xffff, 0xffff, 0xffff, 0xffff, 0xffff, 0xffff,
	0xffff, 0xffff, 0xffff, 0xffff, 0xffff, 0xffff, 0xffff, 0xffff, 0xffff, 0xffff, 0xa0f1, 0x9efb,
	0x9cd2, 0xffff, 0xffff, 0xffff, 0xffff, 0xffff, 0xffff, 0xffff, 0xffff, 0xffff, 0xffff, 0xffff,
	0xffff, 0xffff, 0xffff, 0xffff, 0xffff, 0xffff, 0xffff, 0xffff, 0xffff, 0xffff, 0xffff, 0xffff,
	0xffff, 0xffff, 0xffff, 0xffff, 0xffff, 0xffff, 0x8fa7, 0xffff, 0xffff, 0xffff, 0xffff, 0x8754,
	0xffff, 0xffff, 0xffff, 0xffff, 0xffff, 0xffff, 0xffff, 0xffff, 0xffff, 0xffff, 0xffff, 0xffff,
	0xffff, 0xffff, 0xffff, 0xffff, 0xffff, 0xffff, 0xffff, 0xffff, 0xffff, 0xffff, 0xffff, 0xffff,
	0xffff, 0xffff, 0xffff, 0xffff, 0xffff, 0xffff, 0xffff, 0xffff, 0xffff, 0xffff, 0xffff, 0xffff,
	0xffff, 0xfc5c, 0x9845, 0xffff, 0xffff, 0x9046, 0x8cd1, 0xffff, 0xffff, 0xffff, 0xffff, 0xffff,
	0xffff, 0xffff, 0xffff, 0xffff, 0xffff, 0xffff, 0xffff, 0xffff, 0xffff, 0xffff, 0xffff, 0xffff,
	0xffff, 0xffff, 0xffff, 0xffff, 0xffff, 0xffff, 0xffff, 0xfefa, 0x9560, 0xffff, 0xffff, 0xffff,
	0xffff, 0xffff, 0xffff, 0xffff, 0xffff, 0xffff, 0xffff, 0xffff, 0xffff, 0xffff, 0xffff, 0xffff,
	0xffff, 0xffff, 0xffff, 0xffff, 0xffff, 0xffff, 0xffff, 0xffff, 0xffff, 0xffff, 0xffff, 0xffff,
	0xffff, 0xffff, 0xffff, 0xffff, 0xffff, 0xffff, 0xffff, 0xffff, 0xffff, 0xffff, 0xffff, 0xffff,
	0xffff, 0xffff, 0xffff, 0xffff, 0xffff, 0xffff, 0xffff, 0xffff, 0xffff, 0xffff, 0xffff, 0xffff,
	0xffff, 0xffff, 0xffff, 0xffff, 0xffff, 0xffff, 0xffff, 0xffff, 0xffff, 0x9f48, 0x9247, 0xffff,
	0xffff, 0xffff, 0xffff, 0xffff, 0xffff, 0xffff, 0xffff, 0xffff, 0xffff, 0xffff, 0xffff, 0xffff,
	0xffff, 0xffff, 0x90fb, 0xffff, 0xffff, 0xffff, 0xffff, 0xffff, 0xffff, 0xffff, 0xffff, 0xffff,
	0xffff, 0xffff, 0xffff, 0xffff, 0xffff, 0xffff, 0xffff, 0xffff, 0xffff, 0xffff, 0xffff, 0xffff,
	0xffff, 0xffff, 0xffff, 0xffff, 0xffff, 0xffff, 0xffff, 0xffff, 0xffff, 0xffff, 0xffff, 0xffff,
	0xffff, 0xffff, 0xffff, 0xffff, 0xffff, 0xffff, 0xffff, 0xffff, 0xffff, 0xffff, 0xffff, 0xffff,
	0xffff, 0xffff, 0xffff, 0xffff, 0xffff, 0xffff, 0xffff, 0xffff, 0xffff, 0xffff, 0xffff, 0xffff,
	0xffff, 0xffff, 0xffff, 0xffff, 0xffff, 0xffff, 0xffff, 0xffff, 0xffff, 0xffff, 0xffff, 0xffff,
	0xffff, 0xffff, 0xffff, 0xffff, 0xffff, 0xffff, 0xffff, 0xffff, 0xffff, 0xffff, 0xffff, 0xffff,
	0xffff, 0xffff, 0xffff, 0xffff, 0xffff, 0xffff, 0x9ca4, 0x9571, 0xffff, 0xffff, 0xffff, 0xffff,
	0xffff, 0xffff, 0xffff, 0xffff, 0xffff, 0xffff, 0xffff, 0xffff, 0xffff, 0xffff, 0xffff, 0xffff,
	0xffff, 0xffff, 0xffff, 0xffff, 0xffff, 0xffff, 0xffff, 0xffff, 0xffff, 0xffff, 0xffff, 0xffff,
	0xffff, 0xffff, 0xffff, 0xffff, 0xffff, 0xffff, 0xffff, 0xffff, 0xffff, 0xffff, 0xffff, 0xffff,
	0xffff, 0xffff, 0xffff, 0xffff, 0xffff, 0xffff, 0xffff, 0xffff, 0xffff, 0xffff, 0xffff, 0xffff,
	0xffff, 0xffff, 0xffff, 0xffff, 0xffff, 0xffff, 0xffff, 0xffff, 0xffff, 0xffff, 0xffff, 0xffff,
	0xffff, 0xffff, 0xffff, 0xffff, 0xffff, 0xffff, 0xffff, 0xffff, 0xffff, 0xffff, 0xffff, 0x8745,
	0xffff, 0xffff, 0xffff, 0xffff, 0xffff, 0xffff, 0xffff, 0xffff, 0xffff, 0xffff, 0xffff, 0xffff,
	0xffff, 0xffff, 0xffff, 0xffff, 0xffff, 0xffff, 0xffff, 0xffff, 0xffff, 0xffff, 0xffff, 0xffff,
	0x9ca6, 0xffff, 0xffff, 0xffff, 0xffff, 0x9ca7, 0xffff, 0xffff, 0xffff, 0xffff, 0xffff, 0x9caa,
	0xffff, 0xffff, 0xffff, 0xffff, 0xffff, 0xffff, 0xffff, 0xffff, 0xffff, 0xffff, 0xffff, 0xffff,
	0xffff, 0xffff, 0xffff, 0xffff, 0xffff, 0xffff, 0xffff, 0xffff, 0xffff, 0xffff, 0xffff, 0xffff,
	0xffff, 0xffff, 0xffff, 0xffff, 0xffff, 0xffff, 0xffff, 0xffff, 0xffff, 0xffff, 0xffff, 0xffff,
	0xffff, 0xffff, 0x9ed3, 0xffff, 0xffff, 0xffff, 0x9e70, 0xffff, 0xffff, 0xffff, 0xffff, 0xffff,
	0xffff, 0xffff, 0xffff, 0xffff, 0xffff, 0xffff, 0xffff, 0xffff, 0xffff, 0xffff, 0xffff, 0xffff,
	0xffff, 0xffff, 0xffff, 0xffff, 0xffff, 0xffff, 0xffff, 0xffff, 0xffff, 0xffff, 0xffff, 0xffff,
	0xffff, 0xffff, 0xffff, 0xffff, 0xffff, 0xffff, 0xffff, 0xffff, 0xffff, 0xffff, 0xffff, 0xffff,
	0xffff, 0xffff, 0xffff, 0xffff, 0xffff, 0xffff, 0x9cac, 0x8752, 0xffff, 0xffff, 0xffff, 0xffff,
	0xffff, 0xffff, 0xffff, 0xffff, 0xffff, 0xffff, 0xffff, 0xffff, 0xffff, 0xffff, 0xffff, 0xffff,
	0xffff, 0xffff, 0xffff, 0xffff, 0xffff, 0xffff, 0xffff, 0xffff, 0xffff, 0xffff, 0xffff, 0xffff,
	0xffff, 0xffff, 0xffff, 0xffff, 0xffff, 0xffff, 0xffff, 0xffff, 0xffff, 0xffff, 0xffff, 0xffff,
	0xffff, 0xffff, 0xffff, 0xffff, 0xffff, 0xffff, 0xffff, 0xffff, 0xffff, 0xffff, 0xffff, 0xffff,
	0xffff, 0xffff, 0xffff, 0xffff, 0xffff, 0xffff, 0xffff, 0xffff, 0xffff, 0xffff, 0xffff, 0xffff,
	0xffff, 0xffff, 0xffff, 0xffff, 0xffff, 0xffff, 0xffff, 0x8fae, 0xffff, 0xffff, 0xffff, 0xffff,
	0xffff, 0xffff, 0xffff, 0xffff, 0xffff, 0xffff, 0xffff, 0xffff, 0xffff, 0xffff, 0xffff, 0xffff,
	0xffff, 0xffff, 0xffff, 0xffff, 0xffff, 0xffff, 0xffff, 0xffff, 0xffff, 0xffff, 0xffff, 0xffff,
	0xffff, 0xffff, 0xffff, 0xffff, 0xffff, 0xffff, 0xffff, 0xffff, 0xffff, 0xffff, 0xffff, 0xffff,
	0xffff, 0xffff, 0xffff, 0xffff, 0xffff, 0xffff, 0xffff, 0xffff, 0xffff, 0xffff, 0xffff, 0xffff,
	0xffff, 0xffff, 0xffff, 0xffff, 0xffff, 0xffff, 0xffff, 0xffff, 0xffff, 0xffff, 0xffff, 0xffff,
	0xffff, 0xffff, 0xffff, 0xffff, 0xffff, 0xffff, 0xffff, 0xffff, 0xffff, 0xffff, 0xffff, 0xffff,
	0xffff, 0xffff, 0xffff, 0xffff, 0xffff, 0xffff, 0xffff, 0xffff, 0xffff, 0xffff, 0xffff, 0xffff,
	0xffff, 0xffff, 0xffff, 0xffff, 0xffff, 0xffff, 0xffff, 0xffff, 0xffff, 0xffff, 0xffff, 0xffff,
	0x8d50, 0x957d, 0xffff, 0xffff, 0xffff, 0xffff, 0xffff, 0xffff, 0xffff, 0xffff, 0xffff, 0xffff,
	0xffff, 0xffff, 0xffff, 0xffff, 0xffff, 0xffff, 0xffff, 0xffff, 0xffff, 0xffff, 0xffff, 0xffff,
	0xffff, 0xffff, 0xffff, 0xffff, 0xffff, 0xffff, 0xffff, 0xffff, 0xffff, 0xffff, 0xffff, 0xffff,
	0xffff, 0xffff, 0xffff, 0xffff, 0xffff, 0xffff, 0xffff, 0xffff, 0xffff, 0xffff, 0xffff, 0x9cb0,
	0xffff, 0xffff, 0xffff, 0xffff, 0xffff, 0xffff, 0xffff, 0xffff, 0xffff, 0xffff, 0xffff, 0xffff,
	0xffff, 0xffff, 0xffff, 0xffff, 0xffff, 0xffff, 0xffff, 0xffff, 0xffff, 0xffff, 0xffff, 0xffff,
	0xffff, 0xffff, 0xffff, 0xffff, 0xffff, 0xffff, 0xffff, 0xffff, 0xffff, 0xffff, 0xffff, 0xffff,
	0xffff, 0xffff, 0xffff, 0xffff, 0xffff, 0xffff, 0xffff, 0xffff, 0xffff, 0xffff, 0xffff, 0xffff,
	0xffff, 0xffff, 0xffff, 0x97b6, 0xffff, 0xa0bd, 0x8adf, 0xffff, 0xffff, 0xffff, 0xffff, 0xffff,
	0xffff, 0xffff, 0xffff, 0xffff, 0xffff, 0xffff, 0xffff, 0xffff, 0xffff, 0xffff, 0xffff, 0xffff,
	0xffff, 0xffff, 0xffff, 0xffff, 0xffff, 0xffff, 0xffff, 0xffff, 0xffff, 0xffff, 0xffff, 0xffff,
	0xffff, 0xffff, 0xffff, 0xffff, 0xffff, 0xffff, 0xffff, 0xffff, 0xffff, 0xffff, 0xffff, 0xffff,
	0xffff, 0xffff, 0xffff, 0xffff, 0xffff, 0x9eaa, 0xffff, 0xffff, 0xffff, 0xffff, 0xffff, 0xffff,
	0xffff, 0xffff, 0xffff, 0xffff, 0xffff, 0xffff, 0xffff, 0xffff, 0xffff, 0xffff, 0xffff, 0xffff,
	0xffff, 0xffff, 0xffff, 0xffff, 0xffff, 0xffff, 0xffff, 0xffff, 0xffff, 0xffff, 0xffff, 0xffff,
	0xffff, 0xffff, 0xffff, 0xffff, 0xffff, 0xffff, 0xffff, 0xffff, 0xffff, 0xffff, 0xffff, 0xffff,
	0xffff, 0xffff, 0xffff, 0xffff, 0xffff, 0xffff, 0xffff, 0xffff, 0xffff, 0xffff, 0xffff, 0xffff,
	0xffff, 0xffff, 0xffff, 0xffff, 0xffff, 0xffff, 0x8fbd, 0xffff, 0xffff, 0xffff, 0x8fbf, 0xffff,
	0xffff, 0xffff, 0xffff, 0xffff, 0xffff, 0xffff, 0xffff, 0xffff, 0xffff, 0xffff, 0xffff, 0xffff,
	0xffff, 0xffff, 0xffff, 0xffff, 0xffff, 0xffff, 0xffff, 0xffff, 0xffff, 0xffff, 0xffff, 0x9369,
	0x9ba7, 0xc8a4, 0xffff, 0xffff, 0xffff, 0xffff, 0xfeea, 0xffff, 0xffff, 0xffff, 0xffff, 0xffff,
	0xffff, 0xffff, 0xffff, 0xffff, 0xffff, 0xffff, 0xffff, 0xffff, 0xffff, 0xffff, 0xffff, 0xffff,
	0xffff, 0xffff, 0xffff, 0xffff, 0xffff, 0xffff, 0xffff, 0xffff, 0xffff, 0xffff, 0xffff, 0xffff,
	0xffff, 0xffff, 0xffff, 0xffff, 0xffff, 0xffff, 0xffff, 0xffff, 0x9be1, 0xffff, 0xffff, 0xffff,
	0xffff, 0xffff, 0xffff, 0x8b41, 0xffff, 0xffff, 0xffff, 0xffff, 0xffff, 0xffff, 0xffff, 0xffff,
	0xffff, 0xffff, 0xffff, 0xffff, 0xffff, 0xffff, 0xffff, 0xffff, 0xffff, 0xffff, 0xffff, 0xffff,
	0xffff, 0xffff, 0xffff, 0xffff, 0xffff, 0xffff, 0xffff, 0x9db6, 0xa0eb, 0x9ba3, 0xffff, 0xffff,
	0xffff, 0xffff, 0xffff, 0xffff, 0xffff, 0xffff, 0xffff, 0xffff, 0xffff, 0xffff, 0xffff, 0xffff,
	0xffff, 0xffff, 0xffff, 0xffff, 0xffff, 0xffff, 0xffff, 0xffff, 0xffff, 0xffff, 0xffff, 0xffff,
	0xffff, 0xffff, 0xffff, 0xffff, 0xffff, 0xffff, 0xffff, 0xffff, 0xffff, 0xffff, 0xffff, 0xffff,
	0xffff, 0xffff, 0xffff, 0xffff, 0xffff, 0xffff, 0xffff, 0xffff, 0xffff, 0xffff, 0xffff, 0xffff,
	0xffff, 0xffff, 0xffff, 0xffff, 0xffff, 0xffff, 0xffff, 0xffff, 0xffff, 0xffff, 0x8ba1, 0x8fc8,
	0xffff, 0xffff, 0xffff, 0xffff, 0xffff, 0xffff, 0xffff, 0xffff, 0xffff, 0xffff, 0xffff, 0xffff,
	0xffff, 0xffff, 0xffff, 0xffff, 0xffff, 0xffff, 0xffff, 0xffff, 0xffff, 0xffff, 0xffff, 0xffff,
	0xffff, 0xffff, 0xffff, 0xffff, 0xffff, 0xffff, 0xffff, 0xffff, 0xffff, 0xffff, 0xffff, 0xffff,
	0xffff, 0x894c, 0x9860, 0xffff, 0xffff, 0xffff, 0xffff, 0xffff, 0xffff, 0xffff, 0xffff, 0xffff,
	0xffff, 0x94c7, 0xffff, 0xffff, 0xffff, 0xffff, 0xffff, 0xffff, 0xffff, 0xffff, 0xffff, 0xffff,
	0xffff, 0xffff, 0xffff, 0xffff, 0xffff, 0xffff, 0xffff, 0xffff, 0xffff, 0xffff, 0xffff, 0xffff,
	0xffff, 0xffff, 0xffff, 0xffff, 0xffff, 0xffff, 0x8b58, 0xffff, 0xffff, 0xffff, 0xffff, 0xffff,
	0xffff, 0xffff, 0xffff, 0xffff, 0xffff, 0xffff, 0xffff, 0xffff, 0xffff, 0xffff, 0xffff, 0xffff,
	0xffff, 0xffff, 0xffff, 0xffff, 0xffff, 0xffff, 0xffff, 0xffff, 0xffff, 0xffff, 0xffff, 0xffff,
	0xffff, 0xffff, 0xffff, 0xffff, 0xffff, 0xffff, 0xffff, 0xffff, 0x95ab, 0x95aa, 0xffff, 0xffff,
	0xffff, 0xffff, 0xffff, 0xffff, 0xffff, 0xffff, 0xffff, 0xffff, 0xffff, 0xffff, 0xffff, 0xffff,
	0xffff, 0xffff, 0xffff, 0xffff, 0xffff, 0xffff, 0xffff, 0xffff, 0xffff, 0xffff, 0xffff, 0xffff,
	0xffff, 0xffff, 0xffff, 0xffff, 0xffff, 0xffff, 0xffff, 0xffff, 0xffff, 0xffff, 0xffff, 0xffff,
	0xffff, 0xffff, 0xffff, 0xffff, 0xffff, 0xffff, 0xffff, 0xffff, 0xffff, 0xffff, 0xffff, 0xffff,
	0xffff, 0xffff, 0xffff, 0xffff, 0xffff, 0xffff, 0xffff, 0xffff, 0xffff, 0xffff, 0xffff, 0xffff,
	0xffff, 0xffff, 0xffff, 0xffff, 0xffff, 0xffff, 0xffff, 0xffff, 0x9cc3, 0x9cc4, 0xffff, 0xffff,
	0xffff, 0xffff, 0xffff, 0xffff, 0xffff, 0xffff, 0xffff, 0xffff, 0xffff, 0xffff, 0xffff, 0xffff,
	0xffff, 0xffff, 0xffff, 0xffff, 0xffff, 0xffff, 0xffff, 0xffff, 0xffff, 0x93d6, 0xffff, 0xffff,
	0xffff, 0xffff, 0xffff, 0xffff, 0xffff, 0xffff, 0xffff, 0xffff, 0xffff, 0xffff, 0xffff, 0xffff,
	0xffff, 0xffff, 0xffff, 0xffff, 0xffff, 0xffff, 0xffff, 0xffff, 0xffff, 0xffff, 0xffff, 0xffff,
	0xffff, 0xffff, 0xffff, 0xffff, 0xffff, 0xffff, 0xffff, 0xffff, 0xffff, 0xffff, 0xffff, 0xffff,
	0xffff, 0xffff, 0xffff, 0xffff, 0xffff, 0xffff, 0x9dac, 0xffff, 0xffff, 0xffff, 0xffff, 0xffff,
	0xffff, 0xffff, 0xffff, 0xffff, 0xffff, 0xffff, 0xffff, 0xffff, 0xffff, 0xffff, 0xffff, 0xffff,
	0xffff, 0xffff, 0xffff, 0x8be6, 0xffff, 0xffff, 0xffff, 0xffff, 0xffff, 0xffff, 0xffff, 0xffff,
	0xffff, 0xffff, 0xffff, 0xffff, 0xffff, 0xffff, 0xffff, 0xffff, 0xffff, 0xffff, 0xffff, 0xffff,
	0xffff, 0x8a71, 0x8fd1, 0xffff, 0xffff, 0xffff, 0xffff, 0xffff, 0xffff, 0xffff, 0xffff, 0xffff,
	0xffff, 0xffff, 0xffff, 0xffff, 0xffff, 0xffff, 0xffff, 0xffff, 0xffff, 0xffff, 0xffff, 0xffff,
	0xffff, 0xffff, 0xffff, 0xffff, 0xffff, 0xffff, 0xffff, 0xffff, 0xffff, 0xffff, 0xffff, 0xffff,
	0xffff, 0xffff, 0xffff, 0xffff, 0xffff, 0xffff, 0xffff, 0xffff, 0xffff, 0xffff, 0xffff, 0xffff,
	0xffff, 0xffff, 0xffff, 0xffff, 0xffff, 0xffff, 0xffff, 0xffff, 0xffff, 0xffff, 0xffff, 0xffff,
	0xffff, 0xffff, 0xffff, 0xffff, 0xffff, 0xffff, 0xffff, 0xffff, 0xffff, 0x99d5, 0xffff, 0xffff,
	0xffff, 0xffff, 0xffff, 0xffff, 0xffff, 0xffff, 0xffff, 0xffff, 0xffff, 0xffff, 0xffff, 0xffff,
	0xffff, 0xffff, 0xffff, 0xffff, 0x90f4, 0xffff, 0xffff, 0xffff, 0xffff, 0xffff, 0xffff, 0xffff,
	0xffff, 0xffff, 0xffff, 0xffff, 0xffff, 0xffff, 0xffff, 0xffff, 0xffff, 0xffff, 0xffff, 0xffff,
	0xffff, 0xffff, 0xffff, 0xffff, 0xffff, 0xffff, 0xffff, 0xffff, 0xffff, 0xffff, 0xffff, 0xffff,
	0xffff, 0xffff, 0xffff, 0xffff, 0xffff, 0xffff, 0x8aa3, 0xffff, 0xffff, 0xffff, 0xffff, 0xffff,
	0xffff, 0xffff, 0xffff, 0xffff, 0xffff, 0xffff, 0xffff, 0xffff, 0xffff, 0xffff, 0xffff, 0xffff,
	0xffff, 0xffff, 0xffff, 0xffff, 0xffff, 0xffff, 0xffff, 0xffff, 0xffff, 0xffff, 0xffff, 0xffff,
	0xffff, 0xffff, 0xffff, 0xffff, 0xffff, 0xffff, 0xffff, 0xffff, 0xffff, 0xffff, 0xffff, 0xffff,
	0xffff, 0xffff, 0xffff, 0xffff, 0xffff, 0xffff, 0xffff, 0xffff, 0xffff, 0xffff, 0xffff, 0xffff,
	0xffff, 0xffff, 0xffff, 0xffff, 0xffff, 0xffff, 0xffff, 0x9cce, 0xffff, 0xffff, 0xffff, 0xffff,
	0xffff, 0xffff, 0xffff, 0xffff, 0xffff, 0xffff, 0xffff, 0xffff, 0xffff, 0xffff, 0xffff, 0xffff,
	0xffff, 0xffff, 0xffff, 0xffff, 0xffff, 0xffff, 0xffff, 0xffff, 0xffff, 0xffff, 0xffff, 0xffff,
	0xffff, 0xffff, 0xffff, 0x9cd4, 0x9cd5, 0xffff, 0xffff, 0xffff, 0xfbc8, 0xffff, 0xffff, 0xffff,
	0xffff, 0xffff, 0xffff, 0xffff, 0xffff, 0xffff, 0xffff, 0xffff, 0xffff, 0xffff, 0xffff, 0xffff,
	0xffff, 0xffff, 0xffff, 0xffff, 0xffff, 0xffff, 0xffff, 0xffff, 0xffff, 0xffff, 0xffff, 0xffff,
	0xffff, 0xffff, 0xffff, 0xffff, 0xffff, 0xffff, 0xffff, 0xffff, 0xffff, 0xffff, 0xffff, 0xffff,
	0xffff, 0xffff, 0xffff, 0xffff, 0xffff, 0xffff, 0xffff, 0xffff, 0x9db3, 0xffff, 0xffff, 0xffff,
	0xffff, 0xffff, 0xffff, 0xffff, 0xffff, 0xffff, 0xffff, 0xffff, 0xffff, 0xffff, 0xffff, 0xffff,
	0xffff, 0xffff, 0xffff, 0xffff, 0xffff, 0xfc70, 0xffff, 0xffff, 0xffff, 0xffff, 0xffff, 0x8fd7,
	0xffff, 0xffff, 0xffff, 0xffff, 0xffff, 0xffff, 0xffff, 0xffff, 0xffff, 0xffff, 0xffff, 0xffff,
	0xffff, 0xffff, 0xffff, 0xffff, 0xffff, 0xffff, 0xffff, 0xffff, 0xffff, 0xffff, 0xffff, 0xffff,
	0xffff, 0xffff, 0xffff, 0xffff, 0xffff, 0xffff, 0xffff, 0x9b73, 0xffff, 0xffff, 0xffff, 0xffff,
	0xffff, 0xffff, 0xffff, 0xffff, 0xffff, 0xffff, 0xfa5b, 0xffff, 0xffff, 0xffff, 0xffff, 0xffff,
	0xffff, 0xffff, 0xffff, 0xffff, 0xffff, 0xffff, 0xffff, 0xffff, 0xffff, 0xffff, 0xffff, 0xffff,
	0xffff, 0xffff, 0xffff, 0xffff, 0xffff, 0xffff, 0xffff, 0xffff, 0xffff, 0xffff, 0xffff, 0xffff,
	0xffff, 0xffff, 0xffff, 0xffff, 0xffff, 0xffff, 0xffff, 0xffff, 0xffff, 0xffff, 0xffff, 0xffff,
	0xffff, 0xffff, 0xffff, 0xffff, 0xffff, 0xffff, 0xffff, 0xffff, 0xffff, 0xffff, 0xffff, 0xffff,
	0xffff, 0xffff, 0xffff, 0x8fd2, 0x9064, 0xffff, 0xffff, 0xffff, 0xffff, 0xffff, 0xffff, 0xffff,
	0xffff, 0xffff, 0xffff, 0xffff, 0xffff, 0xffff, 0xffff, 0xffff, 0xffff, 0xffff, 0xffff, 0xffff,
	0xffff, 0xffff, 0xffff, 0xffff, 0xffff, 0xffff, 0xffff, 0xffff, 0xffff, 0xffff, 0xffff, 0xffff,
	0xffff, 0xffff, 0xffff, 0xffff, 0xffff, 0xffff, 0xffff, 0xffff, 0xffff, 0xffff, 0xffff, 0xffff,
	0xffff, 0xffff, 0xffff, 0xffff, 0xffff, 0xffff, 0xffff, 0xffff, 0xffff, 0xffff, 0x98b6, 0x9668,
	0xffff, 0xffff, 0xffff, 0xffff, 0x9cd6, 0xffff, 0xffff, 0xffff, 0xffff, 0xffff, 0xffff, 0xffff,
	0xffff, 0xffff, 0xffff, 0xffff, 0xffff, 0x98bd, 0xffff, 0xffff, 0xffff, 0xffff, 0xffff, 0xffff,
	0xffff, 0xffff, 0xffff, 0xffff, 0xffff, 0xffff, 0xffff, 0xffff, 0xffff, 0xffff, 0xffff, 0xffff,
	0xffff, 0xffff, 0xffff, 0xffff, 0xffff, 0xffff, 0xffff, 0xffff, 0xffff, 0xffff, 0xffff, 0xffff,
	0xffff, 0x8fdc, 0xfef6, 0x8fd9, 0xffff, 0xffff, 0xffff, 0xffff, 0xffff, 0xffff, 0xffff, 0xffff,
	0xffff, 0xffff, 0xffff, 0xffff, 0xffff, 0x9541, 0xffff, 0xffff, 0xffff, 0xffff, 0xffff, 0xffff,
	0xffff, 0xffff, 0xffff, 0xffff, 0xffff, 0xffff, 0xffff, 0xffff, 0xffff, 0xffff, 0xffff, 0xffff,
	0xffff, 0xffff, 0xffff, 0xffff, 0xffff, 0xffff, 0xffff, 0xffff, 0xffff, 0xffff, 0xffff, 0xffff,
	0xffff, 0xffff, 0xffff, 0xffff, 0xffff, 0xffff, 0xffff, 0xffff, 0xffff, 0xffff, 0xffff, 0xffff,
	0xffff, 0xffff, 0xffff, 0xffff, 0xffff, 0xffff, 0xffff, 0xffff, 0xffff, 0xffff, 0xffff, 0xffff,
	0xffff, 0xffff, 0xffff, 0xffff, 0xffff, 0xffff, 0xffff, 0xffff, 0xffff, 0xffff, 0xffff, 0xffff,
	0xffff, 0xffff, 0xffff, 0xffff, 0xffff, 0xffff, 0xffff, 0xffff, 0xffff, 0xffff, 0xffff, 0xffff,
	0xffff, 0xffff, 0xffff, 0xffff, 0xffff, 0xffff, 0xffff, 0xffff, 0xffff, 0xffff, 0xffff, 0xffff,
	0xffff, 0xffff, 0xffff, 0xffff, 0xffff, 0xffff, 0xffff, 0xffff, 0xffff, 0xffff, 0xffff, 0xffff,
	0xffff, 0xffff, 0xffff, 0xffff, 0xffff, 0xffff, 0xffff, 0xffff, 0xffff, 0xffff, 0xffff, 0xffff,
	0xffff, 0xffff, 0xffff, 0xffff, 0xffff, 0xffff, 0xffff, 0xffff, 0xffff, 0xffff, 0xffff, 0xffff,
	0xffff, 0xffff, 0xffff, 0xffff, 0xffff, 0xffff, 0xffff, 0xffff, 0xffff, 0xffff, 0xffff, 0xffff,
	0xffff, 0xffff, 0xffff, 0xffff, 0xffff, 0xffff, 0xffff, 0xffff, 0xffff, 0xffff, 0xffff, 0xffff,
	0xffff, 0xffff, 0xffff, 0xffff, 0xffff, 0xffff, 0xffff, 0xffff, 0xffff, 0xffff, 0xffff, 0xffff,
	0xffff, 0xffff, 0xffff, 0xffff, 0x876c, 0xffff, 0xffff, 0xffff, 0xffff, 0x97f3, 0x9bf8, 0xffff,
	0xffff, 0xffff, 0xffff, 0xffff, 0xffff, 0xffff, 0xffff, 0xffff, 0xffff, 0xffff, 0xffff, 0xffff,
	0xffff, 0xffff, 0xffff, 0xffff, 0xffff, 0xffff, 0xffff, 0xffff, 0xffff, 0xffff, 0xffff, 0xffff,
	0xffff, 0xffff, 0xffff, 0xffff, 0xffff, 0xffff, 0xffff, 0xffff, 0xffff, 0xffff, 0xffff, 0xffff,
	0xffff, 0xffff, 0xffff, 0xffff, 0xffff, 0xffff, 0xffff, 0xffff, 0xffff, 0xffff, 0xffff, 0xffff,
	0xffff, 0xffff, 0xffff, 0xffff, 0xffff, 0xffff, 0xffff, 0xffff, 0xffff, 0xffff, 0xffff, 0xffff,
	0xffff, 0xffff, 0xffff, 0xffff, 0xffff, 0xffff, 0xffff, 0xffff, 0xffff, 0xffff, 0xffff, 0xffff,
	0xffff, 0xffff, 0xffff, 0xffff, 0xffff, 0xffff, 0xffff, 0xffff, 0xffff, 0xffff, 0xffff, 0xffff,
	0xffff, 0xffff, 0xffff, 0xffff, 0x875a, 0xffff, 0xffff, 0xffff, 0xffff, 0xffff, 0xffff, 0xffff,
	0xffff, 0xffff, 0xffff, 0xffff, 0xffff, 0xffff, 0xffff, 0xffff, 0xffff, 0xffff, 0xffff, 0xffff,
	0xffff, 0xffff, 0xffff, 0xffff, 0xffff, 0xffff, 0xffff, 0xffff, 0xffff, 0xffff, 0xffff, 0xffff,
	0xffff, 0xffff, 0xffff, 0xffff, 0xffff, 0xffff, 0xffff, 0xffff, 0xffff, 0xffff, 0xffff, 0xffff,
	0xffff, 0xffff, 0xffff, 0xffff, 0xffff, 0xffff, 0xffff, 0xffff, 0xffff, 0xffff, 0xffff, 0xffff,
	0xffff, 0xffff, 0xffff, 0xffff, 0xffff, 0xffff, 0xffff, 0xffff, 0xffff, 0xffff, 0xffff, 0xffff,
	0xffff, 0x8748, 0xffff, 0xffff, 0xffff, 0xffff, 0xffff, 0xffff, 0xffff, 0xffff, 0xffff, 0xffff,
	0xffff, 0xffff, 0xffff, 0xffff, 0xffff, 0xffff, 0xffff, 0xffff, 0xffff, 0x874a, 0x9e6c, 0xffff,
	0xffff, 0xffff, 0xffff, 0xffff, 0xffff, 0xffff, 0xffff, 0xffff, 0xffff, 0xffff, 0xffff, 0xffff,
	0xffff, 0xffff, 0xffff, 0xffff, 0xffff, 0xffff, 0xffff, 0xffff, 0xffff, 0xffff, 0xffff, 0xffff,
	0xffff, 0xffff, 0xffff, 0xffff, 0xffff, 0xffff, 0xffff, 0xffff, 0xffff, 0xffff, 0x8ff2, 0x8fee,
	0xffff, 0xffff, 0xffff, 0xffff, 0xffff, 0xffff, 0xffff, 0xffff, 0xffff, 0xffff, 0xffff, 0xffff,
	0xffff, 0xffff, 0xffff, 0xffff, 0xffff, 0x9cd7, 0xffff, 0xffff, 0xffff, 0xffff, 0xffff, 0xffff,
	0xffff, 0xffff, 0xffff, 0xffff, 0xffff, 0xffff, 0x9e6e, 0xffff, 0xffff, 0xffff, 0xffff, 0xffff,
	0xffff, 0xffff, 0xffff, 0xffff, 0xffff, 0xffff, 0xffff, 0xffff, 0xffff, 0xffff, 0xffff, 0x8a40,
	0xffff, 0xffff, 0xffff, 0xffff, 0xffff, 0xffff, 0xffff, 0xffff, 0xffff, 0xffff, 0x8fef, 0xffff,
	0xffff, 0xffff, 0xffff, 0xffff, 0xffff, 0xffff, 0xffff, 0x8ff4, 0xffff, 0xffff, 0xffff, 0xffff,
	0xffff, 0xffff, 0xffff, 0xffff, 0xffff, 0xffff, 0xffff, 0xffff, 0xffff, 0xffff, 0xffff, 0xffff,
	0xffff, 0xffff, 0xffff, 0xffff, 0xffff, 0xffff, 0xffff, 0xffff, 0xffff, 0xffff, 0xffff, 0xffff,
	0xffff, 0xffff, 0xffff, 0xffff, 0xffff, 0xffff, 0xffff, 0xffff, 0x8ff5, 0xffff, 0xffff, 0xffff,
	0xffff, 0xffff, 0xffff, 0xffff, 0xffff, 0xffff, 0xffff, 0xffff, 0xffff, 0xffff, 0xffff, 0xffff,
	0xffff, 0xffff, 0xffff, 0xffff, 0xffff, 0xffff, 0xffff, 0xffff, 0xffff, 0xffff, 0xffff, 0xffff,
	0xffff, 0xffff, 0xffff, 0x95c2, 0x986a, 0xffff, 0x97cf, 0x9ee5, 0xffff, 0xffff, 0xffff, 0xffff,
	0xffff, 0xffff, 0xffff, 0xffff, 0xffff, 0xffff, 0xffff, 0xffff, 0xffff, 0xffff, 0xffff, 0xffff,
	0xffff, 0xffff, 0xffff, 0xffff, 0xffff, 0xffff, 0xffff, 0xffff, 0xffff, 0xffff, 0xffff, 0xffff,
	0xffff, 0xffff, 0xffff, 0xffff, 0xffff, 0xffff, 0xffff, 0xffff, 0xffff, 0xffff, 0xffff, 0xffff,
	0xffff, 0xffff, 0xffff, 0xffff, 0xffff, 0xffff, 0xffff, 0xffff, 0xffff, 0xffff, 0xffff, 0xffff,
	0xffff, 0xffff, 0xffff, 0xffff, 0xffff, 0xffff, 0xffff, 0xffff, 0xffff, 0xffff, 0xffff, 0xffff,
	0xffff, 0xffff, 0xffff, 0xffff, 0xffff, 0xffff, 0xffff, 0xffff, 0xffff, 0xffff, 0xffff, 0xffff,
	0xffff, 0xffff, 0xffff, 0xffff, 0xffff, 0xffff, 0xffff, 0xffff, 0xffff, 0xffff, 0xffff, 0xffff,
	0xffff, 0xffff, 0xffff, 0xffff, 0xffff, 0xffff, 0xffff, 0xffff, 0xffff, 0xffff, 0xffff, 0xffff,
	0xffff, 0xffff, 0xffff, 0xffff, 0xffff, 0xffff, 0xffff, 0xffff, 0xffff, 0xffff, 0xffff, 0xffff,
	0xffff, 0xffff, 0xffff, 0xffff, 0xffff, 0xffff, 0xffff, 0xffff, 0xffff, 0xffff, 0xffff, 0xffff,
	0xffff, 0xffff, 0xffff, 0xffff, 0xffff, 0xffff, 0xffff, 0xffff, 0xffff, 0xffff, 0xffff, 0xffff,
	0xffff, 0xffff, 0xffff, 0xffff, 0xffff, 0xffff, 0xffff, 0xffff, 0xffff, 0xffff, 0xffff, 0xffff,
	0xffff, 0xffff, 0xffff, 0xffff, 0xffff, 0xffff, 0xffff, 0xffff, 0xffff, 0xffff, 0xffff, 0xffff,
	0xffff, 0xffff, 0xffff, 0xffff, 0xffff, 0xffff, 0xffff, 0xffff, 0xffff, 0xffff, 0xffff, 0xffff,
	0xffff, 0xffff, 0xffff, 0xffff, 0xffff, 0xffff, 0xffff, 0xffff, 0xffff, 0xffff, 0xffff, 0xffff,
	0xffff, 0xffff, 0xffff, 0xffff, 0xffff, 0xffff, 0xffff, 0xffff, 0xffff, 0xffff, 0xffff, 0xffff,
	0xffff, 0xffff, 0xffff, 0xffff, 0xffff, 0xffff, 0x9e7c, 0x9041, 0xffff, 0xffff, 0xffff, 0xffff,
	0xffff, 0xffff, 0x9cdb, 0xffff, 0xffff, 0xffff, 0xffff, 0xffff, 0xffff, 0xffff, 0xffff, 0xffff,
	0xffff, 0xffff, 0xffff, 0xffff, 0xffff, 0xffff, 0xffff, 0xffff, 0xffff, 0xffff, 0xffff, 0x9441,
	0xffff, 0xffff, 0xffff, 0xffff, 0x9ce6, 0x9db0, 0xffff, 0xffff, 0xffff, 0xffff, 0xffff, 0xffff,
	0xffff, 0xffff, 0xffff, 0xffff, 0xffff, 0xffff, 0xffff, 0xffff, 0xffff, 0xffff, 0xffff, 0xffff,
	0xffff, 0xffff, 0xffff, 0xffff, 0xffff, 0xffff, 0xffff, 0xffff, 0xffff, 0xffff, 0xffff, 0xffff,
	0xffff, 0xffff, 0xffff, 0xffff, 0xffff, 0x9cea, 0xffff, 0xffff, 0xffff, 0xffff, 0xffff, 0xffff,
	0xffff, 0xffff, 0xffff, 0xffff, 0xffff, 0xffff, 0xffff, 0xffff, 0xffff, 0xffff, 0xffff, 0xffff,
	0xffff, 0xffff, 0xffff, 0xffff, 0xffff, 0xffff, 0xffff, 0xffff, 0xffff, 0xffff, 0xffff, 0xffff,
	0xffff, 0xffff, 0xffff, 0xffff, 0xffff, 0xffff, 0xffff, 0xffff, 0xffff, 0xffff, 0xffff, 0xffff,
	0xffff, 0xffff, 0xffff, 0xffff, 0xffff, 0xffff, 0xffff, 0xffff, 0xffff, 0xffff, 0xffff, 0xffff,
	0xffff, 0xffff, 0xffff, 0xffff, 0x9ced, 0xffff, 0xffff, 0xffff, 0xffff, 0xffff, 0xffff, 0xffff,
	0xffff, 0xffff, 0xffff, 0xffff, 0xffff, 0x9cfa, 0xffff, 0xffff, 0xffff, 0xffff, 0xffff, 0xffff,
	0xffff, 0xffff, 0xffff, 0xffff, 0xffff, 0xffff, 0xffff, 0xffff, 0xffff, 0xffff, 0xffff, 0xffff,
	0xffff, 0xffff, 0xffff, 0xffff, 0xffff, 0xffff, 0xffff, 0xffff, 0xffff, 0xffff, 0xffff, 0xffff,
	0xffff, 0xffff, 0xffff, 0xffff, 0xffff, 0xffff, 0xffff, 0xffff, 0xffff, 0xffff, 0xffff, 0xffff,
	0xffff, 0xffff, 0x8b62, 0x8a4e, 0xffff, 0xffff, 0xffff, 0xffff, 0xffff, 0xffff, 0xffff, 0xffff,
	0xffff, 0xffff, 0xffff, 0xffff, 0xffff, 0xffff, 0xffff, 0xffff, 0xffff, 0xffff, 0xffff, 0xffff,
	0xffff, 0xffff, 0xffff, 0xffff, 0xffff, 0xffff, 0xffff, 0xffff, 0xffff, 0xffff, 0xffff, 0xffff,
	0xffff, 0xffff, 0xffff, 0xffff, 0xffff, 0xffff, 0xffff, 0xffff, 0xffff, 0x9cca, 0x8a66, 0xffff,
	0xffff, 0xffff, 0xffff, 0xffff, 0xffff, 0xffff, 0xffff, 0xffff, 0xffff, 0x9cfb, 0x9cfc, 0xffff,
	0xffff, 0xffff, 0xffff, 0xffff, 0xffff, 0xffff, 0xffff, 0xffff, 0xffff, 0xffff, 0xffff, 0xffff,
	0xffff, 0xffff, 0xffff, 0xffff, 0xffff, 0xffff, 0xffff, 0xffff, 0xffff, 0xffff, 0xffff, 0xffff,
	0xffff, 0xffff, 0xffff, 0xffff, 0xffff, 0xffff, 0xffff, 0x9cfe, 0xffff, 0xffff, 0xffff, 0xffff,
	0xffff, 0xffff, 0xffff, 0xffff, 0xffff, 0xffff, 0xffff, 0xffff, 0xffff, 0x8a53, 0xffff, 0xffff,
	0xffff, 0xffff, 0xffff, 0xffff, 0xffff, 0xffff, 0xffff, 0xffff, 0xffff, 0xffff, 0xffff, 0xffff,
	0xffff, 0xffff, 0xffff, 0x9ce5, 0xffff, 0xffff, 0xffff, 0xffff, 0xffff, 0xffff, 0xffff, 0xffff,
	0xffff, 0xffff, 0xffff, 0xffff, 0xffff, 0xffff, 0xffff, 0xffff, 0xffff, 0xffff, 0xffff, 0xffff,
	0xffff, 0xffff, 0xffff, 0xffff, 0xffff, 0x9d40, 0xffff, 0xffff, 0xffff, 0xffff, 0xffff, 0xffff,
	0xffff, 0xffff, 0xffff, 0xffff, 0xffff, 0xffff, 0xffff, 0xffff, 0xffff, 0xffff, 0xffff, 0xffff,
	0xffff, 0xffff, 0xffff, 0xffff, 0xffff, 0xffff, 0xffff, 0xffff, 0xffff, 0xffff, 0xffff, 0xffff,
	0xffff, 0xffff, 0xffff, 0xffff, 0xffff, 0xffff, 0xffff, 0x9d41, 0xffff, 0xffff, 0xffff, 0xffff,
	0xffff, 0xffff, 0xffff, 0xffff, 0xffff, 0xffff, 0xffff, 0xffff, 0x9045, 0x8b73, 0xffff, 0xffff,
	0xffff, 0xffff, 0xffff, 0xffff, 0xffff, 0xffff, 0xffff, 0xffff, 0xffff, 0xffff, 0xffff, 0xffff,
	0xffff, 0xffff, 0x97ca, 0xffff, 0x9d42, 0xffff, 0xffff, 0xffff, 0xffff, 0xffff, 0xffff, 0xffff,
	0xffff, 0xffff, 0xffff, 0xffff, 0xffff, 0xffff, 0xffff, 0xffff, 0xffff, 0xffff, 0xffff, 0xffff,
	0xffff, 0xffff, 0xffff, 0xffff, 0xffff, 0xffff, 0xffff, 0xffff, 0xffff, 0xffff, 0xffff, 0xffff,
	0xffff, 0xffff, 0xffff, 0xffff, 0xffff, 0xffff, 0xffff, 0xffff, 0xffff, 0xffff, 0xffff, 0xffff,
	0xffff, 0xffff, 0xffff, 0xffff, 0xffff, 0xffff, 0xffff, 0xffff, 0xffff, 0xffff, 0xffff, 0xffff,
	0xffff, 0xffff, 0xffff, 0xffff, 0x8a61, 0xffff, 0xffff, 0xffff, 0xffff, 0xffff, 0xffff, 0xffff,
	0xffff, 0xffff, 0xffff, 0xffff, 0xffff, 0xffff, 0xffff, 0xffff, 0xffff, 0xffff, 0xffff, 0xffff,
	0xffff, 0xffff, 0xffff, 0xffff, 0xffff, 0xffff, 0xffff, 0xffff, 0xffff, 0xffff, 0xffff, 0xffff,
	0xffff, 0xffff, 0xffff, 0xffff, 0xffff, 0xffff, 0x8bae, 0xffff, 0xffff, 0xffff, 0xffff, 0xffff,
	0xffff, 0xffff, 0xffff, 0xffff, 0xffff, 0xffff, 0xffff, 0xffff, 0xffff, 0xffff, 0xffff, 0xffff,
	0xffff, 0xffff, 0xffff, 0xffff, 0xffff, 0xffff, 0xffff, 0xffff, 0xffff, 0xffff, 0xffff, 0xffff,
	0xffff, 0x8ad2, 0xffff, 0xffff, 0xffff, 0xffff, 0xffff, 0xffff, 0xffff, 0xffff, 0xffff, 0xffff,
	0xffff, 0xffff, 0xffff, 0xffff, 0xffff, 0xffff, 0xffff, 0xffff, 0xffff, 0xffff, 0xffff, 0xffff,
	0xffff, 0xffff, 0xffff, 0xffff, 0xffff, 0xffff, 0xffff, 0xffff, 0xffff, 0xffff, 0xffff, 0xffff,
	0xffff, 0xffff, 0xffff, 0xffff, 0xffff, 0xffff, 0xffff, 0xffff, 0xffff, 0xffff, 0xffff, 0xffff,
	0xffff, 0xffff, 0xffff, 0x8ba2, 0xffff, 0xffff, 0xffff, 0xffff, 0xffff, 0xffff, 0xffff, 0xffff,
	0xffff, 0xffff, 0xffff, 0xffff, 0xffff, 0xffff, 0xffff, 0xffff, 0xffff, 0xffff, 0xffff, 0xffff,
	0x9df2, 0x9d43, 0xffff, 0xffff, 0xffff, 0xffff, 0xffff, 0xffff, 0xffff, 0xffff, 0xffff, 0xffff,
	0xffff, 0xffff, 0xffff, 0xffff, 0xffff, 0xffff, 0xffff, 0x9cdf, 0xffff, 0xffff, 0xffff, 0xffff,
	0xffff, 0xffff, 0xffff, 0xffff, 0xffff, 0xffff, 0xffff, 0xffff, 0xffff, 0xffff, 0xffff, 0xffff,
	0xffff, 0xffff, 0xffff, 0xffff, 0xffff, 0xffff, 0x9d44, 0xffff, 0xffff, 0xffff, 0xffff, 0xffff,
	0xffff, 0xffff, 0xffff, 0xffff, 0xffff, 0x8eca, 0xffff, 0xffff, 0xffff, 0xffff, 0xffff, 0xffff,
	0xffff, 0xffff, 0xffff, 0xffff, 0xffff, 0xffff, 0xffff, 0xffff, 0xffff, 0xffff, 0xffff, 0xffff,
	0xffff, 0xffff, 0xffff, 0xffff, 0xffff, 0xffff, 0xffff, 0xffff, 0xffff, 0xffff, 0xffff, 0xffff,
	0xffff, 0xffff, 0xffff, 0xffff, 0xffff, 0xffff, 0xffff, 0xffff, 0xffff, 0xffff, 0xffff, 0xffff,
	0x904e, 0xffff, 0xffff, 0xffff, 0xffff, 0xffff, 0xffff, 0xffff, 0x8eb3, 0xffff, 0xffff, 0xffff,
	0xffff, 0xffff, 0xffff, 0xffff, 0xffff, 0xffff, 0xffff, 0xffff, 0xffff, 0xffff, 0xffff, 0xffff,
	0x9ff5, 0xffff, 0xffff, 0xffff, 0xffff, 0xffff, 0xffff, 0xffff, 0xffff, 0xffff, 0xffff, 0xffff,
	0xffff, 0x9d45, 0x904f, 0xffff, 0xffff, 0xffff, 0xffff, 0xffff, 0xffff, 0xffff, 0xffff, 0xffff,
	0xffff, 0xffff, 0xffff, 0xffff, 0xffff, 0xffff, 0xffff, 0xffff, 0xffff, 0xffff, 0xffff, 0xffff,
	0xffff, 0xffff, 0xffff, 0xffff, 0xffff, 0xffff, 0xffff, 0xffff, 0xffff, 0xffff, 0xffff, 0xffff,
	0xffff, 0xffff, 0xffff, 0xffff, 0xffff, 0xffff, 0xffff, 0xffff, 0xffff, 0xffff, 0xffff, 0xffff,
	0xffff, 0xffff, 0xffff, 0xffff, 0xffff, 0xffff, 0xffff, 0xffff, 0xffff, 0xffff, 0xffff, 0xffff,
	0xffff, 0xffff, 0xffff, 0xffff, 0xffff, 0xffff, 0xffff, 0xffff, 0xffff, 0xffff, 0xffff, 0xffff,
	0xffff, 0xffff, 0xffff, 0xffff, 0xffff, 0xffff, 0xffff, 0xffff, 0xffff, 0xffff, 0xffff, 0xffff,
	0xffff, 0xffff, 0xffff, 0xffff, 0x9d47, 0xffff, 0xffff, 0xffff, 0x89ca, 0xffff, 0xffff, 0xffff,
	0xffff, 0xffff, 0xffff, 0x9cb5, 0xffff, 0xffff, 0xffff, 0xffff, 0xffff, 0xffff, 0xffff, 0xffff,
	0xffff, 0xffff, 0xffff, 0xffff, 0xffff, 0xffff, 0xfbfe, 0x905e, 0xffff, 0xffff, 0xffff, 0xffff,
	0xffff, 0xffff, 0xffff, 0xffff, 0xffff, 0xffff, 0xffff, 0xffff, 0xffff, 0xffff, 0xffff, 0xffff,
	0xffff, 0xffff, 0xffff, 0xffff, 0xffff, 0xffff, 0xffff, 0xffff, 0xffff, 0xffff, 0xffff, 0xffff,
	0xffff, 0xffff, 0xffff, 0xffff, 0xffff, 0xffff, 0xffff, 0xffff, 0xffff, 0xffff, 0xffff, 0xffff,
	0xffff, 0xffff, 0xffff, 0xffff, 0xffff, 0xffff, 0xffff, 0xffff, 0xffff, 0xffff, 0xffff, 0xffff,
	0xffff, 0xffff, 0xffff, 0xffff, 0xffff, 0xffff, 0x9063, 0x9057, 0xffff, 0xffff, 0xffff, 0xffff,
	0xffff, 0xffff, 0xffff, 0xffff, 0xffff, 0xffff, 0xffff, 0xffff, 0xffff, 0xffff, 0xffff, 0xffff,
	0xffff, 0xffff, 0xffff, 0xffff, 0xffff, 0xffff, 0xffff, 0xffff, 0xffff, 0xffff, 0xffff, 0xffff,
	0xffff, 0xffff, 0xffff, 0xffff, 0xffff, 0xffff, 0xffff, 0xffff, 0xffff, 0xffff, 0xffff, 0xffff,
	0xffff, 0xffff, 0xffff, 0xffff, 0xffff, 0xffff, 0x9066, 0xffff, 0xffff, 0xffff, 0xffff, 0xffff,
	0xffff, 0xffff, 0xffff, 0xffff, 0xffff, 0xffff, 0xffff, 0xffff, 0xffff, 0xffff, 0xffff, 0xffff,
	0xffff, 0xffff, 0xffff, 0xffff, 0xffff, 0xffff, 0xffff, 0xffff, 0xffff, 0xffff, 0xffff, 0xffff,
	0xffff, 0xffff, 0xffff, 0xffff, 0xffff, 0xffff, 0xffff, 0xffff, 0xffff, 0xffff, 0xffff, 0xffff,
	0xffff, 0xffff, 0xffff, 0xffff, 0xffff, 0xffff, 0xffff, 0xffff, 0xffff, 0xffff, 0xffff, 0xffff,
	0xffff, 0xffff, 0xffff, 0xffff, 0xffff, 0xffff, 0xffff, 0xffff, 0xffff, 0xffff, 0xffff, 0xffff,
	0xffff, 0xffff, 0xffff, 0xffff, 0xffff, 0xffff, 0xffff, 0xffff, 0xffff, 0xffff, 0xffff, 0xffff,
	0xffff, 0xffff, 0xffff, 0xffff, 0xffff, 0xffff, 0xffff, 0xffff, 0xffff, 0xffff, 0xffff, 0xffff,
	0xffff, 0xffff, 0xffff, 0xffff, 0xffff, 0xffff, 0xffff, 0xffff, 0xffff, 0xffff, 0xffff, 0xffff,
	0xffff, 0xffff, 0xffff, 0xffff, 0xffff, 0xffff, 0xffff, 0xffff, 0xffff, 0xffff, 0xffff, 0xffff,
	0xffff, 0xffff, 0xffff, 0xffff, 0xffff, 0xffff, 0xffff, 0xffff, 0xffff, 0xffff, 0x9bc0, 0xffff,
	0xffff, 0xffff, 0xffff, 0xffff, 0xffff, 0xffff, 0xffff, 0xffff, 0xffff, 0xffff, 0xfce5, 0x9162,
	0xffff, 0xffff, 0xffff, 0xffff, 0xffff, 0xffff, 0xffff, 0xffff, 0xffff, 0xffff, 0x9067, 0xffff,
	0xffff, 0xffff, 0xffff, 0xffff, 0xffff, 0xffff, 0xffff, 0xffff, 0xffff, 0xffff, 0xffff, 0xffff,
	0xffff, 0xffff, 0xffff, 0xffff, 0xffff, 0xffff, 0xffff, 0xffff, 0xffff, 0xffff, 0xffff, 0xffff,
	0x8fa1, 0xffff, 0xffff, 0xffff, 0xffff, 0xffff, 0xffff, 0xffff, 0xffff, 0xffff, 0xffff, 0xffff,
	0xffff, 0xffff, 0xffff, 0xffff, 0xffff, 0xffff, 0xffff, 0xffff, 0xffff, 0xffff, 0x8fa2, 0xffff,
	0xffff, 0xffff, 0xffff, 0xffff, 0xffff, 0xffff, 0xffff, 0xffff, 0xffff, 0xffff, 0xffff, 0xffff,
	0xffff, 0xffff, 0xffff, 0xffff, 0xffff, 0xffff, 0xffff, 0xffff, 0xffff, 0xffff, 0xffff, 0xffff,
	0xffff, 0xffff, 0xffff, 0xffff, 0xffff, 0xffff, 0xffff, 0xffff, 0xffff, 0xffff, 0xffff, 0xffff,
	0xffff, 0xffff, 0xffff, 0xffff, 0xffff, 0xffff, 0xffff, 0xffff, 0xffff, 0xffff, 0xffff, 0xffff,
	0xffff, 0xffff, 0xffff, 0xffff, 0xffff, 0xffff, 0xffff, 0xffff, 0xffff, 0xffff, 0xffff, 0xffff,
	0xffff, 0xffff, 0xffff, 0xffff, 0xffff, 0xffff, 0xffff, 0xffff, 0xffff, 0xffff, 0xffff, 0xffff,
	0xffff, 0xffff, 0xffff, 0xffff, 0xffff, 0xffff, 0xffff, 0xffff, 0xffff, 0xffff, 0xffff, 0xffff,
	0xffff, 0xffff, 0xffff, 0xffff, 0xffff, 0xffff, 0xffff, 0xffff, 0xffff, 0xffff, 0xffff, 0xffff,
	0xffff, 0xffff, 0xffff, 0xffff, 0xffff, 0xffff, 0xffff, 0xffff, 0xffff, 0xffff, 0xffff, 0xffff,
	0xffff, 0x9d48, 0xfad3, 0xffff, 0xffff, 0xffff, 0xffff, 0xffff, 0xffff, 0x8d4f, 0xffff, 0xffff,
	0xffff, 0xffff, 0xffff, 0xffff, 0xffff, 0xffff, 0xffff, 0x905d, 0xffff, 0xffff, 0xffff, 0xffff,
	0xffff, 0xffff, 0xffff, 0xffff, 0xffff, 0xffff, 0xffff, 0xffff, 0xffff, 0xffff, 0xffff, 0xffff,
	0xffff, 0xffff, 0xffff, 0xffff, 0xffff, 0xffff, 0xffff, 0xffff, 0xffff, 0xffff, 0xffff, 0x90b9,
	0xffff, 0xffff, 0xffff, 0xffff, 0xffff, 0xffff, 0xffff, 0xffff, 0xffff, 0xffff, 0xffff, 0xffff,
	0xffff, 0x906b, 0x8c5c, 0xffff, 0xffff, 0xffff, 0x9069, 0xfe57, 0xffff, 0xffff, 0xffff, 0xffff,
	0xffff, 0xffff, 0xffff, 0xffff, 0xffff, 0xffff, 0xffff, 0xffff, 0xffff, 0xffff, 0xffff, 0xffff,
	0xffff, 0xffff, 0xffff, 0xffff, 0xffff, 0xffff, 0xffff, 0xffff, 0xffff, 0xffff, 0xffff, 0xffff,
	0xffff, 0xffff, 0xffff, 0xffff, 0xffff, 0xffff, 0xffff, 0xffff, 0xffff, 0xffff, 0xfe55, 0x9073,
	0xffff, 0xffff, 0xffff, 0xffff, 0xffff, 0xffff, 0xffff, 0xffff, 0xffff, 0xffff, 0xffff, 0xffff,
	0xffff, 0xffff, 0xffff, 0xffff, 0xffff, 0xffff, 0xffff, 0xffff, 0x9bef, 0x9cf0, 0xffff, 0xffff,
	0xffff, 0xffff, 0xffff, 0xffff, 0xffff, 0xffff, 0xffff, 0xffff, 0xffff, 0xffff, 0x9d4b, 0xffff,
	0xffff, 0xffff, 0xffff, 0xffff, 0xffff, 0xffff, 0xffff, 0xffff, 0xffff, 0xffff, 0xffff, 0xffff,
	0xfed9, 0xffff, 0xffff, 0xffff, 0xfeda, 0xffff, 0xffff, 0xffff, 0x91e0, 0x8d43, 0xffff, 0xffff,
	0xffff, 0xffff, 0xffff, 0xffff, 0xffff, 0xffff, 0xffff, 0xffff, 0xffff, 0xffff, 0xffff, 0xffff,
	0xffff, 0xffff, 0x91d8, 0xffff, 0xffff, 0xffff, 0xffff, 0xffff, 0xffff, 0xffff, 0xffff, 0xffff,
	0xffff, 0x9646, 0xffff, 0xffff, 0xffff, 0xffff, 0xffff, 0xffff, 0xffff, 0xffff, 0xffff, 0xffff,
	0xffff, 0xffff, 0xffff, 0xffff, 0xffff, 0xffff, 0xffff, 0xffff, 0xffff, 0xffff, 0xffff, 0xffff,
	0xffff, 0xffff, 0xffff, 0xffff, 0xffff, 0xffff, 0xffff, 0xffff, 0x9360, 0xffff, 0xfa53, 0x9cd3,
	0xffff, 0xffff, 0xffff, 0xffff, 0xffff, 0xffff, 0xffff, 0xffff, 0xffff, 0xffff, 0xffff, 0xffff,
	0x9d4e, 0xffff, 0xffff, 0xffff, 0xfb40, 0xffff, 0xffff, 0xffff, 0x8de2, 0xffff, 0xffff, 0xffff,
	0xffff, 0xffff, 0xffff, 0xffff, 0xffff, 0xffff, 0xffff, 0xffff, 0xffff, 0xffff, 0xffff, 0xffff,
	0xffff, 0xffff, 0xffff, 0xffff, 0xffff, 0xffff, 0xffff, 0xffff, 0xffff, 0xffff, 0xffff, 0xffff,
	0x9442, 0xffff, 0x9056, 0xffff, 0xffff, 0x9865, 0xffff, 0x8c6c, 0xfa4a, 0xffff, 0xffff, 0x9d50,
	0x9d52, 0xffff, 0xffff, 0xffff, 0xffff, 0xffff, 0xffff, 0xffff, 0xffff, 0xffff, 0xffff, 0xffff,
	0xffff, 0xffff, 0xffff, 0xffff, 0xffff, 0x95af, 0x975a, 0x9349, 0x9747, 0xa0f4, 0xffff, 0xffff,
	0xffff, 0xffff, 0xffff, 0xffff, 0x9778, 0xffff, 0xffff, 0xffff, 0xffff, 0xffff, 0xffff, 0xffff,
	0xffff, 0xffff, 0xffff, 0xffff, 0xffff, 0xffff, 0xffff, 0x8fcf, 0xffff, 0xffff, 0xffff, 0xfc60,
	0xffff, 0xffff, 0xffff, 0xffff, 0xffff, 0xffff, 0xffff, 0xffff, 0x8c4e, 0xffff, 0xffff, 0xffff,
	0xfc56, 0xffff, 0xffff, 0xffff, 0xffff, 0xffff, 0xffff, 0xffff, 0xffff, 0xffff, 0xffff, 0xffff,
	0xffff, 0xffff, 0x91dc, 0x9661, 0x92ec, 0x935d, 0x8ede, 0x96fe, 0xfd4f, 0x95de, 0xffff, 0xffff,
	0xffff, 0xffff, 0xffff, 0xffff, 0xffff, 0xffff, 0xffff, 0xffff, 0xffff, 0xffff, 0xffff, 0x98b0,
	0xa040, 0xffff, 0xffff, 0xffff, 0xffff, 0xffff, 0xffff, 0xffff, 0xffff, 0xffff, 0xffff, 0xffff,
	0xffff, 0xffff, 0xffff, 0xffff, 0xffff, 0xffff, 0xffff, 0xffff, 0xffff, 0xffff, 0xffff, 0xffff,
	0xffff, 0xffff, 0xffff, 0xffff, 0xffff, 0xffff, 0xffff, 0xffff, 0xffff, 0xffff, 0xffff, 0xffff,
	0xffff, 0xffff, 0xffff, 0x97bd, 0x977d, 0x97f5, 0xffff, 0xffff, 0xffff, 0xffff, 0xffff, 0xffff,
	0xffff, 0xffff, 0xffff, 0xffff, 0xffff, 0xffff, 0xffff, 0xffff, 0xffff, 0xffff, 0xffff, 0xffff,
	0xffff, 0xffff, 0xffff, 0xffff, 0x9bac, 0xfada, 0x92c2, 0xffff, 0xffff, 0xffff, 0xffff, 0xffff,
	0xffff, 0xffff, 0xffff, 0xffff, 0xffff, 0xffff, 0xffff, 0xffff, 0xffff, 0xffff, 0xffff, 0xffff,
	0xffff, 0xffff, 0xffff, 0xffff, 0xffff, 0xffff, 0xffff, 0xffff, 0xffff, 0xffff, 0xffff, 0xffff,
	0xffff, 0xffff, 0xffff, 0xffff, 0xffff, 0xffff, 0x97b1, 0xffff, 0xffff, 0xffff, 0xffff, 0xffff,
	0x907b, 0xffff, 0xffff, 0xffff, 0xffff, 0x93fe, 0x947b, 0xffff, 0x9777, 0xffff, 0xffff, 0xffff,
	0xffff, 0xffff, 0xffff, 0xffff, 0xffff, 0xffff, 0xffff, 0xffff, 0xffff, 0xffff, 0xffff, 0xffff,
	0xfabe, 0xfd43, 0x90c6, 0x90a4, 0x90a8, 0x94a9, 0xffff, 0x90a9, 0xffff, 0xffff, 0xffff, 0xffff,
	0x8c65, 0xffff, 0xffff, 0xffff, 0xffff, 0xffff, 0xffff, 0xffff, 0xffff, 0xffff, 0xffff, 0xffff,
	0xffff, 0xffff, 0xffff, 0xffff, 0xffff, 0xffff, 0x95e0, 0x907d, 0xffff, 0xffff, 0xffff, 0xffff,
	0xffff, 0xffff, 0x9265, 0xffff, 0xffff, 0xffff, 0xffff, 0xffff, 0xffff, 0xffff, 0xffff, 0xffff,
	0xffff, 0xffff, 0xffff, 0xffff, 0xfdba, 0x93c4, 0xffff, 0xffff, 0xffff, 0xffff, 0xffff, 0xffff,
	0xffff, 0xffff, 0xfeed, 0x9dab, 0xa0e3, 0xffff, 0x9648, 0xffff, 0xffff, 0xffff, 0xffff, 0xffff,
	0xffff, 0xffff, 0xffff, 0xffff, 0xffff, 0xffff, 0xffff, 0xffff, 0xffff, 0xffff, 0xffff, 0xffff,
	0xffff, 0xffff, 0xffff, 0xffff, 0xffff, 0x9d53, 0xffff, 0xffff, 0xffff, 0xffff, 0xffff, 0x8aa9,
	0xffff, 0x9bc5, 0xffff, 0x965d, 0xffff, 0xffff, 0xffff, 0xffff, 0xffff, 0xffff, 0xffff, 0xffff,
	0xffff, 0xffff, 0xffff, 0xffff, 0xffff, 0xffff, 0xffff, 0xffff, 0xffff, 0xffff, 0x975f, 0x965f,
	0x966e, 0xfb5d, 0xffff, 0xffff, 0xffff, 0xffff, 0xffff, 0x9db1, 0xffff, 0xffff, 0xffff, 0xffff,
	0xffff, 0xffff, 0xffff, 0xffff, 0xffff, 0xffff, 0xffff, 0xffff, 0xffff, 0xffff, 0xffff, 0xffff,
	0xffff, 0xffff, 0xffff, 0xffff, 0xffff, 0xffff, 0xffff, 0xffff, 0xffff, 0xffff, 0xffff, 0xffff,
	0xffff, 0xffff, 0xffff, 0xffff, 0xffff, 0xffff, 0xfea3, 0xffff, 0xffff, 0xffff, 0xffff, 0xffff,
	0xffff, 0xffff, 0xffff, 0xffff, 0x9db2, 0xffff, 0xffff, 0x95ae, 0xfca3, 0xffff, 0xffff, 0xffff,
	0xffff, 0xffff, 0xffff, 0xffff, 0xffff, 0xffff, 0xffff, 0xffff, 0xffff, 0xffff, 0xffff, 0xffff,
	0xffff, 0xffff, 0xffff, 0xffff, 0xffff, 0xffff, 0xffff, 0xffff, 0xffff, 0xffff, 0xffff, 0xffff,
	0x8769, 0xffff, 0xffff, 0xffff, 0xffff, 0xffff, 0xffff, 0xffff, 0xffff, 0xa0a2, 0xffff, 0xffff,
	0x9655, 0xffff, 0xffff, 0xffff, 0xffff, 0xffff, 0xffff, 0xffff, 0xffff, 0xffff, 0xffff, 0xffff,
	0xffff, 0xffff, 0xffff, 0x9d54, 0xffff, 0xffff, 0x9341, 0xffff, 0x95ad, 0x91d5, 0xffff, 0xffff,
	0xffff, 0xffff, 0xffff, 0xffff, 0xffff, 0xffff, 0xffff, 0xffff, 0xffff, 0xffff, 0x977a, 0xfdfc,
	0x8e47, 0x93fd, 0x90a5, 0x90ac, 0xffff, 0xffff, 0xffff, 0xffff, 0xffff, 0xffff, 0xffff, 0xffff,
	0x95ac, 0xffff, 0xffff, 0xffff, 0xffff, 0xffff, 0xffff, 0xffff, 0xffff, 0xffff, 0x90ae, 0xfea5,
	0xffff, 0xffff, 0xffff, 0xffff, 0xffff, 0x9d56, 0xffff, 0xffff, 0xffff, 0xffff, 0xffff, 0xffff,
	0xffff, 0xffff, 0xffff, 0xffff, 0xffff, 0xffff, 0xffff, 0xffff, 0xffff, 0xffff, 0xffff, 0xffff,
	0x97e3, 0x95e2, 0xffff, 0xffff, 0xffff, 0xffff, 0xffff, 0x9466, 0xffff, 0xffff, 0x9647, 0xffff,
	0xffff, 0xffff, 0xffff, 0x91b8, 0xffff, 0xffff, 0xffff, 0xffff, 0x9cec, 0xffff, 0xffff, 0xffff,
	0xffff, 0xffff, 0xffff, 0xffff, 0xffff, 0x90ad, 0xffff, 0x95e3, 0xffff, 0xffff, 0xffff, 0xffff,
	0xffff, 0xffff, 0xffff, 0xffff, 0xffff, 0xffff, 0xffff, 0xffff, 0xffff, 0xffff, 0xffff, 0xffff,
	0xffff, 0xffff, 0xffff, 0xffff, 0xffff, 0xffff, 0xffff, 0xffff, 0xffff, 0xffff, 0xffff, 0xffff,
	0xffff, 0xffff, 0xffff, 0xffff, 0xffff, 0xffff, 0xffff, 0xffff, 0xffff, 0xffff, 0xffff, 0xffff,
	0xffff, 0xffff, 0xffff, 0xffff, 0xffff, 0xffff, 0xffff, 0xffff, 0xffff, 0xffff, 0xffff, 0xffff,
	0xffff, 0xffff, 0xffff, 0xffff, 0xffff, 0xffff, 0xffff, 0xffff, 0xffff, 0xffff, 0xffff, 0xffff,
	0xffff, 0xffff, 0xffff, 0xffff, 0xffff, 0xffff, 0xffff, 0xffff, 0xffff, 0xffff, 0xffff, 0xffff,
	0xffff, 0xffff, 0xffff, 0xffff, 0xffff, 0xffff, 0xffff, 0xffff, 0xffff, 0xffff, 0xffff, 0xffff,
	0xffff, 0xffff, 0xffff, 0xffff, 0xffff, 0xffff, 0xffff, 0xffff, 0xffff, 0xffff, 0xffff, 0xffff,
	0xffff, 0xffff, 0xffff, 0xffff, 0xffff, 0xffff, 0xffff, 0xffff, 0xffff, 0xffff, 0xffff, 0xffff,
	0xffff, 0xffff, 0xffff, 0xffff, 0xffff, 0xffff, 0xffff, 0xffff, 0xffff, 0xffff, 0xffff, 0xffff,
	0xffff, 0xffff, 0xffff, 0xffff, 0xffff, 0xffff, 0xffff, 0xffff, 0xffff, 0xffff, 0xffff, 0xffff,
	0xffff, 0xffff, 0xffff, 0xffff, 0xffff, 0xffff, 0x8b4f, 0xffff, 0xffff, 0x8ae3, 0xffff, 0xffff,
	0xffff, 0xffff, 0x8b4d, 0x95ea, 0xffff, 0xffff, 0xffff, 0xffff, 0xffff, 0xffff, 0xffff, 0xffff,
	0xffff, 0xffff, 0xffff, 0xffff, 0xffff, 0xffff, 0xffff, 0xffff, 0xffff, 0xffff, 0xffff, 0xffff,
	0xffff, 0xffff, 0xffff, 0xffff, 0xffff, 0xffff, 0xffff, 0xffff, 0xffff, 0xffff, 0xffff, 0xffff,
	0xffff, 0xffff, 0xffff, 0xffff, 0xffff, 0xffff, 0xffff, 0xffff, 0xffff, 0xffff, 0xffff, 0xffff,
	0xffff, 0xffff, 0xffff, 0xffff, 0xffff, 0xffff, 0xffff, 0xffff, 0xffff, 0xffff, 0xffff, 0xffff,
	0xffff, 0xffff, 0xffff, 0xffff, 0xffff, 0xffff, 0xffff, 0xffff, 0xffff, 0xffff, 0xffff, 0xffff,
	0xffff, 0xffff, 0xffff, 0xffff, 0xffff, 0xffff, 0xffff, 0xffff, 0xffff, 0xffff, 0xffff, 0xffff,
	0xffff, 0xffff, 0xffff, 0xffff, 0xffff, 0xffff, 0xffff, 0xffff, 0xffff, 0xffff, 0xffff, 0xffff,
	0xffff, 0xffff, 0xffff, 0xffff, 0xffff, 0xffff, 0xffff, 0xffff, 0x8b4e, 0xffff, 0xffff, 0xffff,
	0xffff, 0xffff, 0xffff, 0xffff, 0xffff, 0xffff, 0xffff, 0xffff, 0xffff, 0xffff, 0xffff, 0xffff,
	0xffff, 0xffff, 0xffff, 0xffff, 0xffff, 0xffff, 0xffff, 0xffff, 0xffff, 0xffff, 0xffff, 0xffff,
	0xffff, 0xffff, 0xffff, 0xffff, 0x8cc1, 0x8bed, 0xffff, 0xffff, 0xffff, 0xffff, 0xffff, 0xffff,
	0xffff, 0xffff, 0xffff, 0xffff, 0xffff, 0xffff, 0xffff, 0xffff, 0xffff, 0xffff, 0xffff, 0xffff,
	0xffff, 0xffff, 0xffff, 0xffff, 0xffff, 0xffff, 0xffff, 0xffff, 0xffff, 0xffff, 0xffff, 0xffff,
	0xffff, 0xffff, 0xffff, 0xffff, 0xffff, 0xffff, 0xffff, 0xffff, 0x91d9, 0xffff, 0xffff, 0xa0a4,
	0xffff, 0xffff, 0xffff, 0xffff, 0xffff, 0xffff, 0xffff, 0xffff, 0xffff, 0xffff, 0xffff, 0xffff,
	0xffff, 0xffff, 0xffff, 0xffff, 0xffff, 0xffff, 0xffff, 0xffff, 0xffff, 0xffff, 0xffff, 0xffff,
	0xffff, 0xffff, 0xffff, 0xffff, 0xffff, 0xffff, 0xffff, 0xffff, 0xffff, 0xffff, 0xffff, 0xffff,
	0xffff, 0xffff, 0xffff, 0xffff, 0xffff, 0xffff, 0xffff, 0x95f5, 0x95f4, 0xffff, 0xffff, 0xffff,
	0xffff, 0xffff, 0xffff, 0xffff, 0xffff, 0xffff, 0xffff, 0xffff, 0xffff, 0xffff, 0xffff, 0xffff,
	0xffff, 0xffff, 0xffff, 0xffff, 0xffff, 0xffff, 0xffff, 0xffff, 0xffff, 0xffff, 0xffff, 0xffff,
	0xffff, 0xffff, 0xffff, 0xffff, 0xffff, 0xffff, 0xffff, 0xffff, 0xffff, 0xffff, 0xffff, 0xffff,
	0xffff, 0xffff, 0xffff, 0xffff, 0xffff, 0xffff, 0xffff, 0xffff, 0xffff, 0x9fb3, 0xffff, 0xffff,
	0xffff, 0xffff, 0xffff, 0xffff, 0xffff, 0xffff, 0xffff, 0xffff, 0xffff, 0xffff, 0xffff, 0xffff,
	0xffff, 0xffff, 0xffff, 0xffff, 0xffff, 0xffff, 0xfeaf, 0xffff, 0xffff, 0xffff, 0xffff, 0xffff,
	0xfe72, 0x927a, 0xffff, 0xffff, 0xffff, 0xffff, 0xffff, 0xffff, 0xffff, 0xffff, 0xffff, 0xffff,
	0xffff, 0xffff, 0xffff, 0xffff, 0xffff, 0xffff, 0xffff, 0xffff, 0xffff, 0xffff, 0xffff, 0xffff,
	0xffff, 0xffff, 0xffff, 0xffff, 0xffff, 0xffff, 0xffff, 0xffff, 0xffff, 0xffff, 0xffff, 0xffff,
	0xffff, 0xffff, 0xffff, 0xfeac, 0xffff, 0xffff, 0xffff, 0xffff, 0xffff, 0xffff, 0xffff, 0xffff,
	0xffff, 0xffff, 0xffff, 0xffff, 0xffff, 0x95f3, 0x9d58, 0x8d46, 0xffff, 0xffff, 0xffff, 0xffff,
	0xffff, 0xffff, 0xffff, 0xffff, 0xffff, 0xffff, 0xffff, 0xffff, 0xffff, 0xffff, 0x9372, 0xffff,
	0xffff, 0x91c5, 0xffff, 0xffff, 0xffff, 0xffff, 0xffff, 0xffff, 0xffff, 0x9642, 0xffff, 0xffff,
	0xffff, 0xffff, 0xffff, 0xffff, 0xffff, 0xffff, 0xffff, 0xffff, 0xffff, 0xffff, 0xffff, 0xffff,
	0xffff, 0xffff, 0xffff, 0xffff, 0xffff, 0xffff, 0xffff, 0xffff, 0xffff, 0xffff, 0xffff, 0xffff,
	0xffff, 0x90cd, 0x95fe, 0x9159, 0xffff, 0xffff, 0xffff, 0xffff, 0xffff, 0xffff, 0xffff, 0xffff,
	0xffff, 0xffff, 0xffff, 0xffff, 0xffff, 0xffff, 0x9c65, 0xffff, 0xffff, 0xffff, 0xffff, 0xffff,
	0xffff, 0xffff, 0xffff, 0xffff, 0xffff, 0xffff, 0xffff, 0xffff, 0xffff, 0xffff, 0xffff, 0xffff,
	0xffff, 0xffff, 0xffff, 0xffff, 0xffff, 0xffff, 0xffff, 0xffff, 0xffff, 0xffff, 0xffff, 0xffff,
	0xffff, 0xffff, 0xffff, 0xffff, 0xffff, 0xffff, 0x97cc, 0x90ce, 0xffff, 0xffff, 0xffff, 0xffff,
	0xffff, 0xffff, 0x9d59, 0xfcf5, 0xfefd, 0xffff, 0xffff, 0x9d5b, 0xffff, 0xffff, 0xffff, 0xffff,
	0xffff, 0xffff, 0xffff, 0xffff, 0xffff, 0xffff, 0xffff, 0xffff, 0xffff, 0xffff, 0xffff, 0xffff,
	0xffff, 0xffff, 0xffff, 0xffff, 0xffff, 0xffff, 0xffff, 0xffff, 0xffff, 0xffff, 0xffff, 0xffff,
	0xffff, 0xffff, 0xffff, 0xffff, 0xffff, 0xffff, 0xffff, 0xffff, 0xffff, 0xffff, 0xffff, 0xffff,
	0xffff, 0xffff, 0xffff, 0x9d5c, 0xffff, 0xffff, 0xffff, 0xffff, 0xffff, 0xffff, 0xffff, 0xffff,
	0xffff, 0xffff, 0xffff, 0xffff, 0xffff, 0xffff, 0xffff, 0xffff, 0x937e, 0xffff, 0xffff, 0xffff,
	0xffff, 0xffff, 0xffff, 0xffff, 0xffff, 0xffff, 0xffff, 0xffff, 0xffff, 0xffff, 0x98ac, 0xffff,
	0xffff, 0x9d5e, 0xffff, 0xffff, 0xffff, 0xffff, 0xffff, 0xffff, 0xffff, 0xffff, 0xffff, 0xffff,
	0xffff, 0xffff, 0xffff, 0xffff, 0xffff, 0xffff, 0xffff, 0xfdd0, 0xffff, 0xffff, 0xffff, 0xffff,
	0xffff, 0xffff, 0xffff, 0xffff, 0xffff, 0xffff, 0xffff, 0xffff, 0xffff, 0xffff, 0xffff, 0xffff,
	0xffff, 0xffff, 0xffff, 0xffff, 0xffff, 0xffff, 0xffff, 0xffff, 0xffff, 0xffff, 0xffff, 0xffff,
	0xffff, 0xffff, 0xffff, 0xffff, 0xffff, 0xffff, 0xffff, 0xffff, 0xffff, 0xffff, 0xffff, 0xffff,
	0xffff, 0xffff, 0xffff, 0xfd60, 0xffff, 0xffff, 0xffff, 0xffff, 0xffff, 0xffff, 0xffff, 0xffff,
	0xffff, 0xffff, 0xffff, 0x9ccf, 0xffff, 0xffff, 0xffff, 0xffff, 0xffff, 0xffff, 0xffff, 0xffff,
	0xffff, 0xffff, 0xffff, 0xffff, 0xffff, 0xffff, 0xffff, 0xffff, 0xffff, 0xffff, 0xffff, 0xffff,
	0xffff, 0xffff, 0xffff, 0xffff, 0xffff, 0xffff, 0xffff, 0xffff, 0xffff, 0xffff, 0xffff, 0xffff,
	0xffff, 0xffff, 0xffff, 0xffff, 0xffff, 0xffff, 0xffff, 0xffff, 0xffff, 0xffff, 0xffff, 0xffff,
	0x90dd, 0xffff, 0xffff, 0xffff, 0xffff, 0xffff, 0xffff, 0xffff, 0xffff, 0xffff, 0xffff, 0xffff,
	0xffff, 0xffff, 0xffff, 0xffff, 0xffff, 0xffff, 0xffff, 0xffff, 0xffff, 0xffff, 0x90e0, 0x90f3,
	0xffff, 0xffff, 0x98b1, 0xffff, 0xffff, 0xffff, 0xffff, 0xffff, 0xffff, 0xffff, 0xffff, 0xffff,
	0xffff, 0xffff, 0xffff, 0xffff, 0xffff, 0xffff, 0xffff, 0xffff, 0xffff, 0x90f0, 0xffff, 0xffff,
	0xffff, 0xffff, 0xffff, 0xffff, 0xffff, 0xffff, 0xffff, 0xffff, 0xffff, 0x93bd, 0xffff, 0xffff,
	0xffff, 0xffff, 0xffff, 0xffff, 0xffff, 0xffff, 0x95b7, 0xffff, 0xffff, 0xffff, 0xffff, 0xffff,
	0xffff, 0xffff, 0xffff, 0xffff, 0xffff, 0xffff, 0xffff, 0xffff, 0xffff, 0xffff, 0xffff, 0xffff,
	0xffff, 0xffff, 0xffff, 0xffff, 0xffff, 0xffff, 0xffff, 0xffff, 0xffff, 0xffff, 0xffff, 0xffff,
	0xffff, 0xffff, 0xffff, 0xffff, 0xffff, 0xffff, 0xffff, 0xffff, 0xffff, 0xffff, 0xffff, 0xffff,
	0xffff, 0xffff, 0xffff, 0xffff, 0xffff, 0xffff, 0xffff, 0xffff, 0xffff, 0xffff, 0xffff, 0xffff,
	0xffff, 0xffff, 0xffff, 0xffff, 0xffff, 0xffff, 0xffff, 0xffff, 0xffff, 0xffff, 0xffff, 0xffff,
	0xffff, 0xffff, 0xffff, 0xffff, 0xffff, 0xffff, 0xffff, 0xffff, 0xffff, 0xffff, 0xffff, 0xffff,
	0xffff, 0xffff, 0xffff, 0xffff, 0xffff, 0xffff, 0xffff, 0xffff, 0xffff, 0xffff, 0xffff, 0xffff,
	0xffff, 0xffff, 0xffff, 0xffff, 0xffff, 0xffff, 0xffff, 0xffff, 0xffff, 0xffff, 0xffff, 0xffff,
	0xffff, 0xffff, 0xffff, 0xffff, 0xffff, 0xffff, 0xffff, 0xffff, 0xffff, 0xffff, 0xffff, 0xffff,
	0xffff, 0xffff, 0xffff, 0xffff, 0xffff, 0xffff, 0xffff, 0xffff, 0xffff, 0xffff, 0xffff, 0xffff,
	0xffff, 0xffff, 0xffff, 0xffff, 0xffff, 0xffff, 0xffff, 0xffff, 0xffff, 0xffff, 0x9f46, 0xffff,
	0xffff, 0xffff, 0xffff, 0xffff, 0xffff, 0xffff, 0xffff, 0x8e4b, 0x9658, 0xffff, 0xffff, 0xffff,
	0xffff, 0xffff, 0xffff, 0xffff, 0xffff, 0xffff, 0xffff, 0x8a4c, 0xffff, 0x9d63, 0x9ecf, 0xffff,
	0xffff, 0xffff, 0xffff, 0xffff, 0xffff, 0xffff, 0xffff, 0xffff, 0xffff, 0xffff, 0xffff, 0xffff,
	0xffff, 0xffff, 0xffff, 0xffff, 0x9d65, 0xffff, 0xffff, 0xffff, 0xffff, 0xffff, 0xffff, 0xffff,
	0x9d66, 0xffff, 0xffff, 0xffff, 0xffff, 0xffff, 0xffff, 0xffff, 0xffff, 0xffff, 0xffff, 0xffff,
	0xffff, 0xffff, 0xffff, 0xffff, 0xffff, 0xffff, 0xffff, 0xffff, 0xffff, 0xffff, 0xffff, 0xffff,
	0xffff, 0xffff, 0xffff, 0xffff, 0xffff, 0xffff, 0xffff, 0x965a, 0xffff, 0xffff, 0xffff, 0xffff,
	0xffff, 0xffff, 0xffff, 0xffff, 0xffff, 0xffff, 0xffff, 0xffff, 0xffff, 0xffff, 0xffff, 0xffff,
	0xffff, 0x9d64, 0xffff, 0xffff, 0xffff, 0xffff, 0xffff, 0xffff, 0xffff, 0xffff, 0xffff, 0xffff,
	0x8a6c, 0x8ad9, 0xffff, 0xffff, 0xffff, 0xffff, 0xffff, 0xffff, 0xffff, 0xffff, 0xffff, 0xffff,
	0xffff, 0xffff, 0xffff, 0xffff, 0xffff, 0xffff, 0xffff, 0x9d67, 0xffff, 0xffff, 0xffff, 0xffff,
	0xffff, 0xffff, 0xffff, 0xffff, 0xffff, 0xffff, 0xffff, 0xffff, 0xffff, 0xffff, 0xffff, 0xffff,
	0xffff, 0xffff, 0xffff, 0xffff, 0xffff, 0xffff, 0xffff, 0xffff, 0xffff, 0xffff, 0xffff, 0xffff,
	0xffff, 0xffff, 0xffff, 0xffff, 0xffff, 0xffff, 0xffff, 0xffff, 0xffff, 0xffff, 0xffff, 0xffff,
	0xffff, 0xffff, 0xffff, 0xffff, 0xffff, 0xffff, 0xffff, 0xffff, 0xffff, 0xffff, 0xffff, 0xffff,
	0xffff, 0xffff, 0xffff, 0xffff, 0xffff, 0xffff, 0xffff, 0xffff, 0xffff, 0xffff, 0xffff, 0xffff,
	0xffff, 0xffff, 0xffff, 0xffff, 0xffff, 0xffff, 0xffff, 0xffff, 0xffff, 0xffff, 0xffff, 0xffff,
	0xffff, 0xffff, 0xffff, 0xffff, 0xffff, 0xffff, 0xffff, 0xffff, 0xffff, 0xffff, 0xffff, 0xffff,
	0xffff, 0xffff, 0xffff, 0xffff, 0xffff, 0xffff, 0xffff, 0xffff, 0xffff, 0xffff, 0xffff, 0xffff,
	0xffff, 0xffff, 0xffff, 0xffff, 0xffff, 0xffff, 0xffff, 0xffff, 0xffff, 0xffff, 0xffff, 0xffff,
	0xffff, 0xffff, 0xffff, 0xffff, 0xffff, 0xffff, 0xffff, 0xffff, 0xffff, 0xffff, 0xffff, 0xffff,
	0xffff, 0xffff, 0xffff, 0xffff, 0xffff, 0xffff, 0xffff, 0xffff, 0xffff, 0xffff, 0xffff, 0xffff,
	0xffff, 0xffff, 0xffff, 0xffff, 0xffff, 0xffff, 0xffff, 0xffff, 0xffff, 0xffff, 0xffff, 0xffff,
	0xffff, 0xffff, 0xffff, 0xffff, 0xffff, 0xffff, 0xffff, 0xffff, 0xffff, 0xffff, 0xffff, 0xffff,
	0xffff, 0x8a70, 0x8bf3, 0xffff, 0xffff, 0xffff, 0xffff, 0xffff, 0xffff, 0xffff, 0xffff, 0xffff,
	0xffff, 0xffff, 0xffff, 0xffff, 0xffff, 0xffff, 0xffff, 0xffff, 0xffff, 0xffff, 0xffff, 0xffff,
	0xffff, 0xffff, 0xffff, 0xffff, 0xffff, 0xffff, 0xffff, 0xffff, 0xffff, 0xffff, 0xffff, 0xffff,
	0xffff, 0xffff, 0xffff, 0xffff, 0xffff, 0xffff, 0xffff, 0xffff, 0xffff, 0xffff, 0xffff, 0xffff,
	0xffff, 0xffff, 0xffff, 0xffff, 0xffff, 0xffff, 0xffff, 0xffff, 0xffff, 0xffff, 0xffff, 0xffff,
	0xffff, 0xffff, 0xffff, 0xffff, 0xffff, 0xffff, 0xffff, 0xffff, 0xffff, 0xffff, 0xffff, 0xffff,
	0xffff, 0x9150, 0xffff, 0xffff, 0xffff, 0xffff, 0xffff, 0xffff, 0xffff, 0xffff, 0xffff, 0xffff,
	0xffff, 0xffff, 0xffff, 0xffff, 0xffff, 0xffff, 0xffff, 0xffff, 0xffff, 0xffff, 0xffff, 0xffff,
	0xffff, 0xffff, 0xffff, 0xffff, 0xffff, 0xffff, 0xffff, 0xffff, 0xffff, 0xffff, 0xffff, 0xffff,
	0xffff, 0xffff, 0xffff, 0xffff, 0xffff, 0xffff, 0xffff, 0xffff, 0xffff, 0xffff, 0xffff, 0xffff,
	0xffff, 0xffff, 0xffff, 0xffff, 0xffff, 0xffff, 0xffff, 0xffff, 0xffff, 0xffff, 0xffff, 0xffff,
	0xffff, 0xffff, 0xffff, 0xffff, 0xffff, 0xffff, 0xffff, 0xffff, 0xffff, 0xffff, 0xffff, 0xffff,
	0xffff, 0xffff, 0xffff, 0xffff, 0xffff, 0xffff, 0x9cc1, 0xffff, 0xffff, 0xffff, 0xffff, 0xffff,
	0xffff, 0xffff, 0xffff, 0xffff, 0xffff, 0xffff, 0xffff, 0xffff, 0xffff, 0xffff, 0xffff, 0xffff,
	0xffff, 0xffff, 0xffff, 0xffff, 0xffff, 0xffff, 0xffff, 0xffff, 0xffff, 0xffff, 0xffff, 0xffff,
	0xffff, 0xffff, 0xffff, 0xffff, 0xffff, 0xffff, 0xffff, 0xffff, 0xffff, 0xffff, 0xffff, 0xffff,
	0xffff, 0xffff, 0xffff, 0x9d68, 0xffff, 0xffff, 0xffff, 0xffff, 0xffff, 0xffff, 0xffff, 0xffff,
	0xffff, 0xffff, 0xffff, 0xffff, 0xffff, 0xffff, 0xffff, 0xffff, 0xffff, 0xffff, 0xffff, 0xffff,
	0xffff, 0xffff, 0xffff, 0xffff, 0x93a7, 0xffff, 0xffff, 0xffff, 0xffff, 0xffff, 0xffff, 0x9674,
	0xffff, 0xffff, 0xffff, 0xffff, 0xffff, 0xffff, 0xffff, 0xffff, 0x8cfd, 0xa0ef, 0xffff, 0x9151,
	0xffff, 0xffff, 0xffff, 0xffff, 0xffff, 0xffff, 0xffff, 0xffff, 0xffff, 0xffff, 0xffff, 0xffff,
	0xffff, 0xffff, 0xffff, 0xffff, 0xffff, 0xffff, 0xffff, 0xffff, 0xffff, 0xffff, 0xffff, 0xffff,
	0xffff, 0xffff, 0xffff, 0xffff, 0xffff, 0xffff, 0xffff, 0xffff, 0xffff, 0xffff, 0xffff, 0xffff,
	0xffff, 0xffff, 0xffff, 0xffff, 0xffff, 0x96c1, 0xffff, 0xffff, 0xffff, 0xffff, 0xffff, 0xffff,
	0xffff, 0xffff, 0xffff, 0xffff, 0xffff, 0xffff, 0xffff, 0xffff, 0xffff, 0xffff, 0xffff, 0xffff,
	0xffff, 0xffff, 0xffff, 0x8777, 0xffff, 0x8c64, 0x9676, 0x9d69, 0xffff, 0xffff, 0xffff, 0xffff,
	0xffff, 0xffff, 0xffff, 0xffff, 0xffff, 0xffff, 0xffff, 0xffff, 0xffff, 0xffff, 0xffff, 0xffff,
	0xffff, 0xffff, 0xffff, 0xfca4, 0xffff, 0xffff, 0xffff, 0xffff, 0xffff, 0xffff, 0xffff, 0xffff,
	0xffff, 0xffff, 0xffff, 0xffff, 0x9d6a, 0xffff, 0xffff, 0xffff, 0xffff, 0xffff, 0xffff, 0xffff,
	0xffff, 0xffff, 0xffff, 0xffff, 0xffff, 0xffff, 0xffff, 0xffff, 0xffff, 0xffff, 0xffff, 0xffff,
	0xffff, 0xffff, 0xffff, 0xffff, 0xffff, 0xffff, 0xffff, 0xffff, 0xffff, 0xffff, 0xffff, 0xffff,
	0xffff, 0xffff, 0xffff, 0xffff, 0xffff, 0xffff, 0xffff, 0xffff, 0xffff, 0xffff, 0xffff, 0xffff,
	0xffff, 0xffff, 0xffff, 0xffff, 0xffff, 0xffff, 0xffff, 0x924e, 0xffff, 0xffff, 0xffff, 0xffff,
	0xffff, 0xffff, 0xffff, 0xffff, 0xffff, 0xffff, 0xffff, 0xffff, 0xffff, 0xffff, 0xffff, 0xffff,
	0xffff, 0xffff, 0xffff, 0xffff, 0xffff, 0xffff, 0xffff, 0xffff, 0xffff, 0xffff, 0xffff, 0xffff,
	0xffff, 0xffff, 0xffff, 0xffff, 0xffff, 0xffff, 0xffff, 0xffff, 0xffff, 0x9d6b, 0xffff, 0xffff,
	0xffff, 0xffff, 0xffff, 0x9bc1, 0x9d6c, 0xffff, 0xffff, 0xffff, 0xffff, 0xffff, 0xffff, 0xffff,
	0xffff, 0xffff, 0xffff, 0xffff, 0xffff, 0xffff, 0xffff, 0xffff, 0xffff, 0xffff, 0xffff, 0xffff,
	0xffff, 0xffff, 0xffff, 0xffff, 0xffff, 0xffff, 0xffff, 0xffff, 0xffff, 0xffff, 0xffff, 0xffff,
	0xffff, 0xffff, 0xffff, 0xffff, 0xffff, 0x8a65, 0x915d, 0xffff, 0xffff, 0xffff, 0xffff, 0xffff,
	0xffff, 0xffff, 0xffff, 0x9d6d, 0xffff, 0xffff, 0xffff, 0xffff, 0xffff, 0xffff, 0xffff, 0xffff,
	0xffff, 0xffff, 0xffff, 0xffff, 0xffff, 0xffff, 0xffff, 0xffff, 0xffff, 0xffff, 0xffff, 0xffff,
	0xffff, 0xffff, 0xffff, 0xffff, 0xffff, 0xffff, 0xffff, 0xffff, 0xffff, 0xffff, 0xffff, 0xffff,
	0xffff, 0xffff, 0xffff, 0xffff, 0xffff, 0xffff, 0xffff, 0xffff, 0xffff, 0xffff, 0xffff, 0xffff,
	0xffff, 0xffff, 0xffff, 0xffff, 0xffff, 0xffff, 0xffff, 0xffff, 0xffff, 0xffff, 0xffff, 0xffff,
	0xffff, 0xffff, 0xffff, 0xffff, 0xffff, 0xffff, 0xffff, 0xffff, 0xffff, 0xffff, 0xffff, 0xffff,
	0xffff, 0xffff, 0xffff, 0xffff, 0xffff, 0xffff, 0xffff, 0xffff, 0xffff, 0xffff, 0xffff, 0xffff,
	0xffff, 0xffff, 0xffff, 0xffff, 0xffff, 0xffff, 0xffff, 0xffff, 0xffff, 0xffff, 0xffff, 0xffff,
	0xffff, 0xffff, 0xffff, 0xffff, 0xffff, 0xffff, 0xffff, 0xffff, 0xffff, 0xffff, 0xffff, 0xffff,
	0xffff, 0xffff, 0xffff, 0xffff, 0xffff, 0xffff, 0xffff, 0xffff, 0xffff, 0xffff, 0xffff, 0xffff,
	0xffff, 0xffff, 0xffff, 0xffff, 0xffff, 0xffff, 0xffff, 0xffff, 0xffff, 0xffff, 0xffff, 0xffff,
	0xffff, 0xffff, 0xffff, 0xffff, 0xffff, 0xffff, 0xffff, 0xffff, 0xffff, 0xffff, 0xffff, 0xffff,
	0xffff, 0xffff, 0xffff, 0xffff, 0xffff, 0xffff, 0xffff, 0xffff, 0xffff, 0xffff, 0xffff, 0xffff,
	0xffff, 0xffff, 0xffff, 0xffff, 0xffff, 0xffff, 0xffff, 0xffff, 0xffff, 0xffff, 0xffff, 0xffff,
	0xffff, 0xffff, 0xffff, 0xffff, 0xffff, 0xffff, 0xffff, 0xffff, 0xffff, 0xffff, 0xffff, 0xffff,
	0xffff, 0xffff, 0xffff, 0xffff, 0xffff, 0xffff, 0xffff, 0xffff, 0xffff, 0xffff, 0xffff, 0xffff,
	0xffff, 0xffff, 0xffff, 0xffff, 0xffff, 0xffff, 0xffff, 0xffff, 0xffff, 0xffff, 0x915a, 0x8c42,
	0xffff, 0xffff, 0xffff, 0xffff, 0xffff, 0xffff, 0xffff, 0xffff, 0xffff, 0xffff, 0xffff, 0xffff,
	0xffff, 0xffff, 0xffff, 0xffff, 0xffff, 0xffff, 0xffff, 0xffff, 0xffff, 0xffff, 0xffff, 0xffff,
	0xffff, 0xffff, 0xffff, 0xffff, 0xffff, 0xffff, 0xffff, 0xffff, 0xffff, 0xffff, 0xffff, 0xffff,
	0xffff, 0xffff, 0xffff, 0xffff, 0xffff, 0xffff, 0xffff, 0xffff, 0xffff, 0xffff, 0xffff, 0xffff,
	0xffff, 0xffff, 0xffff, 0xffff, 0xffff, 0xffff, 0xffff, 0xffff, 0xffff, 0x9cc0, 0x916a, 0xffff,
	0xffff, 0xffff, 0xffff, 0xffff, 0xffff, 0xffff, 0xffff, 0xffff, 0xffff, 0xffff, 0xffff, 0xffff,
	0xffff, 0xffff, 0xffff, 0xffff, 0xffff, 0xffff, 0xffff, 0xffff, 0xffff, 0xffff, 0xffff, 0xffff,
	0xffff, 0xffff, 0x9d6e, 0xffff, 0xffff, 0xffff, 0xffff, 0xffff, 0xffff, 0xffff, 0xffff, 0xffff,
	0xffff, 0xffff, 0xffff, 0xffff, 0xffff, 0xffff, 0xffff, 0xffff, 0xffff, 0xffff, 0xffff, 0xffff,
	0xffff, 0xffff, 0xffff, 0xffff, 0xffff, 0xffff, 0xffff, 0xffff, 0xffff, 0xffff, 0xffff, 0xffff,
	0x9ea6, 0xffff, 0xffff, 0xffff, 0xffff, 0xffff, 0xffff, 0xffff, 0xffff, 0xffff, 0xffff, 0xffff,
	0xffff, 0xffff, 0xffff, 0xffff, 0xffff, 0xffff, 0xffff, 0xffff, 0xffff, 0xffff, 0xffff, 0xffff,
	0xffff, 0xffff, 0xffff, 0xffff, 0x9dcd, 0xffff, 0xffff, 0x9d6f, 0xffff, 0xffff, 0xffff, 0xffff,
	0xffff, 0xffff, 0xffff, 0xffff, 0xffff, 0xffff, 0xffff, 0xffff, 0xffff, 0xffff, 0xffff, 0xffff,
	0xffff, 0xffff, 0xffff, 0xffff, 0xffff, 0xffff, 0xffff, 0xffff, 0xffff, 0xffff, 0xffff, 0xffff,
	0xffff, 0xffff, 0xffff, 0xffff, 0xffff, 0xffff, 0xffff, 0xffff, 0xffff, 0xffff, 0xffff, 0xffff,
	0xffff, 0xffff, 0xffff, 0xffff, 0xffff, 0xffff, 0xffff, 0xffff, 0xffff, 0xffff, 0xffff, 0xffff,
	0xffff, 0xffff, 0xffff, 0xffff, 0xffff, 0xffff, 0xffff, 0xffff, 0xffff, 0xffff, 0xffff, 0xffff,
	0xffff, 0xffff, 0xffff, 0xffff, 0xffff, 0xffff, 0xffff, 0xffff, 0xffff, 0xffff, 0xffff, 0xffff,
	0xffff, 0xffff, 0xffff, 0xffff, 0xffff, 0xffff, 0xffff, 0xffff, 0xffff, 0xffff, 0xffff, 0xffff,
	0xffff, 0xffff, 0x89bb, 0x9ef9, 0xffff, 0xffff, 0xffff, 0xffff, 0xffff, 0xffff, 0xffff, 0xffff,
	0xffff, 0xffff, 0xffff, 0xffff, 0xffff, 0xffff, 0xffff, 0xffff, 0xffff, 0xffff, 0xffff, 0xffff,
	0xffff, 0xffff, 0xffff, 0xffff, 0xffff, 0xffff, 0xffff, 0xffff, 0xffff, 0xffff, 0xffff, 0xffff,
	0xffff, 0xffff, 0xffff, 0xffff, 0xffff, 0xffff, 0x96b4, 0xffff, 0xffff, 0xffff, 0xffff, 0xffff,
	0xffff, 0xffff, 0xffff, 0xffff, 0xffff, 0xffff, 0xffff, 0xffff, 0xffff, 0xffff, 0xffff, 0xffff,
	0xffff, 0xffff, 0xffff, 0xffff, 0xffff, 0xffff, 0xffff, 0xffff, 0xffff, 0xffff, 0xffff, 0xffff,
	0xffff, 0xffff, 0xffff, 0xffff, 0xffff, 0xffff, 0xffff, 0xffff, 0xffff, 0xffff, 0xffff, 0xffff,
	0xffff, 0xffff, 0xffff, 0xffff, 0xffff, 0xffff, 0xffff, 0xffff, 0xffff, 0xffff, 0xffff, 0xffff,
	0xffff, 0xffff, 0xffff, 0xffff, 0xffff, 0x9172, 0xffff, 0xffff, 0xffff, 0xffff, 0xffff, 0xffff,
	0xffff, 0xffff, 0xffff, 0xffff, 0xffff, 0xffff, 0xffff, 0xffff, 0xffff, 0xffff, 0xffff, 0xffff,
	0xffff, 0xffff, 0xffff, 0xffff, 0xffff, 0xffff, 0xffff, 0xffff, 0xffff, 0xffff, 0xffff, 0xffff,
	0xffff, 0xffff, 0xffff, 0xffff, 0xffff, 0xffff, 0xffff, 0xffff, 0xffff, 0xffff, 0xffff, 0xffff,
	0xffff, 0xffff, 0xffff, 0xffff, 0xffff, 0xffff, 0xffff, 0xffff, 0xffff, 0xffff, 0xffff, 0xffff,
	0xffff, 0xffff, 0xffff, 0xffff, 0xffff, 0xffff, 0xffff, 0xffff, 0xffff, 0xffff, 0xffff, 0xffff,
	0xffff, 0x9ec8, 0xffff, 0xffff, 0xffff, 0x8771, 0xffff, 0xffff, 0xffff, 0xffff, 0xffff, 0xffff,
	0xffff, 0xffff, 0xffff, 0xffff, 0xffff, 0xffff, 0xffff, 0xffff, 0xffff, 0xffff, 0xffff, 0xffff,
	0x8b55, 0xffff, 0xffff, 0xffff, 0xffff, 0xffff, 0xffff, 0xffff, 0xffff, 0xffff, 0xffff, 0xffff,
	0xffff, 0xffff, 0xffff, 0xffff, 0xffff, 0xffff, 0xffff, 0xffff, 0xffff, 0xffff, 0xffff, 0xffff,
	0xffff, 0xffff, 0xffff, 0xffff, 0xffff, 0xffff, 0xffff, 0xffff, 0xffff, 0xffff, 0xffff, 0xffff,
	0xffff, 0xffff, 0xffff, 0xffff, 0xffff, 0xffff, 0xffff, 0xffff, 0xffff, 0xffff, 0xffff, 0xffff,
	0xffff, 0xffff, 0xffff, 0xffff, 0xffff, 0x9d71, 0x9d72, 0xffff, 0xffff, 0xffff, 0xffff, 0xffff,
	0xffff, 0xffff, 0xffff, 0xffff, 0xffff, 0xffff, 0xffff, 0x9ecc, 0xffff, 0xffff, 0xffff, 0xffff,
	0xffff, 0xffff, 0xffff, 0xffff, 0xffff, 0xffff, 0xffff, 0xffff, 0xffff, 0xffff, 0xffff, 0xffff,
	0xffff, 0xffff, 0xffff, 0xffff, 0xffff, 0xffff, 0xffff, 0xffff, 0xffff, 0xffff, 0xffff, 0xffff,
	0xffff, 0xffff, 0xffff, 0xffff, 0xffff, 0xffff, 0xffff, 0xffff, 0xffff, 0xffff, 0xffff, 0xffff,
	0xffff, 0xffff, 0xffff, 0xffff, 0xffff, 0xffff, 0xffff, 0xffff, 0xffff, 0xffff, 0xffff, 0xffff,
	0xffff, 0xffff, 0xffff, 0xffff, 0xffff, 0xffff, 0xffff, 0xffff, 0xffff, 0xffff, 0xffff, 0xffff,
	0xffff, 0xffff, 0xffff, 0xffff, 0xffff, 0xffff, 0xffff, 0xffff, 0xffff, 0xffff, 0xffff, 0xffff,
	0xffff, 0xffff, 0xffff, 0xffff, 0xffff, 0xffff, 0xffff, 0xffff, 0xffff, 0xffff, 0xffff, 0xffff,
	0xffff, 0xffff, 0xffff, 0xffff, 0xffff, 0xffff, 0xffff, 0xffff, 0xffff, 0xffff, 0xffff, 0xffff,
	0xffff, 0xffff, 0xffff, 0xffff, 0xffff, 0xffff, 0xffff, 0xffff, 0xffff, 0xffff, 0xffff, 0xffff,
	0xffff, 0xffff, 0xffff, 0xffff, 0xffff, 0xffff, 0xffff, 0xffff, 0xffff, 0xffff, 0xffff, 0xffff,
	0xffff, 0xffff, 0xffff, 0xffff, 0xffff, 0xffff, 0xffff, 0xffff, 0xffff, 0xffff, 0x9174, 0xffff,
	0xffff, 0xffff, 0xffff, 0xffff, 0xffff, 0xffff, 0xffff, 0xffff, 0xffff, 0xffff, 0xffff, 0xffff,
	0xffff, 0xffff, 0xffff, 0xffff, 0xffff, 0xffff, 0xffff, 0xffff, 0xffff, 0xffff, 0xffff, 0xffff,
	0xffff, 0xffff, 0xffff, 0xffff, 0xffff, 0xffff, 0xffff, 0xffff, 0xffff, 0xffff, 0xffff, 0xffff,
	0xffff, 0x9ed0, 0x905c, 0xffff, 0xffff, 0xffff, 0xffff, 0xffff, 0xffff, 0xffff, 0xffff, 0xffff,
	0xffff, 0xffff, 0xffff, 0xffff, 0xffff, 0xffff, 0xffff, 0xffff, 0xffff, 0xffff, 0xffff, 0xffff,
	0xffff, 0xffff, 0xffff, 0xffff, 0xffff, 0xffff, 0xffff, 0xffff, 0xffff, 0xffff, 0xffff, 0xffff,
	0xffff, 0xffff, 0xffff, 0xffff, 0xffff, 0xffff, 0xffff, 0xffff, 0xffff, 0xffff, 0xffff, 0xffff,
	0xffff, 0xffff, 0xffff, 0xffff, 0xffff, 0xffff, 0xffff, 0xffff, 0xffff, 0xffff, 0xffff, 0xffff,
	0xffff, 0xffff, 0xffff, 0xffff, 0xffff, 0xffff, 0xffff, 0xffff, 0xffff, 0xffff, 0xffff, 0xffff,
	0xffff, 0xffff, 0xffff, 0xffff, 0xffff, 0xffff, 0xffff, 0xffff, 0xffff, 0xffff, 0xffff, 0xffff,
	0xffff, 0xffff, 0xffff, 0xffff, 0xffff, 0xffff, 0xffff, 0xffff, 0xffff, 0xffff, 0xffff, 0xffff,
	0xffff, 0xffff, 0xffff, 0xffff, 0xffff, 0xffff, 0xffff, 0xffff, 0xffff, 0xffff, 0xffff, 0xffff,
	0xffff, 0xffff, 0xffff, 0xffff, 0xffff, 0xffff, 0xffff, 0xffff, 0xffff, 0x8ed2, 0xffff, 0xffff,
	0xffff, 0xffff, 0xffff, 0xffff, 0xffff, 0xffff, 0xffff, 0xffff, 0xffff, 0xffff, 0xffff, 0xffff,
	0xffff, 0xffff, 0xffff, 0xffff, 0xffff, 0xffff, 0xffff, 0xffff, 0xffff, 0xffff, 0xffff, 0xffff,
	0xffff, 0xffff, 0xffff, 0xffff, 0xffff, 0xffff, 0xffff, 0xffff, 0xffff, 0xffff, 0xffff, 0xffff,
	0xffff, 0xffff, 0xffff, 0xffff, 0xffff, 0xffff, 0xffff, 0xffff, 0xffff, 0xffff, 0xffff, 0x91a8,
	0xffff, 0xffff, 0xffff, 0xffff, 0xffff, 0xffff, 0xffff, 0xffff, 0xffff, 0xffff, 0xffff, 0xffff,
	0xffff, 0xffff, 0xffff, 0xffff, 0xffff, 0xffff, 0xffff, 0xffff, 0xffff, 0xffff, 0xffff, 0xffff,
	0xffff, 0xffff, 0xffff, 0xffff, 0xffff, 0xffff, 0xffff, 0xffff, 0xffff, 0xffff, 0xffff, 0xffff,
	0xffff, 0xffff, 0xffff, 0x9177, 0xffff, 0xffff, 0xffff, 0xffff, 0xffff, 0xffff, 0xffff, 0xffff,
	0xffff, 0xffff, 0xffff, 0x96bf, 0xffff, 0xffff, 0xffff, 0xffff, 0xffff, 0x96c0, 0xffff, 0xffff,
	0xffff, 0xffff, 0x8fb1, 0xffff, 0xffff, 0xffff, 0xffff, 0xffff, 0x96b7, 0x8c55, 0xffff, 0xffff,
	0xffff, 0xffff, 0xffff, 0xffff, 0xffff, 0xffff, 0xffff, 0xffff, 0xffff, 0xffff, 0xffff, 0xffff,
	0xffff, 0xffff, 0xffff, 0xffff, 0xffff, 0xffff, 0xffff, 0xffff, 0xffff, 0xffff, 0xffff, 0xffff,
	0xffff, 0x9178, 0xffff, 0xffff, 0xffff, 0xffff, 0xffff, 0xffff, 0xffff, 0xffff, 0xffff, 0xffff,
	0xffff, 0xffff, 0xffff, 0xffff, 0xffff, 0x89be, 0x917c, 0xffff, 0xffff, 0xffff, 0xffff, 0xffff,
	0xffff, 0xffff, 0xffff, 0xffff, 0xffff, 0xffff, 0xffff, 0xffff, 0xffff, 0xffff, 0xffff, 0xffff,
	0xffff, 0xffff, 0xffff, 0xffff, 0xffff, 0xffff, 0xffff, 0xffff, 0xffff, 0xffff, 0xfb77, 0xffff,
	0xffff, 0xffff, 0xffff, 0xffff, 0xffff, 0xffff, 0xffff, 0xffff, 0xffff, 0xffff, 0xffff, 0xffff,
	0xffff, 0xffff, 0xffff, 0xffff, 0xffff, 0xffff, 0xffff, 0xffff, 0xffff, 0xffff, 0xffff, 0xffff,
	0xffff, 0xffff, 0xffff, 0xffff, 0xffff, 0xffff, 0xffff, 0xffff, 0xffff, 0xffff, 0xffff, 0xffff,
	0xffff, 0xffff, 0xffff, 0xffff, 0xffff, 0xffff, 0xffff, 0xffff, 0xffff, 0xffff, 0xffff, 0xffff,
	0xffff, 0xffff, 0xffff, 0xffff, 0xffff, 0xffff, 0xffff, 0xffff, 0xffff, 0xffff, 0xffff, 0xffff,
	0xffff, 0xffff, 0xffff, 0xffff, 0x9175, 0x91a3, 0xffff, 0xffff, 0xffff, 0xffff, 0xffff, 0xffff,
	0xffff, 0xffff, 0xffff, 0xffff, 0xffff, 0xffff, 0xffff, 0xffff, 0xffff, 0xffff, 0xffff, 0xffff,
	0xffff, 0xffff, 0xffff, 0xffff, 0xffff, 0x9176, 0xffff, 0xffff, 0xffff, 0xffff, 0xffff, 0xffff,
	0xffff, 0xffff, 0x96be, 0x8d49, 0xffff, 0xffff, 0xffff, 0xffff, 0xffff, 0xffff, 0xffff, 0xffff,
	0xffff, 0xffff, 0xffff, 0xffff, 0xffff, 0xffff, 0xffff, 0xffff, 0xffff, 0xffff, 0xffff, 0xffff,
	0xffff, 0xffff, 0xffff, 0xffff, 0xffff, 0xffff, 0xffff, 0xffff, 0xffff, 0xffff, 0xffff, 0xffff,
	0xffff, 0xffff, 0xffff, 0xffff, 0xffff, 0xffff, 0xffff, 0xffff, 0xffff, 0x9179, 0xffff, 0xffff,
	0xffff, 0xffff, 0xffff, 0xffff, 0xffff, 0xffff, 0xffff, 0xffff, 0xffff, 0xffff, 0xffff, 0xffff,
	0xffff, 0xffff, 0xffff, 0xffff, 0xffff, 0xffff, 0xffff, 0x96b6, 0x91a4, 0xffff, 0xffff, 0xffff,
	0xffff, 0xffff, 0xffff, 0xffff, 0xffff, 0xffff, 0xffff, 0xffff, 0xffff, 0xffff, 0xffff, 0xffff,
	0xffff, 0xffff, 0xffff, 0x91a6, 0xffff, 0xffff, 0xffff, 0xffff, 0xffff, 0xffff, 0xffff, 0xffff,
	0xffff, 0xffff, 0xffff, 0xffff, 0xffff, 0xffff, 0xffff, 0xffff, 0xffff, 0xffff, 0xffff, 0xffff,
	0xffff, 0xffff, 0xffff, 0xffff, 0xffff, 0xffff, 0xffff, 0xffff, 0xffff, 0xffff, 0xffff, 0xffff,
	0xffff, 0xffff, 0xffff, 0xffff, 0xffff, 0xffff, 0xffff, 0xffff, 0xffff, 0xffff, 0xffff, 0xffff,
	0xffff, 0xffff, 0xffff, 0xffff, 0xffff, 0xffff, 0xffff, 0xffff, 0xffff, 0xffff, 0xffff, 0xffff,
	0xffff, 0xffff, 0xffff, 0xffff, 0xffff, 0xffff, 0xffff, 0xffff, 0xffff, 0xffff, 0xffff, 0xffff,
	0xffff, 0xffff, 0xffff, 0xffff, 0xffff, 0xffff, 0xffff, 0xffff, 0xffff, 0xffff, 0xffff, 0xffff,
	0xffff, 0xffff, 0xffff, 0xffff, 0xffff, 0xffff, 0xffff, 0xffff, 0xffff, 0xffff, 0xffff, 0xffff,
	0xffff, 0xffff, 0xffff, 0x9d75, 0xffff, 0xffff, 0xffff, 0xffff, 0xffff, 0xffff, 0xffff, 0xffff,
	0xffff, 0xffff, 0xffff, 0x9052, 0xffff, 0xffff, 0xffff, 0xffff, 0xffff, 0xffff, 0xffff, 0xffff,
	0xffff, 0xffff, 0xffff, 0xffff, 0xffff, 0xffff, 0xffff, 0xffff, 0xffff, 0xffff, 0xa045, 0xffff,
	0x91a9, 0xffff, 0x98aa, 0xffff, 0xffff, 0xffff, 0x8c5f, 0xffff, 0xffff, 0x8baa, 0xffff, 0xffff,
	0xffff, 0xffff, 0xffff, 0xffff, 0xffff, 0xffff, 0xffff, 0xffff, 0xffff, 0xffff, 0xffff, 0xffff,
	0xffff, 0xffff, 0xffff, 0xffff, 0xffff, 0xffff, 0xffff, 0xffff, 0xffff, 0xffff, 0xffff, 0xffff,
	0xffff, 0xffff, 0xffff, 0xffff, 0xffff, 0xffff, 0xffff, 0x9cdd, 0xffff, 0xffff, 0xffff, 0xffff,
	0xffff, 0xffff, 0xffff, 0xffff, 0xffff, 0xffff, 0xffff, 0xffff, 0xffff, 0xffff, 0xffff, 0xffff,
	0xffff, 0xffff, 0xffff, 0xffff, 0xffff, 0xffff, 0xffff, 0xffff, 0xffff, 0xffff, 0xffff, 0xffff,
	0xffff, 0xffff, 0xffff, 0x9d77, 0x8756, 0xffff, 0xffff, 0xffff, 0xffff, 0xffff, 0xffff, 0xffff,
	0xffff, 0xffff, 0xffff, 0xffff, 0xffff, 0xffff, 0xffff, 0xffff, 0xffff, 0xffff, 0xffff, 0xffff,
	0xffff, 0xffff, 0xffff, 0xffff, 0xffff, 0xffff, 0xffff, 0xffff, 0xffff, 0xffff, 0xffff, 0xffff,
	0xffff, 0xffff, 0xffff, 0xffff, 0xffff, 0xffff, 0xffff, 0xffff, 0xffff, 0xffff, 0xffff, 0xffff,
	0xffff, 0xffff, 0xffff, 0xffff, 0xffff, 0xffff, 0xffff, 0xffff, 0xffff, 0xffff, 0xffff, 0xffff,
	0xffff, 0xffff, 0xffff, 0xffff, 0xffff, 0xffff, 0xffff, 0xffff, 0xffff, 0xffff, 0xffff, 0xffff,
	0xffff, 0xffff, 0xffff, 0xffff, 0xffff, 0xffff, 0xffff, 0xffff, 0xffff, 0xffff, 0xffff, 0xffff,
	0xffff, 0xffff, 0xffff, 0xffff, 0xffff, 0xffff, 0xffff, 0xffff, 0x8940, 0x9eec, 0xffff, 0xffff,
	0xffff, 0xffff, 0xffff, 0xffff, 0xffff, 0xffff, 0xffff, 0xffff, 0xffff, 0xffff, 0xffff, 0xffff,
	0xffff, 0xffff, 0xffff, 0xffff, 0xffff, 0xffff, 0xffff, 0xffff, 0xffff, 0xffff, 0xffff, 0xffff,
	0xffff, 0xffff, 0xffff, 0xffff, 0xffff, 0xffff, 0xffff, 0xffff, 0xffff, 0xffff, 0xffff, 0xffff,
	0x93aa, 0x9478, 0xffff, 0xffff, 0xffff, 0xffff, 0x9d7a, 0x8ac9, 0xffff, 0xffff, 0xffff, 0xffff,
	0xffff, 0xffff, 0xffff, 0xffff, 0xffff, 0xffff, 0xffff, 0xffff, 0xffff, 0xffff, 0xffff, 0xffff,
	0xffff, 0xffff, 0xffff, 0xffff, 0xffff, 0xffff, 0xffff, 0xffff, 0xffff, 0xffff, 0xffff, 0xffff,
	0xffff, 0xffff, 0xffff, 0xffff, 0xffff, 0xffff, 0xffff, 0xffff, 0xffff, 0xffff, 0xffff, 0xffff,
	0xffff, 0xffff, 0xffff, 0xffff, 0xffff, 0xffff, 0xffff, 0xffff, 0x8b4b, 0xffff, 0xffff, 0xffff,
	0xffff, 0xffff, 0xffff, 0xffff, 0xffff, 0xffff, 0xffff, 0xffff, 0xffff, 0xffff, 0xffff, 0xffff,
	0xffff, 0xffff, 0xffff, 0xffff, 0xffff, 0xffff, 0xffff, 0xffff, 0x9fec, 0xffff, 0xffff, 0xffff,
	0xffff, 0xffff, 0xffff, 0xffff, 0xffff, 0xffff, 0xffff, 0xffff, 0xffff, 0xffff, 0xffff, 0xffff,
	0xffff, 0x8ae2, 0xffff, 0xffff, 0xffff, 0xffff, 0xffff, 0xffff, 0xffff, 0xffff, 0xffff, 0xffff,
	0xffff, 0xffff, 0xffff, 0xffff, 0xffff, 0xffff, 0xffff, 0xffff, 0xffff, 0xffff, 0xffff, 0xffff,
	0xffff, 0xffff, 0xffff, 0xffff, 0xffff, 0xffff, 0xffff, 0xffff, 0xffff, 0xffff, 0xffff, 0xffff,
	0xffff, 0xffff, 0xffff, 0xffff, 0xffff, 0xffff, 0xffff, 0xffff, 0xffff, 0xffff, 0xffff, 0xffff,
	0xffff, 0xffff, 0xffff, 0xffff, 0xffff, 0xffff, 0xffff, 0xffff, 0xffff, 0xffff, 0xffff, 0xffff,
	0xffff, 0xffff, 0xffff, 0xffff, 0xffff, 0xffff, 0xffff, 0xffff, 0xffff, 0xffff, 0xffff, 0xffff,
	0xffff, 0xffff, 0xffff, 0xffff, 0xffff, 0xffff, 0xffff, 0x9e75, 0x9874, 0xffff, 0xffff, 0xffff,
	0xffff, 0xffff, 0xffff, 0xffff, 0xffff, 0xffff, 0xffff, 0xffff, 0xffff, 0xffff, 0xffff, 0xffff,
	0xffff, 0xffff, 0xffff, 0xffff, 0xffff, 0xffff, 0x9ac8, 0xffff, 0xffff, 0xffff, 0xffff, 0xa047,
	0xffff, 0xffff, 0xffff, 0xffff, 0xffff, 0xffff, 0xffff, 0xffff, 0xffff, 0xffff, 0xffff, 0xffff,
	0xffff, 0xffff, 0xffff, 0xffff, 0xffff, 0xffff, 0xffff, 0xffff, 0xffff, 0xffff, 0xffff, 0xffff,
	0xffff, 0xffff, 0xffff, 0xffff, 0xffff, 0xffff, 0xffff, 0xffff, 0xffff, 0xffff, 0xffff, 0xffff,
	0xffff, 0xffff, 0xffff, 0xffff, 0xffff, 0xffff, 0xffff, 0xffff, 0xffff, 0xffff, 0xffff, 0xffff,
	0xffff, 0xffff, 0xffff, 0xffff, 0xffff, 0xffff, 0xffff, 0x8bc3, 0xffff, 0xffff, 0xffff, 0xffff,
	0xffff, 0xffff, 0xffff, 0xffff, 0xffff, 0xffff, 0xffff, 0xffff, 0xffff, 0xffff, 0xffff, 0xffff,
	0xffff, 0xffff, 0xffff, 0xffff, 0xffff, 0xffff, 0xffff, 0xffff, 0xffff, 0xffff, 0xffff, 0xfc48,
	0xffff, 0xffff, 0xffff, 0xffff, 0xffff, 0xffff, 0xffff, 0xffff, 0xffff, 0xffff, 0xffff, 0xffff,
	0xffff, 0xffff, 0xffff, 0xffff, 0xffff, 0xfc77, 0xffff, 0xffff, 0xffff, 0xffff, 0xffff, 0xffff,
	0xffff, 0xffff, 0xffff, 0xffff, 0xffff, 0xffff, 0xffff, 0xffff, 0xffff, 0xffff, 0xffff, 0xffff,
	0xffff, 0xffff, 0xffff, 0xffff, 0xffff, 0xffff, 0xffff, 0xffff, 0xffff, 0xffff, 0xffff, 0xffff,
	0xffff, 0xffff, 0xffff, 0xffff, 0xffff, 0xffff, 0xffff, 0xffff, 0x9c52, 0x8efd, 0xffff, 0xffff,
	0xffff, 0xffff, 0xffff, 0xffff, 0xffff, 0xffff, 0xffff, 0xffff, 0xffff, 0xffff, 0xffff, 0xffff,
	0xffff, 0xffff, 0xffff, 0xffff, 0xffff, 0xffff, 0xffff, 0xffff, 0xffff, 0xffff, 0xffff, 0xffff,
	0xffff, 0xffff, 0xffff, 0x8fa8, 0xffff, 0xffff, 0xffff, 0xffff, 0xffff, 0xffff, 0xffff, 0xffff,
	0xffff, 0x957a, 0xffff, 0xffff, 0xffff, 0xffff, 0xffff, 0xffff, 0xffff, 0xffff, 0xffff, 0xffff,
	0xffff, 0xffff, 0xffff, 0xffff, 0xffff, 0xffff, 0xffff, 0xffff, 0xffff, 0xffff, 0xffff, 0xffff,
	0xffff, 0x8ff0,
}

var big5hkscs_decmap = [256]dbcsIndex{
	{},
	{},
	{},
	{},
	{},
	{},
	{},
	{},
	{},
	{},
	{},
	{},
	{},
	{},
	{},
	{},
	{},
	{},
	{},
	{},
	{},
	{},
	{},
	{},
	{},
	{},
	{},
	{},
	{},
	{},
	{},
	{},
	{},
	{},
	{},
	{},
	{},
	{},
	{},
	{},
	{},
	{},
	{},
	{},
	{},
	{},
	{},
	{},
	{},
	{},
	{},
	{},
	{},
	{},
	{},
	{},
	{},
	{},
	{},
	{},
	{},
	{},
	{},
	{},
	{},
	{},
	{},
	{},
	{},
	{},
	{},
	{},
	{},
	{},
	{},
	{},
	{},
	{},
	{},
	{},
	{},
	{},
	{},
	{},
	{},
	{},
	{},
	{},
	{},
	{},
	{},
	{},
	{},
	{},
	{},
	{},
	{},
	{},
	{},
	{},
	{},
	{},
	{},
	{},
	{},
	{},
	{},
	{},
	{},
	{},
	{},
	{},
	{},
	{},
	{},
	{},
	{},
	{},
	{},
	{},
	{},
	{},
	{},
	{},
	{},
	{},
	{},
	{},
	{},
	{},
	{},
	{},
	{},
	{},
	{},
	{Map: _big5hkscs_decmap_flat[0:], Bottom: 64, Top: 121},
	{Map: _big5hkscs_decmap_flat[58:], Bottom: 64, Top: 170},
	{Map: _big5hkscs_decmap_flat[165:], Bottom: 64, Top: 254},
	{Map: _big5hkscs_decmap_flat[356:], Bottom: 64, Top: 254},
	{Map: _big5hkscs_decmap_flat[547:], Bottom: 64, Top: 253},
	{Map: _big5hkscs_decmap_flat[737:], Bottom: 64, Top: 254},
	{Map: _big5hkscs_decmap_flat[928:], Bottom: 64, Top: 254},
	{Map: _big5hkscs_decmap_flat[1119:], Bottom: 64, Top: 254},
	{Map: _big5hkscs_decmap_flat[1310:], Bottom: 64, Top: 253},
	{Map: _big5hkscs_decmap_flat[1500:], Bottom: 64, Top: 254},
	{Map: _big5hkscs_decmap_flat[1691:], Bottom: 64, Top: 254},
	{Map: _big5hkscs_decmap_flat[1882:], Bottom: 64, Top: 254},
	{Map: _big5hkscs_decmap_flat[2073:], Bottom: 64, Top: 254},
	{Map: _big5hkscs_decmap_flat[2264:], Bottom: 64, Top: 254},
	{Map: _big5hkscs_decmap_flat[2455:], Bottom: 64, Top: 254},
	{Map: _big5hkscs_decmap_flat[2646:], Bottom: 64, Top: 254},
	{Map: _big5hkscs_decmap_flat[2837:], Bottom: 64, Top: 254},
	{Map: _big5hkscs_decmap_flat[3028:], Bottom: 64, Top: 254},
	{Map: _big5hkscs_decmap_flat[3219:], Bottom: 64, Top: 254},
	{Map: _big5hkscs_decmap_flat[3410:], Bottom: 64, Top: 254},
	{Map: _big5hkscs_decmap_flat[3601:], Bottom: 64, Top: 254},
	{Map: _big5hkscs_decmap_flat[3792:], Bottom: 64, Top: 254},
	{Map: _big5hkscs_decmap_flat[3983:], Bottom: 64, Top: 254},
	{Map: _big5hkscs_decmap_flat[4174:], Bottom: 64, Top: 254},
	{Map: _big5hkscs_decmap_flat[4365:], Bottom: 64, Top: 254},
	{Map: _big5hkscs_decmap_flat[4556:], Bottom: 64, Top: 254},
	{},
	{},
	{},
	{},
	{},
	{},
	{},
	{},
	{},
	{},
	{},
	{},
	{},
	{},
	{},
	{},
	{},
	{},
	{},
	{},
	{},
	{},
	{},
	{},
	{},
	{},
	{},
	{},
	{},
	{},
	{},
	{},
	{},
	{},
	{},
	{},
	{},
	{Map: _big5hkscs_decmap_flat[4747:], Bottom: 161, Top: 254},
	{Map: _big5hkscs_decmap_flat[4841:], Bottom: 64, Top: 254},
	{Map: _big5hkscs_decmap_flat[5032:], Bottom: 64, Top: 254},
	{},
	{},
	{},
	{},
	{},
	{},
	{},
	{},
	{},
	{},
	{},
	{},
	{},
	{},
	{},
	{},
	{},
	{},
	{},
	{},
	{},
	{},
	{},
	{},
	{},
	{},
	{},
	{},
	{},
	{},
	{},
	{},
	{},
	{},
	{},
	{},
	{},
	{},
	{},
	{},
	{},
	{},
	{},
	{},
	{},
	{},
	{},
	{},
	{Map: _big5hkscs_decmap_flat[5223:], Bottom: 214, Top: 254},
	{Map: _big5hkscs_decmap_flat[5264:], Bottom: 64, Top: 254},
	{Map: _big5hkscs_decmap_flat[5455:], Bottom: 64, Top: 254},
	{Map: _big5hkscs_decmap_flat[5646:], Bottom: 64, Top: 254},
	{Map: _big5hkscs_decmap_flat[5837:], Bottom: 64, Top: 254},
	{Map: _big5hkscs_decmap_flat[6028:], Bottom: 64, Top: 254},
	{},
}

var big5hkscs_bmp_encmap = [256]unimIndex{
	{Map: _big5hkscs_bmp_encmap_flat[0:], Bottom: 168, Top: 252},
	{Map: _big5hkscs_bmp_encmap_flat[85:], Bottom: 0, Top: 220},
	{Map: _big5hkscs_bmp_encmap_flat[306:], Bottom: 80, Top: 198},
	{},
	{Map: _big5hkscs_bmp_encmap_flat[425:], Bottom: 1, Top: 81},
	{},
	{},
	{},
	{},
	{},
	{},
	{},
	{},
	{},
	{},
	{},
	{},
	{},
	{},
	{},
	{},
	{},
	{},
	{},
	{},
	{},
	{},
	{},
	{},
	{},
	{Map: _big5hkscs_bmp_encmap_flat[506:], Bottom: 190, Top: 193},
	{},
	{},
	{Map: _big5hkscs_bmp_encmap_flat[510:], Bottom: 22, Top: 231},
	{},
	{Map: _big5hkscs_bmp_encmap_flat[720:], Bottom: 218, Top: 219},
	{Map: _big5hkscs_bmp_encmap_flat[722:], Bottom: 96, Top: 125},
	{Map: _big5hkscs_bmp_encmap_flat[752:], Bottom: 80, Top: 112},
	{},
	{Map: _big5hkscs_bmp_encmap_flat[785:], Bottom: 61, Top: 61},
	{},
	{},
	{},
	{},
	{},
	{},
	{Map: _big5hkscs_bmp_encmap_flat[786:], Bottom: 128, Top: 227},
	{Map: _big5hkscs_bmp_encmap_flat[886:], Bottom: 51, Top: 51},
	{Map: _big5hkscs_bmp_encmap_flat[887:], Bottom: 5, Top: 254},
	{Map: _big5hkscs_bmp_encmap_flat[1137:], Bottom: 192, Top: 207},
	{Map: _big5hkscs_bmp_encmap_flat[1153:], Bottom: 49, Top: 49},
	{},
	{Map: _big5hkscs_bmp_encmap_flat[1154:], Bottom: 53, Top: 251},
	{Map: _big5hkscs_bmp_encmap_flat[1353:], Bottom: 6, Top: 254},
	{Map: _big5hkscs_bmp_encmap_flat[1602:], Bottom: 9, Top: 245},
	{Map: _big5hkscs_bmp_encmap_flat[1839:], Bottom: 1, Top: 251},
	{Map: _big5hkscs_bmp_encmap_flat[2090:], Bottom: 15, Top: 250},
	{Map: _big5hkscs_bmp_encmap_flat[2326:], Bottom: 8, Top: 254},
	{Map: _big5hkscs_bmp_encmap_flat[2573:], Bottom: 1, Top: 251},
	{Map: _big5hkscs_bmp_encmap_flat[2824:], Bottom: 14, Top: 244},
	{Map: _big5hkscs_bmp_encmap_flat[3055:], Bottom: 13, Top: 239},
	{Map: _big5hkscs_bmp_encmap_flat[3282:], Bottom: 18, Top: 253},
	{Map: _big5hkscs_bmp_encmap_flat[3518:], Bottom: 6, Top: 255},
	{Map: _big5hkscs_bmp_encmap_flat[3768:], Bottom: 0, Top: 250},
	{Map: _big5hkscs_bmp_encmap_flat[4019:], Bottom: 4, Top: 250},
	{Map: _big5hkscs_bmp_encmap_flat[4266:], Bottom: 2, Top: 249},
	{Map: _big5hkscs_bmp_encmap_flat[4514:], Bottom: 17, Top: 252},
	{Map: _big5hkscs_bmp_encmap_flat[4750:], Bottom: 43, Top: 242},
	{Map: _big5hkscs_bmp_encmap_flat[4950:], Bottom: 1, Top: 244},
	{Map: _big5hkscs_bmp_encmap_flat[5194:], Bottom: 3, Top: 234},
	{Map: _big5hkscs_bmp_encmap_flat[5426:], Bottom: 3, Top: 247},
	{Map: _big5hkscs_bmp_encmap_flat[5671:], Bottom: 19, Top: 244},
	{Map: _big5hkscs_bmp_encmap_flat[5897:], Bottom: 0, Top: 250},
	{Map: _big5hkscs_bmp_encmap_flat[6148:], Bottom: 6, Top: 231},
	{Map: _big5hkscs_bmp_encmap_flat[6374:], Bottom: 15, Top: 255},
	{Map: _big5hkscs_bmp_encmap_flat[6615:], Bottom: 16, Top: 192},
	{Map: _big5hkscs_bmp_encmap_flat[6792:], Bottom: 4, Top: 237},
	{Map: _big5hkscs_bmp_encmap_flat[7026:], Bottom: 7, Top: 156},
	{Map: _big5hkscs_bmp_encmap_flat[7176:], Bottom: 4, Top: 248},
	{Map: _big5hkscs_bmp_encmap_flat[7421:], Bottom: 3, Top: 253},
	{Map: _big5hkscs_bmp_encmap_flat[7672:], Bottom: 3, Top: 252},
	{Map: _big5hkscs_bmp_encmap_flat[7922:], Bottom: 1, Top: 254},
	{Map: _big5hkscs_bmp_encmap_flat[8176:], Bottom: 2, Top: 249},
	{Map: _big5hkscs_bmp_encmap_flat[8424:], Bottom: 1, Top: 254},
	{Map: _big5hkscs_bmp_encmap_flat[8678:], Bottom: 19, Top: 239},
	{Map: _big5hkscs_bmp_encmap_flat[8899:], Bottom: 2, Top: 251},
	{Map: _big5hkscs_bmp_encmap_flat[9149:], Bottom: 5, Top: 253},
	{Map: _big5hkscs_bmp_encmap_flat[9398:], Bottom: 0, Top: 254},
	{Map: _big5hkscs_bmp_encmap_flat[9653:], Bottom: 3, Top: 251},
	{Map: _big5hkscs_bmp_encmap_flat[9902:], Bottom: 2, Top: 249},
	{Map: _big5hkscs_bmp_encmap_flat[10150:], Bottom: 2, Top: 254},
	{Map: _big5hkscs_bmp_encmap_flat[10403:], Bottom: 13, Top: 255},
	{Map: _big5hkscs_bmp_encmap_flat[10646:], Bottom: 5, Top: 252},
	{Map: _big5hkscs_bmp_encmap_flat[10894:], Bottom: 16, Top: 245},
	{Map: _big5hkscs_bmp_encmap_flat[11124:], Bottom: 9, Top: 252},
	{Map: _big5hkscs_bmp_encmap_flat[11368:], Bottom: 12, Top: 223},
	{Map: _big5hkscs_bmp_encmap_flat[11580:], Bottom: 35, Top: 253},
	{Map: _big5hkscs_bmp_encmap_flat[11799:], Bottom: 7, Top: 226},
	{Map: _big5hkscs_bmp_encmap_flat[12019:], Bottom: 44, Top: 229},
	{Map: _big5hkscs_bmp_encmap_flat[12205:], Bottom: 24, Top: 254},
	{Map: _big5hkscs_bmp_encmap_flat[12436:], Bottom: 7, Top: 234},
	{Map: _big5hkscs_bmp_encmap_flat[12664:], Bottom: 10, Top: 255},
	{Map: _big5hkscs_bmp_encmap_flat[12910:], Bottom: 24, Top: 241},
	{Map: _big5hkscs_bmp_encmap_flat[13128:], Bottom: 2, Top: 254},
	{Map: _big5hkscs_bmp_encmap_flat[13381:], Bottom: 0, Top: 202},
	{Map: _big5hkscs_bmp_encmap_flat[13584:], Bottom: 0, Top: 250},
	{Map: _big5hkscs_bmp_encmap_flat[13835:], Bottom: 3, Top: 246},
	{Map: _big5hkscs_bmp_encmap_flat[14079:], Bottom: 5, Top: 250},
	{Map: _big5hkscs_bmp_encmap_flat[14325:], Bottom: 28, Top: 255},
	{Map: _big5hkscs_bmp_encmap_flat[14553:], Bottom: 2, Top: 254},
	{Map: _big5hkscs_bmp_encmap_flat[14806:], Bottom: 2, Top: 250},
	{Map: _big5hkscs_bmp_encmap_flat[15055:], Bottom: 4, Top: 248},
	{Map: _big5hkscs_bmp_encmap_flat[15300:], Bottom: 3, Top: 254},
	{Map: _big5hkscs_bmp_encmap_flat[15552:], Bottom: 5, Top: 246},
	{Map: _big5hkscs_bmp_encmap_flat[15794:], Bottom: 0, Top: 226},
	{Map: _big5hkscs_bmp_encmap_flat[16021:], Bottom: 2, Top: 251},
	{Map: _big5hkscs_bmp_encmap_flat[16271:], Bottom: 2, Top: 248},
	{Map: _big5hkscs_bmp_encmap_flat[16518:], Bottom: 5, Top: 220},
	{Map: _big5hkscs_bmp_encmap_flat[16734:], Bottom: 2, Top: 217},
	{Map: _big5hkscs_bmp_encmap_flat[16950:], Bottom: 12, Top: 254},
	{Map: _big5hkscs_bmp_encmap_flat[17193:], Bottom: 8, Top: 245},
	{Map: _big5hkscs_bmp_encmap_flat[17431:], Bottom: 6, Top: 244},
	{Map: _big5hkscs_bmp_encmap_flat[17670:], Bottom: 6, Top: 254},
	{Map: _big5hkscs_bmp_encmap_flat[17919:], Bottom: 11, Top: 252},
	{Map: _big5hkscs_bmp_encmap_flat[18161:], Bottom: 18, Top: 252},
	{Map: _big5hkscs_bmp_encmap_flat[18396:], Bottom: 37, Top: 254},
	{Map: _big5hkscs_bmp_encmap_flat[18614:], Bottom: 7, Top: 223},
	{Map: _big5hkscs_bmp_encmap_flat[18831:], Bottom: 6, Top: 250},
	{Map: _big5hkscs_bmp_encmap_flat[19076:], Bottom: 2, Top: 246},
	{Map: _big5hkscs_bmp_encmap_flat[19321:], Bottom: 3, Top: 246},
	{Map: _big5hkscs_bmp_encmap_flat[19565:], Bottom: 24, Top: 255},
	{Map: _big5hkscs_bmp_encmap_flat[19797:], Bottom: 11, Top: 237},
	{Map: _big5hkscs_bmp_encmap_flat[20024:], Bottom: 5, Top: 248},
	{Map: _big5hkscs_bmp_encmap_flat[20268:], Bottom: 3, Top: 252},
	{Map: _big5hkscs_bmp_encmap_flat[20518:], Bottom: 2, Top: 239},
	{Map: _big5hkscs_bmp_encmap_flat[20756:], Bottom: 112, Top: 245},
	{Map: _big5hkscs_bmp_encmap_flat[20890:], Bottom: 4, Top: 255},
	{Map: _big5hkscs_bmp_encmap_flat[21142:], Bottom: 0, Top: 231},
	{Map: _big5hkscs_bmp_encmap_flat[21374:], Bottom: 28, Top: 249},
	{Map: _big5hkscs_bmp_encmap_flat[21596:], Bottom: 12, Top: 226},
	{Map: _big5hkscs_bmp_encmap_flat[21811:], Bottom: 81, Top: 247},
	{Map: _big5hkscs_bmp_encmap_flat[21978:], Bottom: 3, Top: 212},
	{Map: _big5hkscs_bmp_encmap_flat[22188:], Bottom: 1, Top: 242},
	{Map: _big5hkscs_bmp_encmap_flat[22430:], Bottom: 25, Top: 249},
	{Map: _big5hkscs_bmp_encmap_flat[22655:], Bottom: 8, Top: 196},
	{Map: _big5hkscs_bmp_encmap_flat[22844:], Bottom: 81, Top: 254},
	{Map: _big5hkscs_bmp_encmap_flat[23018:], Bottom: 8, Top: 253},
	{Map: _big5hkscs_bmp_encmap_flat[23264:], Bottom: 3, Top: 244},
	{Map: _big5hkscs_bmp_encmap_flat[23506:], Bottom: 1, Top: 246},
	{Map: _big5hkscs_bmp_encmap_flat[23752:], Bottom: 45, Top: 244},
	{Map: _big5hkscs_bmp_encmap_flat[23952:], Bottom: 29, Top: 244},
	{Map: _big5hkscs_bmp_encmap_flat[24168:], Bottom: 3, Top: 245},
	{Map: _big5hkscs_bmp_encmap_flat[24411:], Bottom: 20, Top: 245},
	{Map: _big5hkscs_bmp_encmap_flat[24637:], Bottom: 14, Top: 245},
	{Map: _big5hkscs_bmp_encmap_flat[24869:], Bottom: 12, Top: 255},
	{Map: _big5hkscs_bmp_encmap_flat[25113:], Bottom: 2, Top: 255},
	{Map: _big5hkscs_bmp_encmap_flat[25367:], Bottom: 2, Top: 124},
	{Map: _big5hkscs_bmp_encmap_flat[25490:], Bottom: 2, Top: 252},
	{Map: _big5hkscs_bmp_encmap_flat[25741:], Bottom: 10, Top: 254},
	{Map: _big5hkscs_bmp_encmap_flat[25986:], Bottom: 2, Top: 179},
	{},
	{},
	{},
	{},
	{},
	{},
	{},
	{},
	{},
	{},
	{},
	{},
	{},
	{},
	{},
	{},
	{},
	{},
	{},
	{},
	{},
	{},
	{},
	{},
	{},
	{},
	{},
	{},
	{},
	{},
	{},
	{},
	{},
	{},
	{},
	{},
	{},
	{},
	{},
	{},
	{},
	{},
	{},
	{},
	{},
	{},
	{},
	{},
	{},
	{},
	{},
	{},
	{},
	{},
	{},
	{},
	{},
	{},
	{},
	{},
	{},
	{},
	{},
	{},
	{},
	{},
	{},
	{},
	{},
	{},
	{},
	{},
	{},
	{},
	{},
	{},
	{},
	{},
	{},
	{},
	{},
	{},
	{},
	{},
	{},
	{},
	{},
	{},
	{},
	{Map: _big5hkscs_bmp_encmap_flat[26164:], Bottom: 7, Top: 7},
	{},
	{},
	{},
	{},
	{},
	{Map: _big5hkscs_bmp_encmap_flat[26165:], Bottom: 2, Top: 237},
}

var big5hkscs_nonbmp_encmap = [256]unimIndex{
	{Map: _big5hkscs_nonbmp_encmap_flat[0:], Bottom: 33, Top: 238},
	{Map: _big5hkscs_nonbmp_encmap_flat[206:], Bottom: 12, Top: 242},
	{Map: _big5hkscs_nonbmp_encmap_flat[437:], Bottom: 4, Top: 229},
	{Map: _big5hkscs_nonbmp_encmap_flat[663:], Bottom: 10, Top: 252},
	{Map: _big5hkscs_nonbmp_encmap_flat[906:], Bottom: 19, Top: 254},
	{Map: _big5hkscs_nonbmp_encmap_flat[1142:], Bottom: 71, Top: 235},
	{Map: _big5hkscs_nonbmp_encmap_flat[1307:], Bottom: 17, Top: 118},
	{Map: _big5hkscs_nonbmp_encmap_flat[1409:], Bottom: 14, Top: 121},
	{Map: _big5hkscs_nonbmp_encmap_flat[1517:], Bottom: 44, Top: 213},
	{Map: _big5hkscs_nonbmp_encmap_flat[1687:], Bottom: 22, Top: 231},
	{Map: _big5hkscs_nonbmp_encmap_flat[1897:], Bottom: 17, Top: 205},
	{Map: _big5hkscs_nonbmp_encmap_flat[2086:], Bottom: 13, Top: 255},
	{Map: _big5hkscs_nonbmp_encmap_flat[2329:], Bottom: 11, Top: 255},
	{Map: _big5hkscs_nonbmp_encmap_flat[2574:], Bottom: 21, Top: 200},
	{Map: _big5hkscs_nonbmp_encmap_flat[2754:], Bottom: 4, Top: 251},
	{Map: _big5hkscs_nonbmp_encmap_flat[3002:], Bottom: 29, Top: 237},
	{Map: _big5hkscs_nonbmp_encmap_flat[3211:], Bottom: 20, Top: 246},
	{Map: _big5hkscs_nonbmp_encmap_flat[3438:], Bottom: 47, Top: 217},
	{Map: _big5hkscs_nonbmp_encmap_flat[3609:], Bottom: 60, Top: 254},
	{Map: _big5hkscs_nonbmp_encmap_flat[3804:], Bottom: 2, Top: 254},
	{Map: _big5hkscs_nonbmp_encmap_flat[4057:], Bottom: 19, Top: 253},
	{Map: _big5hkscs_nonbmp_encmap_flat[4292:], Bottom: 119, Top: 150},
	{Map: _big5hkscs_nonbmp_encmap_flat[4324:], Bottom: 10, Top: 254},
	{Map: _big5hkscs_nonbmp_encmap_flat[4569:], Bottom: 13, Top: 252},
	{Map: _big5hkscs_nonbmp_encmap_flat[4809:], Bottom: 32, Top: 250},
	{Map: _big5hkscs_nonbmp_encmap_flat[5028:], Bottom: 3, Top: 243},
	{Map: _big5hkscs_nonbmp_encmap_flat[5269:], Bottom: 45, Top: 99},
	{Map: _big5hkscs_nonbmp_encmap_flat[5324:], Bottom: 68, Top: 194},
	{Map: _big5hkscs_nonbmp_encmap_flat[5451:], Bottom: 42, Top: 172},
	{Map: _big5hkscs_nonbmp_encmap_flat[5582:], Bottom: 70, Top: 249},
	{Map: _big5hkscs_nonbmp_encmap_flat[5762:], Bottom: 28, Top: 213},
	{Map: _big5hkscs_nonbmp_encmap_flat[5948:], Bottom: 15, Top: 232},
	{Map: _big5hkscs_nonbmp_encmap_flat[6166:], Bottom: 69, Top: 252},
	{Map: _big5hkscs_nonbmp_encmap_flat[6350:], Bottom: 42, Top: 195},
	{Map: _big5hkscs_nonbmp_encmap_flat[6504:], Bottom: 8, Top: 124},
	{Map: _big5hkscs_nonbmp_encmap_flat[6621:], Bottom: 33, Top: 250},
	{Map: _big5hkscs_nonbmp_encmap_flat[6839:], Bottom: 101, Top: 237},
	{Map: _big5hkscs_nonbmp_encmap_flat[6976:], Bottom: 19, Top: 190},
	{Map: _big5hkscs_nonbmp_encmap_flat[7148:], Bottom: 27, Top: 246},
	{Map: _big5hkscs_nonbmp_encmap_flat[7368:], Bottom: 18, Top: 205},
	{Map: _big5hkscs_nonbmp_encmap_flat[7556:], Bottom: 3, Top: 247},
	{Map: _big5hkscs_nonbmp_encmap_flat[7801:], Bottom: 38, Top: 147},
	{Map: _big5hkscs_nonbmp_encmap_flat[7911:], Bottom: 102, Top: 232},
	{Map: _big5hkscs_nonbmp_encmap_flat[8042:], Bottom: 14, Top: 206},
	{Map: _big5hkscs_nonbmp_encmap_flat[8235:], Bottom: 38, Top: 201},
	{Map: _big5hkscs_nonbmp_encmap_flat[8399:], Bottom: 7, Top: 238},
	{Map: _big5hkscs_nonbmp_encmap_flat[8631:], Bottom: 13, Top: 239},
	{Map: _big5hkscs_nonbmp_encmap_flat[8858:], Bottom: 116, Top: 227},
	{Map: _big5hkscs_nonbmp_encmap_flat[8970:], Bottom: 51, Top: 218},
	{Map: _big5hkscs_nonbmp_encmap_flat[9138:], Bottom: 3, Top: 249},
	{Map: _big5hkscs_nonbmp_encmap_flat[9385:], Bottom: 15, Top: 225},
	{Map: _big5hkscs_nonbmp_encmap_flat[9596:], Bottom: 0, Top: 254},
	{Map: _big5hkscs_nonbmp_encmap_flat[9851:], Bottom: 0, Top: 229},
	{Map: _big5hkscs_nonbmp_encmap_flat[10081:], Bottom: 25, Top: 243},
	{Map: _big5hkscs_nonbmp_encmap_flat[10300:], Bottom: 0, Top: 238},
	{Map: _big5hkscs_nonbmp_encmap_flat[10539:], Bottom: 3, Top: 215},
	{Map: _big5hkscs_nonbmp_encmap_flat[10752:], Bottom: 58, Top: 58},
	{Map: _big5hkscs_nonbmp_encmap_flat[10753:], Bottom: 194, Top: 194},
	{Map: _big5hkscs_nonbmp_encmap_flat[10754:], Bottom: 167, Top: 250},
	{Map: _big5hkscs_nonbmp_encmap_flat[10838:], Bottom: 26, Top: 90},
	{Map: _big5hkscs_nonbmp_encmap_flat[10903:], Bottom: 99, Top: 255},
	{Map: _big5hkscs_nonbmp_encmap_flat[11060:], Bottom: 64, Top: 248},
	{Map: _big5hkscs_nonbmp_encmap_flat[11245:], Bottom: 6, Top: 252},
	{Map: _big5hkscs_nonbmp_encmap_flat[11492:], Bottom: 53, Top: 240},
	{Map: _big5hkscs_nonbmp_encmap_flat[11680:], Bottom: 17, Top: 236},
	{Map: _big5hkscs_nonbmp_encmap_flat[11900:], Bottom: 4, Top: 252},
	{Map: _big5hkscs_nonbmp_encmap_flat[12149:], Bottom: 27, Top: 250},
	{Map: _big5hkscs_nonbmp_encmap_flat[12373:], Bottom: 13, Top: 248},
	{Map: _big5hkscs_nonbmp_encmap_flat[12609:], Bottom: 4, Top: 214},
	{Map: _big5hkscs_nonbmp_encmap_flat[12820:], Bottom: 5, Top: 200},
	{Map: _big5hkscs_nonbmp_encmap_flat[13016:], Bottom: 24, Top: 212},
	{Map: _big5hkscs_nonbmp_encmap_flat[13205:], Bottom: 6, Top: 224},
	{Map: _big5hkscs_nonbmp_encmap_flat[13424:], Bottom: 18, Top: 255},
	{Map: _big5hkscs_nonbmp_encmap_flat[13662:], Bottom: 0, Top: 251},
	{Map: _big5hkscs_nonbmp_encmap_flat[13914:], Bottom: 14, Top: 233},
	{Map: _big5hkscs_nonbmp_encmap_flat[14134:], Bottom: 15, Top: 245},
	{Map: _big5hkscs_nonbmp_encmap_flat[14365:], Bottom: 9, Top: 217},
	{Map: _big5hkscs_nonbmp_encmap_flat[14574:], Bottom: 6, Top: 235},
	{Map: _big5hkscs_nonbmp_encmap_flat[14804:], Bottom: 59, Top: 167},
	{Map: _big5hkscs_nonbmp_encmap_flat[14913:], Bottom: 14, Top: 194},
	{Map: _big5hkscs_nonbmp_encmap_flat[15094:], Bottom: 44, Top: 157},
	{Map: _big5hkscs_nonbmp_encmap_flat[15208:], Bottom: 43, Top: 231},
	{Map: _big5hkscs_nonbmp_encmap_flat[15397:], Bottom: 32, Top: 216},
	{Map: _big5hkscs_nonbmp_encmap_flat[15582:], Bottom: 14, Top: 19},
	{Map: _big5hkscs_nonbmp_encmap_flat[15588:], Bottom: 25, Top: 154},
	{Map: _big5hkscs_nonbmp_encmap_flat[15718:], Bottom: 49, Top: 224},
	{Map: _big5hkscs_nonbmp_encmap_flat[15894:], Bottom: 5, Top: 246},
	{Map: _big5hkscs_nonbmp_encmap_flat[16136:], Bottom: 6, Top: 225},
	{Map: _big5hkscs_nonbmp_encmap_flat[16356:], Bottom: 87, Top: 225},
	{Map: _big5hkscs_nonbmp_encmap_flat[16495:], Bottom: 3, Top: 204},
	{Map: _big5hkscs_nonbmp_encmap_flat[16697:], Bottom: 84, Top: 233},
	{Map: _big5hkscs_nonbmp_encmap_flat[16847:], Bottom: 116, Top: 232},
	{Map: _big5hkscs_nonbmp_encmap_flat[16964:], Bottom: 1, Top: 254},
	{Map: _big5hkscs_nonbmp_encmap_flat[17218:], Bottom: 32, Top: 67},
	{Map: _big5hkscs_nonbmp_encmap_flat[17254:], Bottom: 14, Top: 216},
	{Map: _big5hkscs_nonbmp_encmap_flat[17457:], Bottom: 26, Top: 226},
	{Map: _big5hkscs_nonbmp_encmap_flat[17658:], Bottom: 41, Top: 165},
	{Map: _big5hkscs_nonbmp_encmap_flat[17783:], Bottom: 2, Top: 221},
	{Map: _big5hkscs_nonbmp_encmap_flat[18003:], Bottom: 88, Top: 208},
	{Map: _big5hkscs_nonbmp_encmap_flat[18124:], Bottom: 53, Top: 248},
	{Map: _big5hkscs_nonbmp_encmap_flat[18320:], Bottom: 2, Top: 152},
	{Map: _big5hkscs_nonbmp_encmap_flat[18471:], Bottom: 18, Top: 191},
	{Map: _big5hkscs_nonbmp_encmap_flat[18645:], Bottom: 18, Top: 252},
	{Map: _big5hkscs_nonbmp_encmap_flat[18880:], Bottom: 22, Top: 204},
	{Map: _big5hkscs_nonbmp_encmap_flat[19063:], Bottom: 28, Top: 199},
	{Map: _big5hkscs_nonbmp_encmap_flat[19235:], Bottom: 14, Top: 250},
	{Map: _big5hkscs_nonbmp_encmap_flat[19472:], Bottom: 45, Top: 82},
	{Map: _big5hkscs_nonbmp_encmap_flat[19510:], Bottom: 5, Top: 247},
	{Map: _big5hkscs_nonbmp_encmap_flat[19753:], Bottom: 33, Top: 209},
	{Map: _big5hkscs_nonbmp_encmap_flat[19930:], Bottom: 34, Top: 240},
	{Map: _big5hkscs_nonbmp_encmap_flat[20137:], Bottom: 0, Top: 215},
	{Map: _big5hkscs_nonbmp_encmap_flat[20353:], Bottom: 38, Top: 223},
	{Map: _big5hkscs_nonbmp_encmap_flat[20539:], Bottom: 14, Top: 248},
	{Map: _big5hkscs_nonbmp_encmap_flat[20774:], Bottom: 9, Top: 205},
	{Map: _big5hkscs_nonbmp_encmap_flat[20971:], Bottom: 27, Top: 230},
	{Map: _big5hkscs_nonbmp_encmap_flat[21175:], Bottom: 82, Top: 255},
	{Map: _big5hkscs_nonbmp_encmap_flat[21349:], Bottom: 34, Top: 134},
	{Map: _big5hkscs_nonbmp_encmap_flat[21450:], Bottom: 116, Top: 254},
	{Map: _big5hkscs_nonbmp_encmap_flat[21589:], Bottom: 7, Top: 148},
	{Map: _big5hkscs_nonbmp_encmap_flat[21731:], Bottom: 15, Top: 204},
	{Map: _big5hkscs_nonbmp_encmap_flat[21921:], Bottom: 88, Top: 200},
	{Map: _big5hkscs_nonbmp_encmap_flat[22034:], Bottom: 36, Top: 253},
	{Map: _big5hkscs_nonbmp_encmap_flat[22252:], Bottom: 10, Top: 244},
	{Map: _big5hkscs_nonbmp_encmap_flat[22487:], Bottom: 6, Top: 244},
	{Map: _big5hkscs_nonbmp_encmap_flat[22726:], Bottom: 18, Top: 197},
	{Map: _big5hkscs_nonbmp_encmap_flat[22906:], Bottom: 47, Top: 220},
	{Map: _big5hkscs_nonbmp_encmap_flat[23080:], Bottom: 77, Top: 79},
	{Map: _big5hkscs_nonbmp_encmap_flat[23083:], Bottom: 46, Top: 249},
	{Map: _big5hkscs_nonbmp_encmap_flat[23287:], Bottom: 2, Top: 244},
	{Map: _big5hkscs_nonbmp_encmap_flat[23530:], Bottom: 46, Top: 188},
	{Map: _big5hkscs_nonbmp_encmap_flat[23673:], Bottom: 7, Top: 226},
	{Map: _big5hkscs_nonbmp_encmap_flat[23893:], Bottom: 6, Top: 138},
	{Map: _big5hkscs_nonbmp_encmap_flat[24026:], Bottom: 18, Top: 130},
	{Map: _big5hkscs_nonbmp_encmap_flat[24139:], Bottom: 1, Top: 244},
	{Map: _big5hkscs_nonbmp_encmap_flat[24383:], Bottom: 0, Top: 230},
	{Map: _big5hkscs_nonbmp_encmap_flat[24614:], Bottom: 15, Top: 19},
	{Map: _big5hkscs_nonbmp_encmap_flat[24619:], Bottom: 4, Top: 43},
	{Map: _big5hkscs_nonbmp_encmap_flat[24659:], Bottom: 51, Top: 252},
	{Map: _big5hkscs_nonbmp_encmap_flat[24861:], Bottom: 15, Top: 252},
	{Map: _big5hkscs_nonbmp_encmap_flat[25099:], Bottom: 12, Top: 255},
	{Map: _big5hkscs_nonbmp_encmap_flat[25343:], Bottom: 3, Top: 210},
	{Map: _big5hkscs_nonbmp_encmap_flat[25551:], Bottom: 52, Top: 185},
	{Map: _big5hkscs_nonbmp_encmap_flat[25685:], Bottom: 15, Top: 231},
	{Map: _big5hkscs_nonbmp_encmap_flat[25902:], Bottom: 197, Top: 197},
	{Map: _big5hkscs_nonbmp_encmap_flat[25903:], Bottom: 121, Top: 237},
	{Map: _big5hkscs_nonbmp_encmap_flat[26020:], Bottom: 13, Top: 235},
	{},
	{},
	{Map: _big5hkscs_nonbmp_encmap_flat[26243:], Bottom: 29, Top: 231},
	{Map: _big5hkscs_nonbmp_encmap_flat[26446:], Bottom: 158, Top: 244},
	{},
	{Map: _big5hkscs_nonbmp_encmap_flat[26533:], Bottom: 32, Top: 212},
	{Map: _big5hkscs_nonbmp_encmap_flat[26714:], Bottom: 16, Top: 250},
	{Map: _big5hkscs_nonbmp_encmap_flat[26949:], Bottom: 3, Top: 201},
	{Map: _big5hkscs_nonbmp_encmap_flat[27148:], Bottom: 40, Top: 77},
	{Map: _big5hkscs_nonbmp_encmap_flat[27186:], Bottom: 5, Top: 213},
	{Map: _big5hkscs_nonbmp_encmap_flat[27395:], Bottom: 115, Top: 173},
	{Map: _big5hkscs_nonbmp_encmap_flat[27454:], Bottom: 62, Top: 246},
	{Map: _big5hkscs_nonbmp_encmap_flat[27639:], Bottom: 6, Top: 248},
	{Map: _big5hkscs_nonbmp_encmap_flat[27882:], Bottom: 35, Top: 222},
	{Map: _big5hkscs_nonbmp_encmap_flat[28070:], Bottom: 20, Top: 254},
	{Map: _big5hkscs_nonbmp_encmap_flat[28305:], Bottom: 7, Top: 245},
	{Map: _big5hkscs_nonbmp_encmap_flat[28544:], Bottom: 32, Top: 255},
	{Map: _big5hkscs_nonbmp_encmap_flat[28768:], Bottom: 81, Top: 169},
	{Map: _big5hkscs_nonbmp_encmap_flat[28857:], Bottom: 52, Top: 91},
	{Map: _big5hkscs_nonbmp_encmap_flat[28897:], Bottom: 198, Top: 203},
	{Map: _big5hkscs_nonbmp_encmap_flat[28903:], Bottom: 1, Top: 169},
	{},
	{},
	{},
	{},
	{},
	{},
	{},
	{},
	{},
	{},
	{},
	{},
	{},
	{},
	{},
	{},
	{},
	{},
	{},
	{},
	{},
	{},
	{},
	{},
	{},
	{},
	{},
	{},
	{},
	{},
	{},
	{},
	{},
	{},
	{},
	{},
	{},
	{},
	{},
	{},
	{},
	{},
	{},
	{},
	{},
	{},
	{},
	{},
	{},
	{},
	{},
	{},
	{},
	{},
	{},
	{},
	{},
	{},
	{},
	{},
	{},
	{},
	{},
	{},
	{},
	{},
	{},
	{},
	{},
	{},
	{},
	{},
	{},
	{},
	{},
	{},
	{},
	{},
	{},
	{},
	{},
	{Map: _big5hkscs_nonbmp_encmap_flat[29072:], Bottom: 37, Top: 205},
	{Map: _big5hkscs_nonbmp_encmap_flat[29241:], Bottom: 148, Top: 212},
	{},
	{},
	{},
	{},
	{},
	{},
}
